PC1,PC2
1.7566202118313186,-0.6011454891930379
3.2584108470766138,-0.7927953381943418
2.2767911730983523,-0.2923599909915424
0.1917171542835371,-0.2250248216012381
-3.474622325958274,-0.7247405271541947
2.0283155378325572,-0.7409829033018287
1.362892791214837,-0.03739512794529061
2.60215083687482,-0.3295580277098865
-0.8391775402935002,-0.46769447471370623
-2.0647412216681023,-0.0012946171539941272
-1.4835146768659946,-0.6254870688295965
0.6192204069169512,-0.42114783882755263
-2.1567498810960957,-0.8420100566253261
0.3433959779468392,-1.012670003053791
1.977828829289108,0.0314326796046057
-2.703960377107408,-1.0508073836607739
2.5956031082069515,-1.0917238132869342
-2.4882708995648217,-1.183253558168455
2.5973989520545357,-0.17787178344585983
-1.550997427796623,-0.09557052755598552
-2.5361604043679704,-1.025361327232843
-1.9311591958272467,-0.9880335884304767
-2.687585632532957,0.010661345052070467
2.7324435729358783,-0.5978610419900355
1.4594018115195677,-0.695612960467934
2.567215050285099,-0.2719571012241145
2.642296704414081,-0.9036743213566758
0.5336751340940817,-0.19481952195844512
1.7212509634571087,-0.6324723355769246
-1.298184912560421,0.5446189373100004
-2.239050767982299,-0.1957901405244684
2.604126689216906,0.2101941443653479
-2.7588423183065856,-0.7498622852560929
2.0346416599331403,0.14741154936205947
-2.3895319748430213,-0.7223395235678429
-2.074532528147328,-0.38867561112653565
-1.1661019919543494,-0.6733220127843351
-1.8370657678400888,-0.18706647774527213
2.306696238908197,-0.01498214267372365
-2.5416689617389694,-0.49623563570582097
0.35551805724260854,-0.4154260873392927
-2.61597733450231,-0.2207384464816185
0.9750328246857927,-1.1580438916912905
-1.9742777775039868,-0.5308803511776277
-2.5507711420467443,-0.40498050025872173
-0.3388832589750547,-0.3665393406886362
2.0854882479676085,-0.1299954913506943
-1.933063234551585,-0.37995349825548
-1.8703083148758666,-0.4939641259876638
2.449041174439634,0.38201814371499054
-1.891762067539264,-0.07090660114937028
-2.7717430847591586,-0.061516378748385385
-2.1131891451536884,-0.2250584850976206
0.7037259501578371,-0.8314739924022793
3.6537096993105003,-0.19712113160906472
-2.1458932427325164,-0.5114366036167781
0.5975859164944243,0.056477014741798635
-2.738291092018951,0.18734255876669545
0.8977127273620075,5.318692006030826
-2.2604412630720665,-0.6555613344882705
-2.0456112445156216,-0.4821309917584877
2.4223223992557092,0.036377700832491505
-1.899255836611375,0.3169041381622917
1.719580970057141,0.28894525377150815
3.6619622329703354,3.634591438372569
-1.5244962305143213,0.14687575646925255
1.2529620526376566,-0.21914032923339358
2.424524371722227,-0.3536152536354004
-3.8641585528070985,-1.0561963765632887
-1.5500593459972958,-0.3578514677132876
-1.8316846981607096,-0.49378200940128214
1.986832503650036,-0.2097149577583595
2.156238067816613,-0.2131895607694038
-2.1567860427023455,-0.38663779884193417
2.819883357384454,-0.7893126050095947
-1.9809562813944466,-0.7570203769584903
5.799304285588333,2.3193543917218937
4.776489539187223,0.5573036579583673
-3.0483118059012684,-0.7318447842466578
2.6606431574846994,-0.6357724477304776
-1.7173849184216021,0.42986645884039215
2.189143170920165,-0.7936947471051043
-2.701348250930678,-0.8825537722417387
-2.672424672700178,-0.11797413563560202
-2.093583557548275,0.25161554492830146
1.2380053780057223,0.09069144121654166
-0.5959727378312842,-0.0379114533932879
-3.3849566867025915,-0.8074520790130667
-2.6782538564612293,-0.9861822522697665
-2.580294685930951,-1.0179120182571515
0.5367769410275145,-0.6639655986175368
0.09959392415313054,4.706649274196331
4.36011761712732,-0.10883674180468444
2.3057974965818735,-1.0807038882260394
-2.3133494419619893,-0.736091891379219
-2.035438801655395,-0.2433142955563166
0.6006555562187119,-0.4478049552713511
1.8607709499679657,-0.7019896521998272
-1.6707088976383846,-1.1555686821929676
-1.0528018899881024,-0.4026553763723897
-2.706399525118854,-0.2259708970902223
1.3074938177583597,-0.16470470237855897
0.8223862832527208,0.10572893860491467
3.012594184248545,-0.4828801770632197
-3.0647549314396922,-1.3095437273883135
2.987749281958396,-0.7421902912891241
2.7692205310774183,-0.5412606931905655
1.5025204144108766,-1.0967631588806699
3.3626383879781794,-0.41152692467493723
-3.147747149651302,-0.6625023086184256
-1.285315989326138,-0.4869924939212015
1.107000126068306,-0.2849915275256057
2.071430799944956,-0.26338845060054306
1.8169718327894264,-0.8310394425275788
3.950004010204428,-0.601714362713932
-2.173051950416823,0.2196755624010218
-1.7162282599331125,-1.1042373109196422
-3.0209813772112404,-0.567224111462206
-2.6792639978197594,-0.6341484520861206
-1.5565269263873287,0.02292297815168167
-2.292586232363372,-0.1260212963926384
-3.405738979662313,-1.0810646456922237
-0.25682896248581083,-0.40668073580653136
2.2051641362814993,0.11259211800127561
-2.9748798710374134,-0.4435885175816742
2.6615866926050673,-0.6824881353226089
0.6495320908289294,-0.8208424894797075
-3.422064559250838,-0.5197314623629385
-2.2323042064425658,-0.48844926821463797
2.7851641305912285,-0.5884629646595088
-2.3448588462389703,-0.15117734545947528
-3.398283958249649,0.6630754364085042
1.064705078549686,-0.4719515757761256
1.5744666859134773,0.7312914322656666
-3.040576127095424,-0.8868003915194016
-2.7562935588983852,-0.7758697422175596
2.750937541618493,0.48972255323754016
1.2519950294297189,-0.0875843483303519
-2.3673758998789167,0.057692531379247534
3.096886557544073,-0.14139723797075043
2.661128223231065,-0.5217337069269838
2.4713063776213695,-0.5598603234849581
3.994605097864473,-0.17602335856106152
-1.6822943010485347,-0.9529354657763272
1.2012441398846418,-0.1414843486186632
2.632138450721913,-1.170524748297822
2.884748366905411,-0.018408718951142846
-3.54178008927668,0.4930021859227333
-2.7983621681552453,0.2101666129113859
-2.8074019693609795,-0.5761087563398133
-0.7661940835985823,9.79594117473052
-2.7796977733966757,-0.4867590178547192
0.6392090681910106,-0.42305419072144856
1.955846248557132,-0.22132233705779125
-3.214075679481056,-0.015201642941093198
-0.7909167523175371,11.787082772862771
-3.278066433041142,-1.0875436251744668
-1.6871399448889668,0.49616846993226854
-0.6213910063636028,-0.22526493555832788
2.272425668590011,0.07513090748249003
-1.4311948079019852,-0.689410126491767
2.8814533685433914,-0.4011203298736938
-2.441922975534628,0.2528921371597287
-3.1712842624546576,-0.8017021091317091
-1.9134537180638003,-0.33695515741723364
2.0205929157183764,0.7225749317355931
1.8066247479324373,-0.6708562449038643
3.9456670727330123,0.7377993518996139
-2.3668234478072345,0.13056226520731368
2.512299534400564,0.32950797687888367
1.926819866243758,-1.076545798655588
1.783382740288731,-0.28218506530795756
3.3588014668847466,-0.4800795833096523
0.7530432982228997,-0.6089449911213856
-2.16488901176211,-0.862242250815945
-2.226237187796479,0.5659764128625234
2.7882019015058623,0.024623904265937354
0.7904208205557092,-0.476119514968103
2.2615283576848313,-1.2425442737752717
-3.2703197855036183,-1.0915314008196628
0.747046019599924,-0.07598068338328272
-1.3647119106547672,-0.9130517855461237
-1.0813941070370539,-0.013355004724152665
-3.3853441965550384,-0.22231792164871056
0.7861808523570795,-0.980880237922364
2.258217143539219,0.17218001356534038
0.36992300107289766,-0.8018388554794411
2.7800891941482213,-0.42685443960779124
0.15685901429280727,0.26370011851584607
2.883356672823779,-0.7598385856998564
0.9378151120738075,-1.0928444308860126
2.817286731569281,-0.9603913085392738
-0.48451608774726057,-0.9713672522965501
-2.36620252494498,-1.1094636141842182
-2.373040814558448,-0.9477854714219275
-2.8948926911833057,-1.269897174439891
-0.850507892990036,-0.45525398201925166
1.654581344757841,-0.3406452732612268
0.004005811102660302,5.217683398735088
-2.8071108667117475,0.03470576822509382
-1.9697827509991115,0.42451037231921945
0.41579936997205524,-0.8573001528869222
1.1724922935284294,-0.4188590176455201
0.1869674473206885,-0.8535245151212788
1.9331470862767595,0.36124397308755846
2.40414044232744,-0.993289972621816
2.432748140989709,-0.9632446491589933
-2.4915195795061926,-0.15614918369405478
3.1120927691147777,-1.0332653653327581
-3.16061688935934,0.24487775823642763
1.6408565192948377,-0.9537516187187651
-2.367435092738165,0.3040943510882905
-0.6073741328877291,5.90551322297849
1.942737495035578,-0.6987067279249033
1.1713234948698026,1.7067228526499034
1.041438462539943,-0.2706622469732572
1.401566091556649,-0.2974979604150501
1.856415970910011,-0.590090682244474
-2.036967757386886,-0.48320664045398554
-2.2413308118271993,0.67250184696837
-3.9517792241281917,0.3873481549614319
2.6859983082839025,-0.513071914870175
-3.268930129107944,-1.1154531703580057
-3.120109857770842,-0.9194550859960045
-2.552829647196289,0.7992726670866191
1.6230213542323348,-0.6565114036685643
-1.4759777659963922,-0.45570457931090835
2.2265461637874373,-0.5119327543075249
0.6397986134769941,-0.9462287095637426
1.1317967952796224,1.0235880034288305
0.7886062293061364,-0.49072448144867375
-1.8868308148570285,0.04713147408271125
2.454490636788151,1.0401043605030715
2.1742859948062603,-0.18999859647405218
1.3694682418867605,-0.8617706503138431
2.251738704658759,-0.35173854821345
-2.2462468703705647,-0.5831676836412458
-3.2654795589007923,-0.5402914698535611
-2.1141372181629836,-0.8179828744236879
1.8936232196577187,-1.157632612810094
-3.918173238811434,-0.666902103351525
1.2008408569819324,-0.8089446251603478
1.543700719467265,-0.06769207023081293
3.8500903839844605,-0.13790113587807937
-3.427727499331186,-0.43938513328576284
2.758606478580921,-0.12159462231737088
-3.157308199571286,-0.9819069562738285
3.3830915021894743,-0.3482345090872809
1.5332042834850155,-0.77708883667433
4.324135796399532,0.24879098479009848
-2.7180542328843553,-0.579567753739993
-1.9600233311389297,-0.08923852357153653
3.4429482776118183,-0.3773295724347541
-2.5219288831566873,-1.0690943522813265
1.5716768612650447,-0.3538617755413537
2.5815349173690816,-0.050357831908641564
-0.5320617574060968,0.9409984479581023
-2.489856791468667,-1.5036826079621985
1.1700456550746878,-0.829200851533425
-1.2657017937309378,-0.7768367675527151
-2.09965067660893,-0.031202198128347965
2.3202336390499423,-0.8949424018363306
-0.22076437939195395,0.3825642239117368
-2.482410225259275,0.7245794875831565
2.1295174237359653,0.07973088472064546
-2.1687789708345906,0.418094518767081
3.4610950836771095,-0.43987357387706133
0.6892057962958636,4.706522213550044
1.1994193757869116,-0.5299437514271301
-2.9484360053871757,-0.2790062055424955
-2.207105895198687,-0.9757592812231646
-1.3438764225765907,-0.23364674312454128
-1.5017949577722096,0.33327867270027073
0.8874097837601017,-0.043662192079749924
-2.058798523781371,-0.7512188901821918
2.6690030981840707,-0.7154658129173284
2.4776024861452783,0.1885817017029684
1.9978280642127224,0.49756307087434515
-2.5310796937619116,-0.9737557519588094
1.3851550319108807,0.15330154513757938
-3.3101588000127844,0.4417260754047681
-0.37032505919706793,0.35958301646119545
-2.6801146350859097,0.048190467308405996
-2.4370243319248153,-0.8164846105151351
3.3688017892255453,0.15210504183902152
0.7143461705331623,0.4595747813300372
-2.9296305791133577,0.38461657641876684
-3.1265290289010825,-0.08382175456183485
2.70614249203422,-0.6370121520341319
-1.4706462786273296,-0.12501524679657225
-2.7140493472240226,0.3578825959910104
0.18078393008706176,-0.17482876692275953
1.0851687556753842,0.16800965312637267
-2.004840236658868,-0.9065757058295836
3.2058200941792117,0.11491341829705183
1.9916443034531488,-0.007280875421760746
0.7627162023532149,1.319964960371725
-2.2366483442775387,-0.1026162282062984
-2.8430568588585956,-0.9595745087748637
-1.4630513341509526,0.07539959186993633
3.5637808703258007,-0.6389313089225647
-2.8394831116614165,-0.17945124240888805
2.350754905327714,-0.4430215112140459
-0.41245973256837837,-0.367447929521461
2.0339813865174463,-0.2308510871982282
-0.833505605717615,-0.07230087625973494
2.3314061239343395,-0.2496219449545792
-2.517135858770315,-0.6445022963799946
-2.3527711819004042,-0.4355615210769335
-2.8606155037274177,-0.4312916782004644
0.5122588897490008,-0.34283490171820563
-3.252040005770353,5.18159634538077
2.7171654414737714,0.198130590363092
3.5725388804255034,-0.6875741269446074
0.8554582787717453,-1.1424015567951566
-3.268235073772309,0.27363168405202876
1.5744598715333702,0.2729272135818126
2.391236689688079,-0.5101154644011815
-1.897474285969261,-0.8745000500320814
2.034722826565726,0.33516980635577764
4.196888937744085,4.455597219461259
2.7591028917179496,-0.1786012769310222
3.1465985853287557,0.20964982384019065
3.3129184349191183,0.013802303323862435
1.6777111759914005,-0.7981498296294215
0.901554860850316,0.5215136713597365
-2.2863776379761935,-0.5533297010283875
1.9178582437681113,-0.04249717564696775
0.19379784429888228,0.2553243262624115
-2.154420699994961,0.0992222522232564
-1.9217071921612106,-0.325386862629966
1.0556762430657711,-0.2914724279335413
-2.886695761964496,-1.2150056110437781
-1.9515193585405057,-1.1022569572129803
-2.5457498740501125,0.5615898264941099
-2.3246111716057456,-0.6735294959701307
1.6077191495424923,-1.0312017061667917
-3.070810229535209,-1.4466469448793682
0.6802907342793906,-0.6297842490246315
-2.528590426741892,0.4681492853513987
2.3901293560301236,-0.9866263270525883
2.4103446055796103,0.46970123758796867
-3.0504865020435505,-1.1143616677408201
2.407308930151807,0.8758044108863324
1.3127279412632693,-0.1237565516780697
2.021369561550449,-0.6538890314397329
1.906171525939561,-0.9054451580811069
1.4802891510817309,-0.010768066495359864
0.32275500956820385,-0.06524398681312425
1.9477573923583065,-0.6137475133581757
-2.3542921735234694,-0.8826861058607018
2.918466316780882,-0.1217480062349515
1.8307289211152962,-1.0425038446679304
-2.6933348215116837,-1.049229308529834
2.240492297189588,-0.4882701188238723
-2.6286897819285566,-0.12184241124272133
2.2611041190997776,-0.10784835319194805
-2.9669871502398886,0.0655531741794396
-1.6194028163431413,-0.027838605810019963
-2.3301670496369327,-1.051998648099187
-2.379663206800572,-0.8162907807621801
3.312034863861332,-0.8728295831063669
-3.2348798775883165,-0.16375129411615155
-1.7850428914075422,-0.6892318703254279
-2.970538468091714,-0.8923005664407955
1.2841383216827202,-0.044267270918437844
-0.19827441333594645,-0.8260159040360682
-2.3948143972081,-0.039998701617306245
2.326224202787437,-0.6688509899860149
0.6430392750344013,0.5173198120382542
2.387468354102444,-0.49809798484498113
-0.3331501154416293,-0.1510859757677951
1.7346900993893903,5.159542479669541
3.7750143750006386,0.7275902146709387
2.3765037936720548,-0.6343282324262286
-3.22152558913325,-0.6368389986230729
-2.1295557234423885,-0.29418506283255985
0.6194172480263388,0.12220507614961763
1.5171200667549143,-0.2861933377959434
3.1307346847359554,0.0526209617083718
1.4672553675528626,-0.697881640419803
2.0632549917441207,0.8215253050509632
1.0697756774720983,-0.46969988806933083
-1.4730845546320543,-0.8097878198313214
0.7833642697790143,-0.8448167392250701
-0.8025981556576309,0.25924406916651377
1.9066225353621433,-0.7809329019981164
1.570188239071343,-0.5233047248611997
-0.7477762285549284,-0.07650774507607808
1.4390873036508687,-0.19287519792748112
1.719152369216297,-0.29294406258544026
2.510243800607463,-0.13574741872879167
-0.08063093739175829,-1.0430988168103337
-1.8414912423330916,0.40435168693312357
-2.403698015693215,-0.9547841531208627
0.515870272432103,-0.5879290823454483
-2.1320920955024194,-1.1587553663565449
2.28995592062867,-0.9041353991307493
-3.0499557739037746,0.3275563508427823
-3.028010990494022,-0.6017068705099496
5.86524322768205,-0.2993757574107109
-2.2206470711471273,-0.6235463214549692
1.4367325762723306,-0.4360753489543666
-2.2833647859324753,-1.2116950436507803
3.151504772175714,-0.2730709476372405
1.5986315405432576,-1.0522208906119173
-0.3859522302912593,-0.07488062955198635
1.4514704128733642,-0.659536066911662
2.4543167863689197,-0.059254282448861835
-1.2072107180440066,0.05553077697533372
-2.8901367230430166,-0.7830127484465632
-3.114833244110397,-0.784062713140054
2.911947569515507,-0.18996180223417777
-2.89419196288279,-0.7709184116233181
0.29000531315031963,-0.09860215362005872
2.885269990834355,-0.4343661830055027
1.234032618133179,-0.6401636619521391
-2.5202245814311106,0.9629734496979924
-1.9329040951040841,-0.13068726738295694
-3.02349569475421,-0.7603452790939043
-2.8935449380934486,-1.2575971946746156
-2.8249626961456644,-0.45008251169990593
-2.787173125143305,-1.06079609031528
-1.1343374654588272,0.4738408135748911
2.445156565217425,-0.42065280914006004
1.5158445215582945,-1.2881089157158443
3.894953440030758,-0.6361323021483464
1.9423061229033904,-0.8339756749442204
-1.9490873826298756,0.6919798509840465
-2.3945041449781903,-0.41833346667581733
-2.7170301836040562,-0.040515183970717086
-1.5904456551342503,0.533472484002284
3.1945521293547663,5.523735340319221
-3.1851973219972103,-1.4564330933228677
3.5230313355712433,0.39356212621235137
-2.1731157756779225,-1.4095158407898774
-3.011103638787707,-0.8307487067255593
0.3510561364810164,-1.121888842561901
2.123181830218879,-0.32987422636849123
3.9723854964962184,-0.1049997895083324
1.6908281722282243,-0.0473149649548611
-3.586171026090626,-0.8954316362505926
1.648361653323368,0.04027107066496786
-3.769658606459961,-1.0976704643098867
-2.411177716448932,-0.27585132062857
2.109032988393243,0.03461102539168445
-2.410074276136279,-0.30721548327811565
-4.295893876361702,-0.7686748608421564
-2.3767974898784106,-0.2602949219922529
4.016503791511942,-0.21626740777340128
-1.8686396314652265,-0.22523019223961455
-0.02292069265184507,-0.3000286860216047
3.9486272785159247,-0.3546122017265547
-3.299067560289021,-0.44757030594725206
1.5460871774721296,-0.6863750362951098
2.2093338870517836,-0.17220911989162388
-1.9984032475384035,-0.3840370051995561
-2.606104341281758,-0.8029423241363033
0.24080787969373865,0.4944725689874993
0.9962546926765325,-1.22026207171538
0.6240389861375041,-0.6021486296946493
0.7144001877231739,-1.088397185068519
-1.306923870041804,0.12709530077764702
-3.158086108960808,-0.8597590352009473
-1.3413581416793843,-0.03944973280338522
3.767640891927965,0.10035387732695761
1.932917486390877,-1.2338828545459084
4.854364813143658,1.2992521724949717
1.6336450794929294,0.27167841694907785
-2.6678840836636137,-1.2500321142288533
-1.1269613802918488,-0.19237119606113548
2.5450678171757586,-0.5880223157317794
3.2658231894956025,0.16465500452273596
2.3465535295614464,-0.32608203602746794
-3.596862305380354,-0.726589930206836
-1.078322772940119,0.44707263966773997
1.6314067400410277,-0.3729887861014704
4.564215376658071,0.4412912740652484
2.557320807320251,0.06482186141845823
-2.1219133463109032,0.15308025365954178
2.059124025860878,0.14785383315725176
2.1926638148966715,-0.2814709339927773
-1.8320299852943394,-0.6056503420974811
-2.6345686373490507,-0.8391927850791987
-3.0723810303135757,-1.2004656236630857
-1.09501757442841,-0.5767514006759162
3.154538885583552,-0.6475956136656428
-2.775303160959,-1.1182926173005139
1.4991395020573628,4.365427806694809
2.7929650509426533,-0.33089811949157416
1.3213436823859932,0.5260396950786208
0.6500167746176547,-0.7942646314090195
-1.5903100200094655,0.22589954841812074
2.3044553892004522,-0.451983019576571
-1.4141347232523171,0.05451351433011094
-1.6829258919663632,0.08866264265438192
-2.6985890000604122,5.300241741896354
4.140790278546509,-0.5405823347628076
0.6935433629345596,-0.003907624991549597
1.5313865717754656,-0.5461807732971453
-2.3651894110856437,5.282101298355537
-2.6899403971743205,-0.7793781638794578
-0.4905618743731977,0.2953315394287678
-2.2485642190545607,-1.153211237602687
3.3138877122100094,-0.4443333790842277
-0.06687103456188224,-0.711100761762902
2.4769385570860556,0.10649900395271447
1.6058134772791635,-1.1899400157872895
-2.8703782671638005,-0.6464650154740693
2.103670968406273,-0.8586913332669938
-1.2999115792277955,-0.3113982601321204
-2.845199132961199,4.318699681417608
1.3220767903362012,-0.32263788953670464
2.56622340186973,-0.9094670050065746
1.641817837542261,-0.7631880760061047
0.8105244645187579,-0.05119681264511613
-1.8041278816200512,-0.7847510442406949
1.7476636113311006,-0.7033872463753152
1.808514192704565,-1.2660912898124035
-2.5790810100820565,-0.257848712268652
-2.9732351435699895,-0.7297639319785598
-3.9154236593090883,-0.930297670391042
-1.9927759689975633,0.33837307676203215
-1.744590641300372,-1.4052530006248831
2.2652954933342992,-0.744787592307501
1.4646441977690083,-0.739073979029097
2.950528344459913,-0.5167792656918466
-1.8889775269252687,-0.3164019809614688
-3.385201444292223,-0.5481403006317397
2.2215436454936546,-0.15978248815670995
-2.734432321826162,5.433879271964577
2.1956480105907668,0.005199913854189259
2.5074329498825043,0.18237669812720275
2.5056854871440386,-0.3957480216917704
4.426905411898107,-0.19885517820065282
1.9752234504885502,-0.6734123944355818
5.968545372063912,0.5323815469967512
4.0627971978912045,-0.11635562285632767
-3.3124730541417287,-0.8991965455339616
4.525396769079572,1.0163498713804258
1.8241281919835834,0.16951773130473047
2.0421931302733616,-0.705451809510737
-3.3934638875146215,-1.2815208021267648
-0.9646223695840226,-0.011223942632693253
-3.1183389282097997,-0.601498340087287
-2.9731550646116074,-0.9888883625114855
3.162790429000776,6.172840495961278
2.756465269885598,-0.9006060630772813
0.3581435757231045,-0.6106418307557756
-1.1857165639897385,-0.059403700766898375
-1.39349055562087,-0.4648149098868158
-2.270007257249834,-0.4632768486240095
-0.8390730912851045,-0.09789062775793342
-2.2984772387363743,-0.8853333587100553
1.2601042042759687,-0.3847621852150741
-3.3013446040248766,-0.7899234308257896
-1.021311243844492,-0.4864771565088377
2.433124757322899,-0.7159372754398223
3.547856261500356,0.014177260371821801
-1.53901640051393,-0.12397238841588251
-1.685897682211193,0.42049239142711076
2.366505695132271,0.05399321979665436
-1.8347594983594548,0.4558078223674174
-2.474484731389783,-0.9458447660150149
-2.386427368781291,-0.41456613950912546
-1.9859467534760507,-0.08151644340839534
-0.8944911759067152,-0.10999595477448365
3.08230582513047,0.3537778990962099
-2.6959661779601936,-1.5006363073176323
-2.3575216822760234,-0.6910073850215237
1.9664436473522842,-0.3841704252331728
2.5502044173833887,-0.5691954192610362
-2.190926042293453,0.8201991447515785
-2.4210519697952004,-0.5637550175550811
2.27442852668083,-0.5673186770943713
-2.0792071217668893,-1.0659835612111492
-1.8922054906215648,-0.3077671131751105
0.6193546736878756,-1.143573773680838
-1.9025097870045213,0.7168851336993315
-1.8803716607319794,-0.11310654730554204
1.0405907324579902,-0.4804179444809643
-2.308298250984945,-0.0660360738781272
0.9302615666848647,-0.924743426250497
2.9435840614314315,-0.12283266227446854
1.5725461470669653,-0.8771985079726583
-3.1219740495094577,-0.5651415117557356
-2.6976640550960767,-0.4302952029268683
-2.9227396989110837,-0.15221599598919244
-2.2432288678941483,-0.3171478111218152
-3.127573297372159,0.459510695312258
-1.285876639911873,-0.17493629928435706
0.046058663693286955,-0.3525652479578202
-2.81988241997594,-0.6504484113171105
-1.3588733061285487,-0.7576532726610428
2.4724808741016386,-0.8146467646351351
-1.98227678793786,0.3848952729277488
5.566864796918452,-0.046207610616484936
-0.9289360469542542,-0.012504320453651276
-2.7168802937347967,-0.8349452205496983
0.39145802539436814,-1.060596396244542
-2.931960490535172,-1.470392522345734
2.4098934635752016,-0.4962969092087042
2.9592365853538882,0.22019714761401712
-3.725931776612238,0.6944033614685786
-2.9633254031650758,-1.1232428291661385
0.8450150358042189,-0.23495144148644118
-2.8699527103090237,-0.7917435333020335
2.514432946579821,-0.8875979240282944
-2.0926048109699016,-0.4147626953913717
3.403782620144838,-0.20733209659955573
1.1799763582821023,0.051494546114811315
-1.5053511210534005,-0.4361736761673774
-2.779224035579475,-0.6057185770780225
3.168170152605623,-0.4970771536844884
2.627710856187631,-0.13667643691818424
4.894681816560953,-0.14950284751341916
-1.532706255429596,-0.1929193646885245
0.38699000703033337,-0.7338369259140112
2.7911038763063822,-0.8735916765476813
-2.783893039941768,0.553520934502194
-0.6808484845315679,0.09324714160308292
2.387224650954594,-1.002274565862557
2.077137204905958,-0.12796200366536628
3.041737918386743,0.181974531323298
2.510585541064782,-1.0698959350413848
2.1413036059335355,-0.7489676366203456
-2.983470437144045,-0.5686955789249536
-2.587024455936251,0.13506983660249278
1.4116393675044652,-0.7333162069608846
1.4973831404527014,-0.1923937741865713
1.7830044815496102,4.762284492983123
-2.592847181058216,-0.15737491842633403
1.521954927458158,-0.3300546849308385
3.8711664936095724,-0.07848145579441591
-3.130576904576468,-0.3086498660898666
2.176499266646457,5.2463518091134755
-2.553654574170943,-1.4214153531473475
1.5443425687332872,5.157128838499574
-1.3522353113214156,0.1105878205409542
-1.70380221566745,0.8115488155654155
-2.09699495261433,-0.7014267260697215
1.015055792819047,-1.0435938598917471
-2.2650809537926504,-0.08677113663167321
1.5122388225430445,-0.4320400867571244
0.8686665913186447,0.4808255933020665
2.471215666407217,-0.13006430478866624
2.5739429596348864,0.623792708392901
-1.3410205009251648,-0.30467343365456295
-2.9252836290996718,-0.2379729026450684
-2.270349055536864,-0.43409329436845495
-2.3895688957330994,-1.0169712731766751
2.204870456467228,-0.03216431497751625
1.1650870044176245,-0.059069106126955824
-3.8599089980595536,-0.8880425036022112
-0.670924177406336,-0.42227386183899834
-2.3890876186330967,-0.19426361127864122
2.055716031148997,-0.7973468293240705
-2.133043199730525,-0.46002023514016266
2.710178504101443,-0.5846240992879081
3.194764071222656,0.3626901888997999
-1.89819710021316,-0.7459368803396814
-2.110590075380827,0.33417080084693834
0.9796493658519679,-1.083346114307424
1.8094569480921634,-0.9656460879590114
-1.6589615254782966,-0.24723440355367962
2.6757197702366677,1.272914291631142
-2.3300436801976296,-0.16794744108954812
1.4839319435998193,-0.8183414842925565
3.887293952655663,-0.2732009116450297
2.008553880137908,-0.25775770704963646
4.903196679784052,-0.1725056314696297
-2.380928015644738,11.05861539431511
-1.669322984651628,0.022191841889382977
1.1459298822850674,-0.8371878430222315
-3.139869638890246,-0.6262313330610205
-0.10011011812877323,0.48638691212948043
1.1538734723566653,-0.5136788664837562
2.268609735093123,0.06600011846247461
-1.9590328260584058,0.41588428274575046
-2.664356253400196,-0.593012358966959
-0.5191485072381509,-0.06297563732942334
2.9366203899580254,-0.4947110622472195
0.6639974509966794,0.18238050273838666
-1.9993419191917643,0.10538924663078772
1.4450458344554271,-0.9092747400540311
-3.028040506983875,-0.6009417607699601
-1.293058119056225,-1.1197912941531694
-2.2917127845995817,0.026332445229065103
2.88902768352208,-0.7274708263512777
3.5976615441753865,-0.02152960648280047
2.468037735993984,-0.6524207508213444
1.510312510061597,-0.9427151492983887
2.051628492999449,0.8631771570466572
2.022303705247518,-0.9997248426559803
-2.864599570767186,-1.0280878881643576
0.5860858974196896,-1.5879215382518714
0.8900998411859603,-0.7657592284633908
1.2594792760072422,0.3778070924802423
-2.1727094619632767,-1.2685805290428764
-0.2174786157505331,-1.4160812637507154
0.5250355623064087,0.09264879962517808
2.105867281331098,-0.7510998816743762
-3.150975247193019,-0.36582388735309607
2.7844402111872184,-0.21041300586834918
-1.9208693526048648,-0.26543756776997657
-0.5613505443246195,0.7082190126501536
-1.6929824309091372,-0.3080793748780181
4.146339085448194,0.11594832081068779
-2.375947898995696,-1.1735543636249024
-3.2762919122078165,-0.893165091685277
2.370492093882918,-0.6259852416762045
1.0890752718932577,0.06925926209837692
1.66782026304553,0.06894610876062064
2.4934884510618667,4.76993322387566
2.9529661556049462,-0.8088942651433787
-3.0932015059491498,-0.3511344498792361
-0.5128265011721636,0.14196603045344763
-1.5006872046545958,-0.12543183211952752
-2.6988951678830717,-0.2454585153885601
2.918074310847118,-0.36351026816363263
0.6227138151089919,0.13331740840750658
-2.561061656114846,-0.14532652544726507
4.234376363563105,0.2897219040745802
-2.926683331085405,-0.7439847724066088
1.8264716265720375,-0.707265526700187
0.840313910076488,0.48845799924268357
-2.776817391285399,-0.001059205287391874
2.432331221656834,-0.10708273746753405
1.1526964765401426,-0.3862096002347519
-2.736472426720728,-0.528544629529338
3.5059166161372617,-0.22870230470601804
1.2633047768664143,11.56417227584718
2.4464054302966103,-0.3113334660908541
-2.595129350590373,-0.4906432705516598
2.0283427792416804,-0.8859806544227047
-1.72830197622567,-0.5432895460800994
-2.0774742874571173,-1.2038960838375896
-0.6321044060650243,-0.7712836919673508
2.1094405317604847,-0.9164424237012756
-2.6649864430506027,-1.0167098205805754
-2.183887155885359,-0.21556093435363685
2.480926561996612,0.08939216671078411
-1.489030287644429,5.58413372054628
-2.2954079825855134,-0.7228979129366543
2.8474543226255595,-0.1758794852710058
-1.2457786909213824,-0.18475706725690647
-1.7076594568843586,0.19233820813017596
-2.402024106531218,-1.29101045717475
-2.282958639904521,0.10744276438868108
0.1984774571783995,-0.401819403901393
2.005370894814996,-0.45852608088767277
1.4765949067080109,-1.042141013036272
1.0828392059128011,-0.009001389641390002
-3.0355920504049156,-1.3463666619607313
-2.3001169839514177,-0.5245610929363396
1.4897011043051054,-1.1119442455484791
-3.1104049780906586,-0.3492070385722506
2.7470155669333565,0.8887027757218176
1.4281967274949734,-0.9293463518469175
4.567542998781207,1.9202068853332726
-1.8563860307381388,0.40534582833813443
3.7738526761377567,-0.4889979744279557
2.0195154978871845,-0.6917614645637413
2.1684558078833227,-0.9199523854112502
1.1185081068369722,0.5715954567558099
2.2215309075326335,-0.13780650451253085
3.055764405221198,-0.234995765376972
1.8067253811954636,-0.3257779966626891
-2.770059750611688,4.5579251135656245
-2.9521053334014455,0.2550014504123035
-2.5389534259810578,0.0891442610430411
2.889078303607161,-0.59493718295859
1.321252198786727,9.863776373316751
-2.852615934113121,-0.7319504213743517
2.6677880792674618,0.4377153364350371
1.004142708251723,0.03407783548452166
-0.6223204608091928,-0.11448103582803366
2.247645249998296,-0.07070640393377604
2.073317884388886,0.2672272245918189
1.5934125769704626,0.5486736797623791
-2.930559439159746,0.36996077987092785
0.38656747909047906,-0.14385464352937097
3.4005262788501103,0.402352899287503
-1.1408383811888367,-0.4568259809781932
-2.8028804602218678,-0.895760670970498
2.1150622276521114,0.3259641975813629
-3.039251141449588,0.0108716878409257
-3.25912699986395,-0.36430948831364396
-1.2379927388077518,0.4975507476309987
2.332314313864003,-0.8530426623199532
1.1697799510851379,-1.102176488109321
3.6207576364210063,-0.013709104657891921
2.5957057805785304,-0.37121598329386896
2.7355654501936657,-0.9957343590054515
0.24558669946403736,0.30390160410142464
2.026302280173161,-0.5239545551800062
1.803780193988249,-0.39527794139931943
0.15351870570381368,-1.1117747894692445
2.2334532020287883,-0.12966500512829204
-2.4932003389459805,-0.4634237501412611
3.90777734167464,-0.5187128052556621
1.8144176702458177,-0.99261702136517
-3.7191720584377523,-0.5641495732565617
1.3004424957636609,-0.8862497398971307
-2.0599128346092246,-1.2599295145296565
-2.261241993235059,-0.21503423875793945
1.458198424809328,-0.21619562941731088
3.1961051214868346,-0.6050031602573381
1.3205073194391304,-0.07425997613357323
1.183600993860085,-0.1358033924166353
-2.13130313628967,-0.26396207847888514
3.3581687046218276,0.16888182728067136
-2.418737818044244,-0.9075265159388787
3.2387470986683033,-0.5006000118728009
1.1300106020915976,-1.4168208498033543
2.7340994248260095,0.2314402891127881
-2.184628803251187,-0.15762488943630804
3.2231973287901456,0.011231673786750756
-2.311682480396316,0.3144430319281398
-0.8729412616944743,0.412252989461715
-3.0084837033078187,-0.9523453237689088
-2.3239602757928175,-0.4498038972679493
0.4917466219389235,-0.07209475762023979
-1.736565007816882,-0.08862337294854897
0.804288351800442,0.7404287518116409
-1.961278148350528,-0.616585485348452
-3.1828837054094854,-0.9269242278713654
-2.1884397631676045,-0.1991637495946871
2.739862157187419,-0.7444793478112044
-1.4167015616201208,-0.06722449501760834
0.8173687297657499,-0.007306983766084146
-2.7389144747085625,-0.8393968743872096
-3.715497823847641,10.886313110760831
-2.779520663528605,-0.26322923088389394
0.5262839864678199,-0.6201857630349834
2.9223278115519586,-0.12615312547057486
1.4282480385204468,-1.2307953034015808
0.4985473427142326,-0.7092273952932887
-1.7841406036351246,-0.0009204066617468427
1.201137307632574,-0.1328803336685163
-2.2021139313743188,-0.7086252375370261
1.8586332485189463,-0.850382397052173
2.873760385269636,-0.5588199746339743
-1.7335245509621378,-0.39686741733909114
2.964252824661197,-0.9089556487468573
-2.9819625505768674,-0.7670392423156215
1.6707606511871522,-0.8023889767639995
2.0034001579940046,-0.7513604238183736
-1.5811166396499108,0.085985065197518
-2.4725988077825414,-0.688310742980917
2.0546360274510005,-0.9529194641307105
-1.7038839014465212,-0.2108074252980099
-2.3002548163605385,-0.8198602871576259
-3.0127203214134415,0.32568606922620275
-2.016654044596504,-1.0429311737772404
2.351093305809672,-0.7452714971551478
2.4224316529412087,-0.7599754557004694
-2.484283528469033,-0.6905175653327748
-0.11462776302805171,-0.9927036837054086
1.6848935265050997,11.028646824421777
-3.778159058052621,-0.9160474880019547
2.6647683503102533,0.4870094966722674
2.027045468691037,-0.7341714284784855
-2.9645095167122784,-1.2452871398149679
1.2635948514907767,5.3855148111602595
1.8119841155142062,-0.8078941901476943
-1.886291184042259,-0.2577024559690179
2.153216189542676,-0.12600968087794054
3.067327342674884,0.3875868888186992
-2.650409507893528,-1.1523655652225182
-0.11163257677701414,-0.5464770867362537
-2.332165237989188,0.00814612896762342
0.6823490921926562,-0.6146937195690668
-0.4832102644286614,0.12113100427689806
3.1347818159828957,-0.8680227864984343
-1.5770573239784311,-0.11686232251674933
1.4140986608770076,0.0353294216381608
-2.0175121880613522,6.179294080962321
2.850361724855512,0.4174728629594997
0.9747842250810425,0.47517871805411543
1.5398470968842424,0.009741654859625212
-1.521948392362344,-0.08173661444207372
-2.7103594452110955,-0.9088051238089819
-3.3912871542670917,-0.5734933975276252
2.0772595742748563,-0.6744945208598109
-2.6393964850368636,-1.0247000892552935
2.5552340234269804,-0.04138675036603041
-1.9622766555549263,-0.24614386822589043
2.1302125888489343,0.2096509904698157
2.5391266104775863,-0.6979751713768378
1.6597705645403578,0.07213688401275023
-1.9760255233768453,-0.7709903332882319
2.7517216721484616,0.18017687872457205
-2.8112080822279273,-1.181970689002761
1.7807761681560035,-0.02357883584937799
-0.1911890573756106,0.06017321889271201
1.7278703265516808,0.4378138099004827
-2.540382396871876,-1.385922285729745
2.3290244088332726,-0.47406824894289407
0.09393894730038195,-1.04438981936853
-3.483434726772809,-0.047943249086274016
0.24387737026514925,0.2513119144757168
1.7806953528553833,0.07130622415216571
-2.6156196730572203,0.2818118312055483
2.8810798010537786,5.358484318085828
2.1997062862592363,-0.3311780296840728
-0.01789894740569478,5.324883099023735
2.338392376827519,0.508237293593943
-2.5744882057355163,0.24771620662473412
1.9329636955195948,-0.5177329943879796
4.635771615836204,-0.36102907044201443
-1.8047822528381603,-0.17326753564465897
-2.9104669651447996,-1.027138421532323
2.8523064316639006,-0.2824555476031497
-1.9679435427802354,0.2937736813311933
-2.8078236547596918,-0.3159414818233493
2.660927626086147,5.031543049958508e-05
-1.0381677419183277,-0.5209837294071263
3.184038229200121,0.061820500011026173
-3.29030308963903,-1.1909776575305262
-3.1177338756555226,-0.9968713734974097
-1.3944423136246147,0.5108671628338659
1.2379799385981154,0.341864536359375
4.809273935436885,-0.2662720039005148
3.484588266709977,-0.7563578414657457
-1.76825852581162,0.06021678191541884
-2.423948070587781,-0.037161795706811176
2.157387316396814,-0.1353531700390144
-3.4018700812566314,-0.7004896608098008
-1.1857098080820052,-0.35584775403712304
-3.373556531914485,-0.778176480171043
1.4308266270027006,0.7238726031717659
3.7830732106596106,0.09087653633366871
-4.038504929863869,-0.28490180837830176
-1.4399215602533204,-0.7184511814897777
1.7875348750384563,-0.9134109714346583
1.910795705208408,-0.37745959153845277
2.4772138307672367,-0.7923901745376882
-2.4063558779219965,0.05235800432204636
2.4388581247899177,-1.0488559510745852
1.3899895538555678,-0.6088115271141894
-2.1502437854222056,-0.43705251392928335
-2.3566189775969466,4.570935859820303
-1.3821665304235187,0.14005960714151922
2.525970129394032,-0.7071753922973081
-1.7655429381761587,0.6613633128408748
1.733784635946582,-0.5692879682806496
-2.2316994918202253,-0.3941827656426702
0.7587036293655188,-0.6777891653240699
1.675062953732517,-0.9173219449056114
2.075449597268123,0.050993241077730025
-3.2268745973109247,0.28721210562306165
-2.6852855550309997,-0.968406580406564
-2.140058704381067,-1.2176719283162083
2.2535437222623953,4.384045303761063
1.1985234776363787,-0.6328399062362821
0.848295479473814,-1.0672766733581636
0.38497574556514547,-0.5377485299022704
-3.345276231677327,-1.2014653668174196
0.8991351678620686,-0.5878808475717766
0.7683003950979893,-0.9798534195129043
-1.1985641368872633,-0.228789654724197
-1.946804610304312,0.2189785171435927
2.189314767528011,-0.24912996925498218
-3.305038451874438,-1.1936410283896652
3.8940389526709276,-0.09369016037202917
-1.7823976987620518,-0.1935932700681803
0.6686342998918172,-0.6749793174421189
0.41355034594214335,4.779421430423425
-1.126241488564413,0.05605000871330952
2.1329004372868314,-0.884606489005393
2.105766454098591,-0.6726483591961013
2.4233292352149416,-0.135504981116387
1.6006163581442223,-1.0651344137091046
1.254004500755263,-0.8014693356440075
-2.920075498544566,-1.3441480696826262
3.997608579660858,-0.42258948917599404
3.374085826703844,0.37984086370606257
1.1807067050285394,-1.1570317387473206
1.2782950358099991,-0.9038513690488167
-1.8995704718891557,-0.6973081792625695
-1.7708089614207405,0.5375274456640907
1.541261375533472,0.7589851709919283
-1.8566434276015045,-0.3257311173787502
-2.0155463181317987,-1.1044926036641363
1.2409495623454072,10.639099189124485
0.03571393493065997,-0.12788608404699295
1.5873409590855496,0.22615524402085926
4.6096421469346085,0.10322077651966932
0.339768057076697,-0.9150716533405147
2.6491551060803094,-0.6448715805540998
-0.1653105267875216,-1.0965279824418328
-1.672863288125993,-0.2496431890487584
-0.07108512247274722,-0.7725958944737764
-2.098291806131346,-0.6405596397650337
-2.2440673571150773,-0.5008592738273967
-1.560417837345144,-0.36681368732652536
2.3082774659183127,-0.5802230590934464
-1.697409099560534,0.46120853138383794
3.068490341886156,-0.6511578615815251
4.490575864124728,1.7654039159238415
-2.032639219659379,-0.01429711438468332
3.0567393054307996,0.035903014932880346
-3.0642993475874682,-0.8830322454773479
-3.3197712316242396,-1.0071175546317972
2.051358024781569,11.176686529135193
-1.2754390509373386,-0.8035853506171948
0.21026638645615972,0.10956069852629682
3.6335278514983522,0.4696783594188017
2.1942125881130763,0.0768847291524282
0.2943464443291482,-1.1807504508199007
-0.5224683251277719,-0.7067483306747667
-2.9113387442666037,-1.3743540822707618
1.5845904935850834,-0.06458209614714018
-3.1163875949169118,-1.096338482701476
-2.350518324499578,-0.00011461043764818892
-3.1231144339042327,-0.7633423274494182
-3.21357767293557,-0.7106101256202598
-1.9534739653743676,-0.8218782577690671
-2.9441230623067023,-0.8315352049290057
-1.4611925457850874,0.1486927393567914
-1.8902625166481766,-0.009856106252283538
-2.125951469864618,0.08702613847898363
-4.086396367436071,-0.7071895493265374
0.5188269922055937,-0.5070527931908474
3.7932543773491743,-0.37403598867319277
2.52196810334325,-0.00594560605951962
-1.908558479677033,0.2112835634162846
-3.5718392439772004,-1.249266592672779
-1.9927346166385376,-0.6137150974820786
2.4918989983680304,-0.08839023992629853
5.059666719953537,-0.24939205776269863
1.9072685366120141,-0.21277236044024417
-2.021377312685288,-0.4635846008020599
4.970595070021538,-0.35328948489274364
-3.619231511624714,-0.2456814338744975
1.3730569249167899,-0.22607285311248168
2.0695976542361687,-0.04586038269066301
2.5940446679584763,-0.21638935328362394
-1.6773686693437326,0.40823380521573444
-3.0576024163745497,-0.32777735312686074
1.8731849252287016,-0.526488094845723
-2.515461953722078,-0.8204232935870851
2.1338136659145324,-0.2740008136211818
2.7782174106252384,-0.3363165023508553
-0.37208082342270815,-1.054837050076596
3.1743132732151245,-0.16190708787252006
-2.443503460337694,-0.45476468241258944
1.6768676889408285,-0.12835790345952852
1.9048275977718974,-0.8626477915656564
-1.3891979083941397,-0.8583408270172088
2.298590719942555,-0.7579244122693913
1.3895697490895653,-0.46764014776402124
-0.315805681255636,-0.40204750339008627
1.194186475758785,-0.8286086298334701
-0.8902983813002361,-0.694226072523768
2.498435479761259,0.9622838842284019
-1.5450797898038333,-0.6689136388973025
2.3135303990932625,0.18436135106507406
-1.127752158916223,-0.2653778879900528
-0.9245946286232727,0.6423674859042129
2.834129750937929,-0.3903527799865811
1.6973596878029933,-0.670665958989379
2.00703515409895,-0.8323760530773429
1.552664052056874,-0.5545665922406567
2.1318213813257647,-0.9227868635545612
-1.6554230038922373,0.4861845491562243
-2.2485844828567187,-0.3766615388799356
-3.909501037962383,-0.5771600922303414
2.1644551652032287,0.2873565567819193
-2.6234991649437718,-1.251619724330439
1.8868061772354263,-0.2757540397685755
-0.20635909866756588,-0.1536080515006762
1.2673132267402571,-0.380242912560197
-2.65182744153848,-0.9154040381912614
-2.285782649248883,11.107610644093246
2.1678697613109716,-0.03596856734754546
5.350008879818517,-0.1896975289613568
-1.5705551954950672,-0.1507101845630682
2.1690579172036273,-1.187044064370426
0.8462094492632581,0.29645710998858943
-2.4132910813887034,0.17205562551555306
-3.3144770886432027,-1.0567249602617848
1.0631735722558933,-0.2987288613450285
-2.594383339834301,-0.3716193235575854
-1.2590033934501426,-0.38571076804272075
1.4304371637998365,-0.9191865520581858
-0.020096932025165853,-1.1535145983233814
-4.065023344162892,-1.1403498625601889
-2.753706113002028,-0.6023655044225135
1.4493801783712073,0.5911095461317121
-3.616037860968905,10.1189658305495
-0.7568598584751678,0.18006071131804696
0.8577813113432623,-0.7824229355708601
-3.3179498379167613,-0.8849348416346455
-0.7443227077157926,-0.9547623668076266
2.9275056665319776,0.10401619153507413
4.35876169701599,-0.7802304514930679
1.9678368978355798,0.04257980989279661
2.072626336067948,-0.8403288072829282
-3.0144136993189514,-1.0129856064708846
2.4002418013265623,1.2136373093629724
3.045222031487551,-0.9143858698419002
1.767676913643209,-0.6863585728801883
3.6067965317979165,-0.03748482416811
-1.2752845667536843,-0.45133365214951926
1.6683675906638855,-0.33777774247402004
5.815816960706849,0.6775397519734703
-1.978165479256776,-0.32339559475757323
-2.9966095867427365,-1.0114250724024625
-1.5006535657681057,-0.2680886768541565
1.909947744939248,0.7632580558290937
-2.4203822817876546,-1.4130929675630024
2.356885759440572,-0.9696118178515973
-2.2051416586090005,-0.0246046324824647
3.7068896277147076,-0.10629787377826556
1.2907857295135823,-0.21691828336918934
-1.957990706504221,0.330825538383929
-2.4662903259623885,-0.9628009363851617
1.656747607438878,-0.8728743878279751
3.694078478579508,0.03234101165601991
-3.106674858397599,-0.9919330164798617
-2.1368267142112587,6.5165405320971015
4.391085571573398,0.21741035747025178
3.1712070860382693,-0.5893693707026199
2.375020786965661,-0.5649001655299157
-1.4281849956645631,0.37995325344724856
-2.310546097940714,-1.008017817407693
-1.1652922608816012,-0.23016173490347266
-1.8441548931258773,-0.9403609216819604
1.827163069380283,-1.0023134227265778
4.775516110500243,0.7818707096533697
-2.899105748048908,-0.3550888572531996
3.2700259394160764,0.07426710411580315
-3.2702611297174635,-1.103794992785283
-1.8352674938869096,-0.42514157952025716
-1.9314347397520149,11.513602356475712
0.40211566780755714,-0.46180977600169437
-3.1260077786930998,-1.0492246890783359
-2.2827337489401502,-0.8785950827638334
-1.2266639243915802,-0.5508603327319914
3.86227123556673,0.6474112335564951
2.721750929464201,-0.8517666123022384
2.8881921832077997,-0.0020559085847288326
1.0959104573838134,-0.5064264527961484
2.3568734418013797,-0.12554214627173405
1.5429060189840673,-0.758469439056969
1.2725887488167722,-0.8611611346686616
2.5324571391330086,-0.32351661298462175
-3.223862087237239,-1.1296891640054731
3.0335123198332985,-0.14153913849453467
2.885681269682522,-0.9936645765042416
0.9059898938073364,-0.28128343018965307
3.3445295512514885,0.08114151589462942
2.8607780794479334,-0.2815222958346739
-1.5943076689884335,-0.25039114677602703
-1.6405095603373292,0.39277474993055406
3.7849949919908337,-0.535363673191196
2.4372972123759427,0.7255761462807152
-2.0246340274910533,-0.49738239379116544
-3.1353999470019627,-0.9795042179624613
-3.2303439965891108,-0.9617088571659763
3.3463689034353163,-0.654939334991609
-1.1917216307859695,-0.31996236558595853
2.2947654193479137,-0.25782249606722557
3.3930957320773145,0.24197759520927992
-2.843144292169,0.05136891483990398
4.55633525047484,-0.1046666763262042
-1.8757177544405987,-0.16233817496140288
2.617768919735185,0.05152010949377886
-2.5442465408073653,-0.4044442968988018
1.3463658475844131,-0.789096476675176
3.9351837409260475,0.37892509039015976
-1.5931128036662037,-0.5930122085978083
-2.953488854097314,5.612701661292756
2.780947711814034,-0.2993336942503128
-3.499509440086143,4.682248399719078
-1.893366191824808,-0.14421160634600852
-2.245384301188962,0.7196513579110803
-1.9567923930892916,-0.3554711736630928
-1.7449294244846567,0.6439175772600271
0.6940233204292418,-0.7895799636998643
-2.5636999806619474,-0.557545664731948
-2.6463533051370853,-0.839137773982383
3.171425689126012,-0.7897894062574445
-1.4096909534141426,-0.10055168511432944
-2.6066236377982794,-0.05997630529322528
-0.9116204976888598,-0.2995370016979098
0.8390087001351638,-0.6093161119685802
0.450796449356358,-0.3738371798182817
-3.143217100670773,-0.9575951870566626
5.218499659828288,0.2582287295206351
0.7565479551774875,-0.40346243175864943
-2.951887365786241,0.03785849525157743
3.1318336657199546,0.9150936635382664
1.1183676630479473,5.626998860431379
2.7866106949909244,-0.3710957206431413
-1.6430211033759272,-0.8543441615356444
-2.9848947068972294,-0.3823810923552393
2.75790953736756,-0.5400208570982605
2.311468540104315,-0.83256374073537
-0.398387073260368,-0.10786596370461832
3.78639429477345,-0.3496596247996177
-0.908792075624026,0.3336218462059008
1.2928136102914363,-0.35599402277286624
1.1395282777358962,-0.7461476863506629
0.9888044123734075,-0.037222910836456624
2.6243244687741893,-0.8845027346487384
2.399428587657789,-0.7311670359927721
4.230422872773522,1.0512449516059368
2.692899028166505,-0.3732563125672996
0.7199890859123658,-0.46595374433488057
0.5263614214868146,-0.98504075710463
0.783380916782635,-0.89134764246015
3.1200543309217057,-0.4237722470263039
-1.4000848237300434,-0.11842978660498638
3.221079532638961,0.7134243107973391
-1.6291029345679384,5.393925814490272
2.121077828325953,0.5339285332810926
-3.3514539555134135,0.7481366086708058
2.7478399934667195,-0.49302466851030646
-2.8864644749050403,-1.144577367009307
1.0205922686634188,5.2387534439728975
1.7147235182592622,5.433131505141779
2.314552519735731,-1.0675030868808477
-2.0741591713397853,-0.08208864091164245
-2.1559919901250866,1.2011742435881898
2.5968657619341093,1.0107756079917136
-1.1546508563785949,-0.49070109747866486
1.9879710242612674,-0.8114174765238182
-1.4073903856393772,0.1874692308429606
2.268203965583965,-0.2295925904118837
-1.9946807083523692,0.21715603622210564
1.0146619726044295,0.12446469226353629
-1.7597035476475824,0.47124644840479174
1.611429052885771,-1.6777036165574262
3.538861055422626,-0.12312428721262879
3.1645145857295174,0.2756749579937403
-2.5260774619481343,0.9280468986899467
0.8667302713824079,-0.4650837820053096
1.3965524699920278,0.11053125306478448
-0.7585500878044951,-0.6373462537022393
-2.2472904968447565,-0.3504700105717839
2.1884515766723616,-0.3445140102104984
-2.1613719514747674,-0.04120688740144364
0.7330084719266156,-0.9454214844628599
-2.661564770832272,-0.6801853476338069
-3.1040574358918414,-1.3121357461569678
2.6601412256754005,0.5018043721200451
-2.170562650512673,-0.5502923134747554
-1.6687427888304025,-0.545538519341751
-1.4296826926019728,0.6107768565569143
-2.832531406314655,-0.3449477510418375
-2.044414885396111,-1.2929448136529156
-2.532301661014172,-0.37269241994661845
-1.3594440993057635,0.14783042013962078
-2.7995438333774105,4.5149017010041925
-1.5676357915671704,-0.9972486147363628
2.2698484506369794,-1.187929243156854
0.49158370929205497,0.13642919301069112
2.5271954209650387,-0.1814295093312556
1.5129590214920634,0.38000898066511263
-2.0053982635443615,-0.21000493027289677
3.860102225077216,0.595908333724434
-1.8918758542285365,-0.11019228206913312
1.4306475504704943,-0.400966254467541
-2.688944116442253,-0.23449051669626167
2.161692128080798,0.3300443048224232
-2.2521214240786955,-0.26428929110472416
-2.1237435000509906,0.4009428653944634
-1.344454830137544,0.32164947121111304
1.2084505629362883,-0.3459760813994129
-1.4052095146441437,-1.0863040381781013
1.6550357062232246,-0.7581115379869231
1.9325561889813172,-0.5329328260823425
0.8249264046759188,-0.1348891087588505
-4.116041428262319,0.7214300523259215
0.7054422050041353,-0.3458303192578022
1.5276315411050587,6.1927983078669415
1.605666968327145,-0.7017123629680698
2.9872048398101834,-0.39168454981597944
2.6026482157494772,-0.36627219416255835
0.9106341058168449,-1.0432228274778608
-2.161391855843758,-1.0012115793419238
1.488870306528862,6.410709885405346
2.197103921066106,-0.4977605317842162
-2.009109055931365,0.006989678698373489
-2.646074014605655,-0.6216515161775175
1.8257100029787476,0.810621293856168
2.0443906390175446,-0.416099708011615
-1.6610940346065228,-0.7485733339131212
-2.6405900955708628,-0.28610282285982985
0.24446038094741698,-0.45543630695243204
-0.5330281202968544,5.933075384227916
2.0119084305857724,-0.8340479653814087
-0.023443192869911783,-0.20391469804851922
-2.3446205254830677,0.8475616849945279
-2.4261715369013452,-0.0015094362313420103
-2.3338946611160565,-0.6738206522232065
1.5930795752397626,-0.16859633539404564
1.5360962419371371,0.1797428619840567
-1.7762490946955425,-0.2858149401966148
3.0737895738029986,-0.20986117416825664
-2.73582466941877,0.2800260489712538
0.5305468285221252,1.4766485773395646
1.6820962592109472,-1.0088193240708359
2.479100645274151,0.7722580182231212
-2.476399118700236,-0.8032998105369761
-2.818502772708836,-0.771880240507683
1.963184262480267,0.3605313127419156
2.7348787560753403,0.28867777486060836
-0.7536059821773203,0.5375341277627692
1.7264427391604147,0.4690722530337596
-1.1641957878227207,-0.3143120498635509
-1.9547261849019641,-0.56718011926763
2.5214305154306134,-0.6166451855256883
-2.2936400263107446,-0.621925520652083
-2.2678191989178313,-1.1057286650268283
1.2188472173670577,-0.56123999038799
-2.488410226787493,-1.4521963891148613
1.0007833991168815,0.22004158225767176
2.364462790642892,0.41937533039274255
1.669473358370881,-0.2860477726806551
5.8102132981550705,0.2416555956164123
2.073243224688473,-0.1795649000673792
1.3288483605034114,-1.179476388393506
2.2807557863448675,-0.10275988857874309
-2.7730295007542645,-0.30212457428940837
-2.3925818280758206,-0.5796475742588436
1.6956891288895015,0.9766496152600287
-1.1934213600667984,0.21145874828346164
2.3592455608673952,-0.23639371387048067
-0.3838837151584242,-0.564939079846727
1.5445342761823528,-0.1190098286025886
2.98128799054264,-0.49481205063007627
0.9802657754179064,-0.14101377064562992
-2.2371870690113225,0.24295093781955288
3.4962895448641205,0.37473702857947455
0.15288718081853367,0.42767845550291583
4.412180639625814,0.002265002480709416
1.6246608751565577,-0.011188895878035385
-1.8429476592043892,-0.37872575077927956
-3.104457347744628,-0.8357695360507043
3.2354520911396256,0.21669533390033316
0.39113677557133475,-0.09752910745466356
-1.7086423525368106,0.20513306774689907
-0.05064189483371137,-1.1876648380701194
4.389852412153968,-0.21313208012462062
-2.8384174010343677,-0.8748526526890131
-2.5003938714015734,0.3088227595040265
2.8562989766182008,-0.07181895994200913
0.8975411178253389,-0.681730860079883
1.7382605037135606,-0.5658804046268954
-2.572670387663291,0.44324980787751006
-1.714315546636925,0.011635715354605022
-2.6361788189872497,-1.2260102517628881
2.362849294402065,0.1624489680313459
-2.571900305554154,-1.0610349469958456
2.259279994639091,-0.7747085504331526
2.847554113013669,0.8486110372229391
1.19842020530854,0.022702016777735222
3.7120083624527,-0.5412297190100391
-2.6259628194409754,-1.0116661211828113
1.981828521450454,-0.015799412787147606
3.7543040367221776,-0.38394517369027986
-2.433174832512278,-0.5468567617213649
3.994207729115187,-0.18851731209786574
2.1428400040380216,-0.8252190118401491
1.9873091642721437,-0.20718730189197207
3.052454959378471,0.437285588387617
-1.851815816264719,0.363318879525455
3.8444995059688942,-0.18627721538464878
2.3855265109796093,-0.5164279134743528
1.6945360391083217,0.09140064347345445
0.3735240662451058,0.261256028678462
0.5876105723804333,-0.7040279911338386
-2.55015070358793,-0.8184175516745745
0.12167277098877907,0.6867241808462451
-3.299751857764692,-1.225836773544938
-3.4462227423170955,-1.3450739475937397
-3.7524657219941466,-1.4418715023180655
-2.3051360177423574,-0.5525956503183241
2.835575653988164,-0.11421032629780234
1.928753981649014,-1.0831488896747454
2.3694283589897696,0.10034724399752193
4.167020601810824,-0.3492501620013433
1.938198362020366,-0.6620393569829586
3.71329662233351,-0.017362696531159096
3.8002052629001284,0.5585252156759848
2.3732280408833657,-0.7413039965864231
3.286163782915814,-1.1391166304991562
-2.211224464976281,-0.5022377368160079
-2.7577761688706808,-0.5619433095353012
2.154096086335286,-0.9779847732718943
2.5353031436691666,-0.858925880453941
2.694808018705849,0.09826200833708881
2.2572677349114394,-1.232008951951525
1.9947482625306834,0.0428744656709156
-2.0454464475123415,0.24288501887042832
-1.0136411030749755,0.1328598624769024
-1.3919206319658846,-1.0403521425842206
1.0810855942450852,-0.01934017429053855
1.0895536323221202,0.10018998240068439
2.5857741654318938,-0.6083075882040703
1.5736389886678872,-0.3382323910718144
1.4119019603593077,-0.8398874729173156
1.7112085041969194,-0.5013819337804872
0.4188796186701542,0.41468779432338687
-2.9421904422329104,-0.9896175903749411
-2.6176619602166773,-0.619935474486089
-1.8787958662481037,-0.4699505448964035
-3.4215252415370085,11.382109622462576
-3.0170716595901106,-0.3184550630798998
-2.2001327534439836,-0.599169356398828
2.2101814106710123,-0.4808353382829219
0.763938425373977,-1.2765599636493186
1.3885326876284503,-0.39282861971648414
1.4766789957059125,-0.001311329324232019
3.879473119155997,0.4503317013396822
-3.232534253509675,-1.1814274136024294
0.5726732356295875,-1.0696792357206302
0.8231934379874735,0.27325889994089575
-0.09799158020483427,-0.546323053116735
-3.7318362276848034,-0.4177250049021294
1.335844005354892,-0.12503474835547937
-1.6192936419439583,-0.19489749876182194
-1.5080773386104367,0.10528394228216378
-2.4515444321144044,-1.1389026568097458
-1.5336366654533293,0.38259949791043696
-2.3935622571117077,-0.6110794458406178
0.2573029998566473,-0.865972963015897
-2.001086935907222,-0.6029565702780456
0.3246437971245696,-0.26861831302482747
0.8928512590663314,0.8790775634834844
-1.756217515904867,-0.8151621853831618
0.5588180413571587,-0.6678771590276161
-1.2878445635225086,-0.6958531216240689
2.4130347235014606,-0.7296666628096109
-2.168833045161624,-0.6944900355801347
2.2997300425080986,-0.30858612743356956
-1.9826206098237296,-1.1110695519209575
1.4888692742536356,-0.9597706408290585
-2.8200587403837742,-0.6874517390415267
-3.147702199992163,5.140633297501042
1.326990776304088,-1.0012465639296462
3.165335958971208,-0.6426115518387613
-2.0183105511832884,-0.2888224240798008
1.512806739668005,-0.22758952672905278
2.1524878186417262,0.4846122058627715
-0.7863022856156813,-0.1745155780586872
1.5909457172144927,0.026090912387997958
2.877255106009871,0.24867406022189167
2.4376394031169477,-0.6125094381748515
-0.4190923319345556,-0.18845601772145498
1.1718632624498193,-0.6964939610533131
1.0426328896236627,-0.5625374426679683
-3.3274713147905417,-0.8893189425568472
1.725187979961543,-0.7235029847475225
1.365332577552739,-0.14624338890666808
1.3936337443761708,-0.7610660617698917
1.5216286820483143,-0.782925981221802
1.5090979601149133,0.28265460137364373
-3.8061499533561314,-1.276723241082172
-1.8257866239273934,-0.9424225891925253
3.6880936920680845,-0.3774079023370928
2.502180518719194,-0.4081080046538648
0.23168462330768327,-1.2790691474837743
-2.472588899436744,5.6725136110790455
0.6716104487940734,0.044411250616323686
-2.209013501713968,0.029026601480789803
-2.3853715137984866,5.969266908490689
2.5469247107699586,-0.7770389047788021
6.9805903278107735,1.5127175187896624
-1.5786221247174113,-0.7978813016806087
3.246599713175549,-0.6967578862720754
1.0794221264714194,-0.4858139216028913
-1.8088776119823506,4.980585889147016
-0.8885036530989328,-0.07805975182960032
-4.063035298013544,0.22805607246828016
-2.038501944826554,0.34951119729846686
-0.2405683391423163,-0.5270904551533073
0.8623032316754458,-0.7094101313555304
-0.1439181300004037,0.027508459462592637
-2.76832256181031,-0.821543142065913
0.04910190532857242,-0.34062808010736617
2.1055015271295683,0.09086220965057458
-0.21147567191516137,0.22962889819725849
-3.2869199693541606,-1.070984660080605
-0.8279220400544726,0.7011268695185991
2.173078440094884,-0.16555776871489933
3.269213363904346,0.07195855349649391
0.7020193426208862,-0.4794002759142939
-3.44388969592459,-0.5534513529619376
0.35796091430154797,-0.6015610760446877
-3.5142952228983555,-0.44202996027739355
-2.7528936289103974,0.030456231989382875
1.3086469638391938,4.874928234939158
1.1010026269790119,-0.18107518599282119
1.6807515599260194,-0.5811365344024664
-2.1253164103483297,-0.6628608544202831
3.005558285614915,-0.15504450022638935
1.1181194235818142,-0.8081089272655336
-1.2571258799964002,0.33900578888602656
3.79461875854757,-0.1588314410152092
-3.2686171255464456,0.24291281449550403
-2.4532114468462947,0.11925861066129341
2.7471291496822174,0.013795456995517524
-2.5958491771135113,-1.344699738586893
-1.5304737311589338,0.4312214678973488
2.019052176924932,-0.2455666725156815
-4.030001387852087,-1.6584066214115198
-2.956484463081534,-0.6127855972784186
-2.6736695815148885,-1.1513858114317914
1.935542725474856,0.01225263422067078
-1.1239186606078986,0.13044688566360202
1.3711176325146681,-0.1677885676620989
-1.9916946966854203,-0.07404090725080412
0.685417620038612,-0.05280414980200472
-2.1747107817728515,0.674825695743324
2.2313375785571616,-0.7355291255978359
1.1430346406009932,0.7063990853029827
1.190661427964704,-0.21322109377755638
2.0004658242189195,-0.4282393323640678
-2.4232737495324974,0.29319920075339845
1.9159459780206853,-0.7343736223421375
2.0927690513756194,-0.6921099658848278
-0.36123669092147087,-0.3558478083149675
-2.0248954522466422,-0.653104051730469
-3.0319470233064028,-0.10619302465134395
2.2410576603859784,-0.8894570642279387
-0.3571011059396742,-0.31829817912711733
2.2723568495367945,-1.1463804267328526
1.5228658991506758,-0.4200627721618736
1.6681099307325322,-1.0415788527830006
-2.343293646688633,-0.5443004791366475
3.3766052857323765,-0.112206224004688
1.485071794443641,-1.0889513536635338
-1.796480991158577,-0.769751884171588
-3.386865953714621,5.810280992948536
1.8701635476823157,-0.46532932329721494
0.394429296811563,-0.17219692911723
-2.223167487103914,0.14360880339550386
3.8590224337760777,0.13451243622683734
1.2143911796860765,-1.2400390810781332
-2.53295297274286,-0.6148892941015196
-0.9083174003086663,-0.8888598368761144
1.6102813197701027,-1.347542539845717
-0.8007480686699187,-1.024540874282131
-2.3683051348444724,0.04899981523918896
-2.1792601079186817,11.455595706033748
-2.413880147894022,-0.2053422742258895
1.9656089062248483,-0.7560426723651982
0.4008782583500985,-0.7778645424866627
3.45245321084556,0.11250781178159591
-1.5376458081513196,-0.39916036456355103
-1.6172639647978195,0.5844742318549745
2.9147607743836175,-0.9225003355301097
0.5489445710915879,-0.6812688502183835
0.2586922321130528,-0.5997422684632036
2.4342295672119865,10.415549919336513
-3.841151444958221,-0.5821619285626288
1.5467403576648564,-0.2899629618974006
-3.2657344892828317,-0.7880689944617341
2.774313709603095,-0.6301359119559888
-0.1483437051328998,-0.5254526996757665
-0.7092803190516977,0.10240768433907918
-1.0708982383986374,0.16115556116376403
-1.875974113870797,-0.2986548415839315
1.0147152455869062,-0.040386106321491595
1.850476365094929,-0.10928971835778384
-0.23360120362019252,-0.5373652480060774
-2.4585847800170693,-0.03955606578625488
2.3792973909369617,-0.226103278399061
-2.4720738404122744,-0.7488269063348352
2.0775634127886975,0.2039278817620344
1.181219357895852,-1.4502754428334108
-2.2680354909536278,-0.3953835673957315
1.6164548415136886,-0.1377986834335355
-3.310533313637091,-0.920841538114329
0.9039012064457109,0.3178942999061961
-2.38016849410242,-0.7400387731221402
-0.5815832477096553,11.055207136110436
1.6903938962236793,-0.2198634878774532
0.2139311734762777,0.19336876156048918
4.65007484345945,0.4918389436595217
2.0015479982052233,-0.04358960154059239
-3.7336186750235303,-0.6668767140462722
-1.6652710794927412,0.023072721968570874
1.248029150364289,-0.48222037767870685
0.8214067909947855,-0.8511741549797871
1.5134299035971848,-0.456117131448784
-1.6709386746531127,-0.36262858266381387
-1.2816163485272931,-0.607006759008333
-1.0176600048398659,-0.8025201435046051
-1.1641485689394397,0.13215698204717535
2.4012607764437504,-1.2998954724086418
3.3022381320731204,-0.3321806302709086
-2.920482429986298,-0.5412733008364992
0.07271525273420326,0.10247491957008775
2.5139581119187038,-1.058431757258877
-2.7935066774161195,-0.8330024409298874
1.9520674099416246,-0.5024939370824769
1.2707003051070547,0.27617397998331494
-3.733618174562609,9.958747365857258
1.5989589649673075,0.08848031174589238
-2.6371474466265346,-0.39734047322977184
-2.524853601880053,-0.7708321501285277
2.740720791533206,-0.912069540590372
1.3560830983321437,-0.42078826510788153
2.388159069238081,0.12196642467496323
-1.5002457946350116,-0.3952406730979708
0.3678419501590532,-1.1051463847119394
1.1761320329096732,-1.0254852423009735
1.5273584496041286,-0.3009854387728185
0.7771716743757047,-0.9962328615001455
0.8387227855780466,0.011104599808586099
0.7592817453385469,-0.044533598349633115
-1.2754379927687882,-0.6655402738721756
-0.5867255517529204,-0.8205148425724341
1.1153671779734577,-0.37083160599204457
-0.85377931592019,0.8708831696136771
-2.082908935912481,-1.1151050717713114
-2.524740115816601,-0.7804271954371954
2.2163799405044604,-0.4671693775376515
2.278427921534816,-0.03395097426821951
2.5297168406270027,-0.19052452070196127
3.4888742437413973,-0.4502670894168241
-1.8751521690191235,0.3304886966887441
-2.5181393675411337,-0.36823772671910143
-2.206981365469216,-0.41808684110194366
-2.4419633452730105,-0.6919876836429829
-1.3512682432159189,-0.4370885130709255
0.3793367037324875,-0.21771452925321047
1.514137505527514,-0.5125670598736317
-2.1996781070165743,0.04062662235005259
2.235261177857895,-0.0510344033751614
1.8159511549253857,-0.11597717123528814
-2.446422652567828,-0.017391460313966052
-1.0784971605252385,-0.6766618141704765
-2.270680502577893,-1.0977037784110861
2.4679420914969077,-0.6194159854642598
-1.2442599171865236,5.793300592765598
3.4387897491742145,0.08650612134886543
-2.262095670704277,-1.0407427926643462
-2.4887118132746213,-1.08859911167476
3.0090950716978666,-0.516921694677021
-2.355997960004539,-0.32636278778006794
-2.0468086443606954,5.718791483722976
1.1599724324876304,-0.21205209969011007
-2.8170621970507077,-0.38515370989501785
-2.7036641807809336,-0.8438812597501486
2.617165805444045,-0.720268984581384
2.844759447894996,5.464299628770662
-1.570489361717727,0.329169680936979
-4.097749209037276,-0.7917716525957447
0.9601180036939173,-0.200941360701113
-3.52047268479381,-0.6875845866272594
0.07812147293820085,0.06936851681641255
3.4300013750665728,-0.3828254852637211
-1.75505508668687,-0.41876861947473565
-2.054047158847407,0.33504683867812163
3.1734776931617015,-0.1154831260865899
1.4713857478923758,-0.3510633279887656
1.826973464506703,-0.7016354994796047
0.27060589955875103,10.261880477239943
4.451068581562107,-0.24039325223740357
3.247430326490304,-0.12375373875456196
-2.744222178657685,-0.33330989032643893
1.571671769166913,0.41950100620688663
-1.3414413440934387,-0.7965671083544765
-0.17919567583662316,0.7313564521789124
2.8983067255389217,-0.2897582569979576
3.4647799449207954,-0.03010365175028892
1.8818348724813734,-0.23335844709287737
-2.7142710669650265,-0.9034420251172618
-1.486405888793224,-0.02764135187509032
2.523764554954118,0.004150644679886945
-2.16459167756205,-0.14425782475712645
2.0561384016535813,0.22499250056235515
-2.254299832806531,-1.0165600717549736
3.0974528952563243,-0.48927811590536047
1.6454317893560781,-0.7538224044115077
2.7367644113899434,0.6446116841074814
-2.8589966644444607,-0.7359667266818841
1.604827161855756,-0.5582049870312992
-2.337198760908616,-0.7142316948235041
1.8528406767897023,-0.01630656816899924
0.7581490592433197,0.17286125201189026
0.0269663553190935,-0.09231663021501466
-2.908854034634915,-1.3844472316308694
2.9009991977560787,0.013679098606109313
-1.743079624107123,-1.169460181071029
3.972091858708891,-0.3185320180145795
-1.6172238286010414,-0.20196013124712558
3.4815409135386446,-0.035365614394743505
-2.6790831962097927,-0.06382015316416816
2.4231322703504254,0.24275415752053392
-1.1416339147514674,-0.0012134906381455542
1.497998933137385,-0.4260021313432904
-1.1760795370960124,0.188504567331901
2.8330171994115108,-0.047566168094938036
-2.5027042022423234,-0.2827972161107972
0.015553209915953221,5.130469403865119
0.8566580809865101,0.22253405090676368
-1.5787801456161403,0.9454001998082756
0.7390829110671147,-0.055975032561784425
-2.4485730029683395,-0.10022126345335303
-3.219770304313301,-0.2094198150632687
-2.6337348360601323,-0.7864687166610305
-2.037905321394423,-1.0207859546679705
-2.902798094747963,-0.2995472015481152
0.18227841250788204,-0.010674821651010448
-1.795466341078624,-0.7995043617080639
-3.101548908032419,-0.298535971802965
1.4724226702890637,0.05969268587633119
3.72256556332581,-0.25591049147840966
-1.228097187549501,0.20010410853706503
3.251975244723108,-0.3236667009983722
-2.4965578583820536,-0.006399545825517139
-2.7512591384767555,-1.3461161071355678
-2.3080246697636664,-0.022817533255633356
-2.807292349261423,0.25476277462795005
-2.076718614832407,-0.1730401070423133
5.271010642018539,-0.45394002123842314
-0.10831096070093359,0.6749811266734665
3.4056180963508997,0.19126768576652797
1.5313632181912773,-0.039506088640461554
-3.0660232572820445,-0.3261633291447579
0.7780876957157467,0.30915971543664256
1.3662584657967558,-0.49130308407124623
0.3859267842432794,-0.5398957702438515
0.9303896949027771,-0.22919345422178547
-3.3358367499758397,0.16969982340567644
-1.2249821098343876,-0.6367243882016985
3.319547148429952,0.1359401622780188
-1.1507441006834227,-0.2628689337322564
1.6855823751203733,0.002869194456246155
-3.0987114074034494,-0.31688124757852515
1.9076105254283644,-0.7315058264559418
1.3052131054823668,-1.253409258857811
-2.7381609012575523,0.4933185481732488
3.6811030514837575,-0.4226355696035545
-3.567528989768697,-1.0625563297358367
2.78350629657994,-0.4258057461265194
-3.0364291368719885,-0.6614947235165423
3.145242894909032,-0.3030367805157547
-0.7249369468410963,-1.1006108372559462
-2.8052125902425553,-1.2305934500747515
2.9323327553647345,0.46566382456582384
2.0851525315383803,-0.945838357957289
-2.3001437625011514,0.08501867980259056
2.9029880613911536,0.03542724253161581
-1.6096020394165784,-1.0457170008705365
2.9878162920009284,-0.6822286443097679
0.712621114620391,-0.44295391765385045
-0.6416741687689679,-0.16261652351043543
-2.4844042351806745,4.798573746745486
1.539871815599364,-0.5982875625598529
5.808940710092759,0.24449366591298155
-3.266371713572094,-0.39154899750247446
-3.164328360117296,-0.8479911763973916
-3.2045349795321747,-1.2498495942720163
-0.47194719044070854,-0.24653110720090274
1.8758429336063323,-0.29974896393990996
0.6720136128474073,-0.6306965644910744
-3.1461303728070154,-1.1431429604089838
2.4661159487973876,-0.45287493373001914
-1.9922069736108912,0.26428795673890115
-2.5115155650602943,0.46501318329064084
1.6081120785209422,-0.23717804979948373
-3.5018587817337097,-0.0009249733409484102
2.348497405638679,-0.3991362316201934
-2.981091525793452,-1.2348575518375942
5.433819918189882,0.893567626141047
1.2759284699005962,-0.553896584730793
2.285388354833219,-0.5734786620894627
-1.8648225275078485,-0.1365701917516052
1.954239620320175,-0.4187274168807926
-1.9977185211253794,0.31087200643795976
2.414597194756947,-0.8605111869450182
1.8022716673666297,-1.024845380201828
3.3443035351315076,-0.3673616968452721
-2.651547736715355,4.966470474151973
0.23102409996802112,-0.9962808761398037
1.346469384426231,-0.4713954344372988
0.37930261936467957,-0.8543953392327671
1.5439450165485222,-0.8540195865196916
-1.2759955624338744,-0.668184896085839
2.0897654219542354,-0.13793351443661825
-2.061065526815536,-0.4798609940615548
2.2754524256895343,-0.11942119250650765
-2.4218970606019585,0.20810612111391721
1.644448408793476,0.14486023479274462
-2.016384221876932,-0.3731449726882087
-2.588442434113395,-0.15356811571318835
0.6686685385405245,1.853516361358021
-2.6863034467543487,-0.11840477667547519
1.2881216680715921,-0.3050319491559623
1.080461652027572,0.45710880550190136
0.23325257281462855,-0.16303099155007664
-3.1365286896823816,-0.9210927938810256
2.3903094230718227,-0.7794874401524351
1.7171758161774973,-0.26855596982535507
-2.413535561064347,-0.10414975200335824
-3.583875656957693,-0.46492543082449217
-2.2210692917168813,0.036292656925648606
2.834005282467262,-0.4126815216831987
-1.7907804881781444,-0.38060628823720705
-2.077485709137078,-0.6695024022892028
1.5049640779123212,-0.8560157229844957
1.801530997991073,-0.8291840237691864
1.47115676827844,-0.5771966247588546
-1.9557716550664421,-0.07821611769651879
1.3086335519686247,-0.3497835768901258
-3.007242865007239,-0.5707195420446606
2.9404999211735405,-0.882973517674767
1.4886185758975057,0.06814910382625207
-2.688410307197727,10.713639418468597
-3.353289583803277,-0.6853468417543267
-1.198703494269274,-0.32688100469651926
2.9419572328783277,0.32786525644031106
-2.137526728481626,0.1263751836558365
-1.4752593777642637,0.3086882644821739
1.0421294595377149,0.08882229183250898
-1.6868598255478309,-0.32547372815747005
-2.826179365017269,0.491719466519911
0.5335983429037966,0.9438798346402352
-0.7023194774442009,-0.09630383396879913
0.06932788485456567,-0.7806253257097645
4.108306158907897,-0.3769877141212052
0.47229482996540595,-0.8298928006187469
0.44657072092104044,0.4004842726379642
-1.7003750866041005,0.6986446763727118
-1.798250067922126,0.33203165275800656
0.26086037947839336,0.06330987900478016
-2.506435054626966,-0.25580840832634716
-1.166873798111292,0.6339831160048047
2.637206190691955,0.13317116251653732
2.9071901366302075,-0.10720496964421516
-5.431092763183494e-05,0.025884210171114957
-2.632460614420177,0.16702790792906116
-2.967156622005774,-0.17779349757882068
-2.5698988153548674,-0.09802922464784444
-3.0826593867003504,-0.7094523671293812
-1.6735762370837224,-0.5830179306190115
1.0295494173939745,-1.162422940612032
3.68910959757407,-0.19585575620446946
0.0059514824228405,5.0778392142850075
-2.411839430880678,-0.6638271897467765
-2.350130105721413,0.3849337061381472
1.5238233728880495,-0.37580626448091525
3.215839240445778,-0.5132105149331935
0.1846747154981239,-0.0817633800053422
1.4281054942927185,-0.3728522964320511
1.0838459852102489,0.7402026432583647
5.0300050042172835,0.4128259687492988
-1.2049824813096717,-0.4652125581145698
1.6403228073015055,-0.7874149922756636
0.5451117384861187,-0.1403035347072938
-2.4533193549949392,4.314632283458111
1.9859096400051677,-0.8572968803190308
-1.3860680216184773,-1.066796307680483
0.2866643668353498,-0.9030694911593815
-0.2894820306335991,0.4233683227859311
-3.4304837059923923,10.607718873221774
3.521654123493834,0.4286055470510976
2.556233422627153,-0.10233408465541301
2.1081229662987444,12.180585332850457
2.153501245486679,-0.2554151059758692
2.644422099385471,-0.4698017676347663
0.9951832759507492,-1.1441090204380897
2.2431475104229848,0.8878311928258896
-1.4175015570948784,0.47553345301161437
1.0271509103966272,-0.14582706636654366
1.9743303796378315,0.0030282314647624266
1.396697819007518,-0.633699962391387
2.0938421631695325,-0.5828569823781662
-3.4703091981294354,-0.3914825365464989
1.1344905494862139,-0.3499770352383786
2.2841081306161195,-0.04149229616954307
2.1856541818433555,-0.2840773048368309
-1.0641124128786477,0.4502308576844524
-3.278135670684172,-0.8709189457716681
2.223450714674704,-0.44541787831351837
-2.6926969510433487,-1.206899546613127
3.8974538172722375,0.03194575897291106
-0.2619751292892933,0.6945388642921065
-2.52620837756058,-0.30135917787266625
0.18127318184646316,0.3970329207440593
-2.673168066583089,-0.5202074174575312
-1.6506831618048836,-0.05260970429967044
-0.08200145488492182,0.11254979556394021
-1.9898436321752682,-0.3964315003491476
2.099635427677352,-1.02117480656015
1.598873728483138,0.2357786501797987
-0.9413413537735854,-0.04877142359190018
3.4338510421979405,0.2911031698304245
0.6005688802281496,-0.3980081702942648
1.6438385538659621,-0.722420578068255
1.8908510750526533,5.025913444460009
-2.1231264855815377,-0.07301888527312614
5.224778286918987,0.587153051192419
2.6810947972438224,-0.6728625623772808
0.8511867446601636,-1.0260300576044683
-2.7061195513317964,0.03579834321365767
0.9968203532363061,-0.5497910247094538
1.3403197173532067,-0.5687324524763763
1.3086662544835344,-0.04212604551088512
-1.2178489697988908,0.1293736370364365
-2.2965128484356176,0.906135316779879
-3.307848592373365,-0.1821451510101482
-0.6331387496457863,11.015399713379777
2.28585405261024,-0.062231855118989675
2.394807186841946,0.37644305364414193
3.5159542892984463,-0.9869289044143812
1.9572665808347787,0.3678512365526411
3.9706125791098166,-0.6647888937894458
0.6550299255364812,0.08498423635035371
-2.4430950066349575,-0.3978239139420878
-3.314688500398845,-0.9080435703487664
-1.7697056100597597,-0.41871977027904816
-2.664598464905027,-0.5600111311449222
1.1777696029150682,-0.9594026633196521
-0.6480285106640551,-0.42141944286287053
-1.415164987848855,-0.48295665946060007
-2.62522144079534,-1.2013151267455346
-3.348670816268733,0.14076455397781817
-1.3385385444537898,-0.9861739850566362
-0.7780807036959112,-0.7371399290360419
-1.5689032485979315,-0.056520880049269924
1.5413550132039646,-0.020651261783209536
-1.8681106998515629,0.05944618459996406
1.8544336160243702,-0.8368597577084665
1.8194433451020084,-0.9176852343438242
0.3990198547463837,-0.7000228680072182
-1.7431238606107133,-1.0315127245506859
0.9416900524726178,-0.11707072801818377
2.3121917098622053,-0.6057403739377903
0.19207165959246278,10.149659506064866
-1.9338680910157442,-0.9274959215903404
-1.414041368166236,-1.3047184013464153
0.1811038780692388,0.2884956094397163
-2.632395392397678,-0.714589519091762
0.8536725566791725,-0.20305453714937646
2.420171993660043,-0.5288156599202044
1.0153788454470272,-0.7403913255826506
-1.9412858364883725,-0.40061890257842775
2.3810219763011955,-0.6900050116052182
2.8515171602151894,-0.6615485800261631
1.5488326138841877,-1.227353926492426
3.410711216284862,-0.06391191849669499
2.8685647895813164,0.02020537648731711
1.4864083603723308,0.4618638001043687
1.5941957277138208,-0.442359996487053
4.628366342712142,0.9696307514643361
1.1725655857007897,-0.3884761373615098
-2.7292140249659145,-0.30821399148463496
-1.6936924345255238,1.1800907759890438
-0.7971269682401959,1.0146883732638876
1.8652007543507811,-0.5724627829724368
-3.3619181211194196,-0.2948840399679341
3.4191566138243754,-0.20996190806663043
2.819104049093396,-0.17840111395180006
1.4285635862776918,0.45147236204082697
1.7751638672694112,0.5155574233932944
2.948371849345328,0.054312543856800025
-2.7016447575254183,-0.38724070406227995
-0.8615890975063619,-0.19297086248344
1.1785220068719078,-1.2224519634410826
1.913333270468836,-0.008148189096381117
-2.6964151671257666,-1.1890038348815835
-2.158017294897142,-0.7154050767010519
1.4439948501465674,10.342449041511339
1.4954312773245457,0.2108421674606896
2.0734356140756747,-0.9266261610101719
-2.8800211224597168,-1.2857192670297277
2.037050165762294,-0.32117210835088433
0.2687341938286928,0.09739178314132482
-2.1625612292223813,0.7727950420946942
-3.214722491760721,-0.35995742610191517
-4.015464870022239,-0.668481089541235
-3.208468417416482,-0.9981876959331526
2.231245453749644,-0.23260253226671287
2.2734801502490596,-0.4265785297185054
2.19122942284513,-0.836804370882356
-2.8845654790907176,11.258040771250919
2.3308220615520288,0.23303038904992612
0.7318038076527279,-0.2622096968614043
1.0566680661811325,-0.606326996474815
1.4125062312162633,-0.6205441553549559
0.9262679492459774,-0.12515196358085118
-2.50986954405007,-0.9340876427513659
-2.5797515048019544,-0.9936465502833314
-2.2924774648595467,-0.34305653807543984
-2.4707062143258534,-1.077419186384393
-3.3180434908215286,-0.6225811226262987
0.2235099070937833,0.008149781404382292
1.5876961160060064,-0.9671035991358606
2.1435304686073953,-1.120689809784836
-0.3472705726313224,0.27562737091557765
-2.4783903730639185,5.769517771487435
-1.2935376092664024,-0.663574936635171
-1.2294016907346441,-0.04425140613009205
4.298550152686103,-0.06558307091791894
0.9880723800197088,10.952478017808204
1.5926326950515022,-0.7808178337384912
1.1275527441414672,-0.48644432970670914
2.4474022196770924,10.316975103549256
2.4761595618937466,-0.3816769344751093
-1.8609797557225842,0.5565199731444852
-1.1499990330993948,0.12639098488964923
-3.21912472582372,-0.7912034784376059
-2.7476489505190944,-0.19801510979221837
2.5183343031434218,-0.5811942738169787
-1.7701737706747531,-0.2869847983182241
1.4748409497702697,-0.8551036254714475
2.137277903573402,-1.3599481107461864
-0.5180315668317067,0.40569648467309055
1.4589259509373966,-0.6099849618588682
-2.04454946217445,-0.3211723952449426
2.424931654060696,-0.13869626841699903
-1.0055982491296958,-0.18627489777782794
2.27317215060819,0.2604771530535589
-2.6876703880839776,0.451331132574515
3.1921293438869274,-0.30251295614863744
2.560380048298963,1.376703896821319
0.22292767568350305,-0.2423567474309107
-2.6116396703459035,-0.39970494088022923
-1.7735036710655445,0.16797243718397423
-2.970215565424257,-0.8979895525437953
-2.685154471768619,-0.53647290418225
2.537886769262875,-0.1689043800569699
-2.5390212600028987,0.2633690390617275
-1.5389414616811479,-0.40046303049254833
-1.1739656737282886,-0.1947899915660288
-2.6626338418245217,-1.1306375292832098
0.7076544181469181,-0.8754809426305269
1.7072523475839196,-0.6323393104288049
2.6256617282825796,-0.19090846311138962
-1.5183701951442177,-0.1238403512557931
-2.214780713191178,-0.5924216257642831
2.51902966163669,-0.06897698670303347
1.4758191864699484,0.021165396901052718
2.5461957852685093,-0.30850336613588164
0.99320621400312,-0.9570685508169968
1.951331174848356,-1.0349951133247843
-2.814778921581535,-0.3747974040223386
0.927855948661073,5.463693241585601
0.8927115217592637,-0.7269861154444796
-2.085608067962995,-0.2841164312983872
-1.3695311526582605,0.5512492201339211
-0.9261146113880632,0.41705515134385013
-2.2434397643617285,-1.078716532123709
3.256207115119412,-0.4820995339051878
-2.060870094470795,0.2969645575640172
5.247973895647088,-0.40773299868744306
-2.939647784753178,-0.6340456206669111
3.3030660213064333,-0.7073573313970078
5.586474661171379,-0.11497788458804704
0.3885259596001751,-0.6030960643359908
-3.3223521659500737,-0.8838148669568618
-1.9880090458791704,0.16582395038784367
3.1037810477349397,-0.4478066266088088
3.958859298701562,10.79031253793514
2.956837899059483,-1.1520620027592652
1.4939483152919006,0.30991353877169214
-1.1075239519155355,-0.9029616403909375
2.941133548411471,-0.3976086786262912
2.737477338675874,-0.4491847887792348
4.04003935314318,-0.3209009743643625
-2.6232429122677403,-1.1672954079418028
-0.8357854731495393,0.22898574300728455
-2.6205095788495036,-0.7021053142749649
-1.6205242009488665,-0.6874432869451632
-2.837332920131647,-1.0916879316733152
2.1516447403940173,0.03988344912445803
0.5183669084616391,9.376546337929646
1.2780095981877733,0.892782851566223
2.1276987324657357,-0.2929750648758953
4.269980079020393,-0.4387964615454564
-2.2119035324960903,-1.0990416805624785
0.24058993043601154,-0.45715986211507964
-3.338818958232662,-0.044777284137418445
-3.0471705119260437,-0.36317271246052224
-0.3255152535860345,-0.3911724797083658
-1.0584106694603392,0.06936071860549649
-2.408460308009781,0.7218960763863073
3.3628498526332513,-0.6026519999560076
3.0471484242643028,-0.5539677250981305
2.7348867306335394,-0.2578388822894645
-2.161057299386922,0.34530066442578383
-3.2428442403682,-0.913878885925885
-1.9546292303512618,-0.29443925391847753
-2.6991204160139772,-0.34218802804434195
-1.0557986860869266,-0.0828228371599439
-2.8223029299482967,-0.7863752179600015
3.6860995470576143,-0.3341762386634866
1.6798833111454434,-0.6496909265610564
1.762383789606215,-0.24086850656284245
-1.7263106449111947,-0.3601548146563012
1.4182251477560912,-0.1983050336868323
1.7024688381124677,-1.0083401590798282
-1.5563841675715129,-0.21656698152920698
2.950463913976577,-0.07787991135534582
2.34956449993492,-0.5549500563173431
-3.4678733534364015,-1.2049356077770073
3.1609725823671324,-0.12696068404322666
1.577151780322994,-0.33050587933236375
0.9368227219777391,-0.30429010879768353
0.6648551298546539,-0.858123898582476
3.088032117501447,0.21718370225937753
0.764362270816461,-0.5125023083204272
0.9447197456787503,-0.5976298426548311
2.5113019103312326,-1.0920662520997444
3.8795719200092114,-0.15657668184647103
-2.629048831180969,-1.1091379911672847
-3.0599691700398988,-0.5919630179066113
0.9602885877529256,-0.4565883830570921
4.606632455947531,0.14277067359764578
2.476001751784152,5.368422912144227
3.1324203699711997,-0.006188444663194477
-2.6576769720792344,-0.7105989378564024
-2.2194044276119844,0.1025297468456535
1.3449570408690343,-0.9658498828768851
2.8954295839124446,0.2703632775117817
-3.0840425351914007,-0.6050558491429138
-1.855176455344103,-0.10153348139795243
1.5056243001617868,-0.04321245856236456
1.4559965058380715,-0.899779628468905
-1.806471323051452,0.374599446716327
-1.981564533859922,-0.6145694773476393
-2.6223919385816363,-0.21322559201211078
-3.606111025187261,-1.0387548824181982
2.1174379895638995,-0.25363398677535687
3.7591415048212493,-0.283177991178755
-2.5847973613765802,-1.3961239395616458
4.5493542105437434,0.28130419508118787
1.9011698145897842,-0.7877959161799623
-0.7085562486245681,0.5927793420141212
-1.63264528970767,-0.2874668538539742
-0.9648585341845559,0.49213837687677203
-0.29213197184467615,-1.1578629906740163
2.726050485550131,-0.7236867235960697
0.9115891905576538,-0.20023790879224615
-2.926139634745836,-0.3287809804272832
4.385905269775536,-0.4516645272023751
-2.8977254522515468,-0.16681864512886305
-1.1108751319249313,0.1371986956453466
-1.5938522973537392,-0.70710900134073
-2.3511044760742354,-1.3563299082896398
1.4142113659081537,0.009346648510999664
2.056818706322237,0.01189199976430925
0.22108029843569768,-0.13225499653606548
2.3915890882902016,-0.8676313294181991
-1.496723219717551,0.017018929424600114
-1.81156106925966,-1.2517112081919493
-1.024245423206033,0.48662020113549026
-0.1887078052523724,-0.28311326978063683
-1.5469065249754492,-0.39746307476312903
-2.233332370397657,-0.7260164916712555
-2.464807460397427,-0.6262382075567094
-1.5963498528426854,-0.084713605349066
-1.5001482648402886,-0.42977875368809393
1.1014281503154484,0.17969625067829484
-0.7512501278792979,0.24327280853957736
-1.113326416558464,-0.2794471025592322
2.2801240323414818,-0.32923856134551777
-1.965582856401683,-0.10977614526303967
-0.7582331808593763,0.649383789933566
-2.049032507249663,-0.29984428155778703
5.109411811007136,0.1710722330768606
4.276650338203394,-0.010160925806914262
-2.461737952178793,-0.7980331781207904
1.8625533869270259,-1.042051152031438
1.5304131068510791,-0.6987484096258736
-0.17869935079499483,-0.394107714293334
-2.1113988724567045,-0.13874094521728134
6.882206461660361,0.6885187902027795
-2.981597157245452,0.029335073154786527
-1.3211613366866986,-0.3341116754737746
-1.2614179277203514,0.06186691581367528
2.686338520301014,-0.5773752156776083
-2.1716642724938824,0.7338388975617159
-0.5545481455539218,-0.3752162989741827
-2.162856281652734,0.13660307510854797
-1.9922433452618933,-0.8405840643407005
3.332111088663988,-0.6787317000908063
0.71269595968098,0.20037357424867153
-2.5733441037320177,-0.6629852049682288
3.5546416345855376,0.019497988701259832
-3.4239774619642924,-0.618308162404672
-2.1774461138417864,-0.15602881749194397
-1.19955128154696,0.10843707358980162
0.25924232016535775,-0.834485515890166
1.9210063645556503,5.096832414370005
-3.0007235942684245,-0.896190662056723
-2.6600066686848916,-0.15727093433449768
-2.668675335336566,-1.0292323071674634
-2.3920238964252416,-0.308206885517261
1.92547440257291,-0.02278679864559891
1.599865133756239,-0.45065466804713444
1.6951163288720097,0.044137519852623444
-2.7764550356271096,-1.249663289304671
-2.027886404469684,0.11711269752207712
1.4407043560639623,-1.2448070810778733
3.4704662955641195,-0.8344086593384428
1.1732504743335919,-0.7618153686172804
-0.10449869651275233,-0.46273067047360267
-2.6093113351868134,-0.5541431364116304
-2.5616832577130504,-0.9066510548696203
2.763844400959621,-0.7224202758504696
-1.1139669006160342,-0.2790215721759509
2.4181645764728246,-0.5578028725095607
1.6175220116102638,-0.1916501617292948
-4.133593281451665,-0.6621935783786181
-0.28013821237250996,0.18522561577538166
0.5358254023213483,0.8549049081946082
1.4864013143187431,-0.3692542209916963
2.0165746859226017,-0.4378600991043175
0.8187551205499499,0.13718869178366733
-0.7496990882009502,-0.33307261253105225
3.4888320929182752,-0.5641698217140435
-1.7853992181467009,-0.2703529917062785
-2.438513684648304,-0.3535075535970579
-1.9077290450910056,-0.5683308503489104
-2.164369264040279,-0.4701157091087515
-2.2184098305746254,-0.5615803586585227
-0.2471649645036891,-0.7129895537506085
1.525782543506491,1.1582153340645287
-1.6357433571568865,-0.8530864784204055
-2.3736958941350936,-0.6218542244624713
2.6658222539100307,0.47314883126280116
-0.26422407611252424,-1.0427161542445387
2.271976003772801,-1.3743281916922345
1.9555037881303194,-0.07363826839059603
4.333569954901893,-0.31600057828940303
3.599114714860212,0.027586697228235573
3.193647616107757,0.025128793604614088
3.868030643449737,0.2182940031626101
-1.1592938278890659,-0.296814556039622
-2.193625993042151,-0.9286113909936233
-3.296352954904234,-1.1866327348943162
-2.6251961355024345,-0.6500338298612521
4.881090896132487,0.21752400115157575
2.768430996218186,-0.4042775276128261
2.0217937864294986,-1.2162439071495033
-1.3245660633989438,0.3602927853177828
2.4448140032591357,-0.3357099008970314
1.129593738286399,1.200411445774758
2.1877737469541874,0.7099752689722366
1.4563033647487258,0.16156850381325846
3.6375898909045445,-0.3183468858887587
-3.290092076901413,-0.8777936253513723
0.15090310217137617,-0.5103025569128686
0.5984075162183061,0.12802323462261522
-0.33812990394234965,0.32796038431957936
0.104060954107601,1.2683932421233706
-3.8004092880129545,-0.5937492642673354
2.2939168187803394,-0.11744715964728197
1.9855360902354362,-1.07443615117689
1.9500667493071124,-0.11032822278672949
1.9572617798946386,-0.5036101525960245
2.8741712154009766,0.11216278596170742
-0.9914516907000813,-0.2945693577329284
-2.5603112102726797,-1.2286268585251907
3.0100696927295205,-0.4860872568765844
2.7398409018380576,-0.2564215746236474
-3.18640327620153,-0.954863442593701
-2.2364825097135066,-0.41439245148652254
2.563829047691693,-0.04529335159928544
1.793529471275396,-0.238296506914816
-0.5082114950620567,0.2781741394161137
0.5845091624789897,11.125858201533342
1.526345481292168,-0.3635085727701629
1.1506605156035692,-0.04612560390098886
1.2914415420524543,-0.7599824906138031
-1.4176060397849803,0.6111082842696065
1.739976263539931,-0.6632070585161732
1.7953023395037764,-0.8097145551777519
-2.7439120547645395,-0.4810282478918705
-2.4562895132155047,-1.221103496557466
-0.8165007127301668,-0.43495846798110177
2.3206846992921615,1.009116626559452
-2.531308434426299,-0.8005669387541197
1.3859197897275746,-0.8783311703019118
-2.93089549425274,-0.487910502853226
0.8280731251923594,-0.3243385346113099
-1.9100121649518433,-0.1646501350682126
4.492126595444412,0.23399576030993902
-1.1960855542355944,0.7434311240317898
3.080751690468141,0.45093033591163156
-2.320423694250723,0.27741875706647645
1.9284346314161858,0.14979069879896223
2.650716140096597,-0.07092159979741787
4.456254069401375,-0.062024634026124466
-2.3347985633541177,-0.5850944596941738
-1.9733616400070595,-0.3165534590412128
-2.3578436498355324,0.05206317069388801
-1.9880626050046009,-0.021285318444668862
-2.07788247284523,-0.07359588952247467
-1.912472127041185,-0.9073782849920597
3.539425391062394,-0.454362472227211
-2.6723283924318837,-1.3043074033029673
-2.23143370021762,-0.6764028455621305
1.7292451291275992,-0.9384554200423536
2.9312401411176694,0.10344113359529378
3.266440067448203,-0.446436071161986
3.3546244402492365,-0.4472518499519879
0.4551151059944769,-0.010967365736273084
-2.3422158141106633,0.05161971979257192
1.5626666298221423,-0.5136586122924811
2.587884127278974,-0.6413874250067256
2.0432676551695876,-0.22992810169271805
-2.524148785274419,-1.0521058136670944
3.760997490235781,-0.15051679504138485
-1.8409187379842629,-1.1746168304095959
-1.4614727110047472,-0.13365917766024607
-2.745517304679539,-0.8691452498819258
1.637830155364826,-0.6638479355389736
-0.29131494840723654,-0.43784560187762145
2.044225110206909,0.21091072630335522
-2.4111583050546606,-0.5860862385522636
0.9721199174904657,-0.006733308574985142
1.6635876032429526,-1.4987875980364644
1.7907278258034958,0.11745158551732826
-4.158544881575505,-1.4184145401174588
1.1705759741458177,-0.20600841851631027
-3.8178638194960466,0.6155153947713277
-2.3394867491046822,-0.6537525420871974
-2.9916166394195445,-0.03473638507679029
-3.572823138508837,-1.0499825095431177
-2.2292399015727153,-0.9549979979935114
-0.2349533877804729,0.014962819942610787
3.5440119063876154,-0.5688352472889766
-3.139047589739762,-1.1605430527330598
-2.5936362214372597,-1.0231621363465278
-1.708145135640891,0.029853927317053684
-1.614736952070848,0.056220707890472746
-2.0999679126514197,0.11326238365215
-2.1255459398091423,0.1370032323660212
0.14870372029479398,0.6953179488265312
-1.8299956906588453,0.28187772512779574
3.0503854728400404,-0.48364359534559387
2.463844886642337,-0.15359151590721384
0.8080020869503429,-0.175302546116096
1.9520282646081561,-0.8121228788028401
1.787703777028382,0.08875293364722332
-0.2677243315096312,0.6626801697952628
1.2967774990095784,-0.5751572661931761
-0.006341488642117172,-0.13492439402111675
-1.8919034453912105,0.03627590698641382
0.9543920597260677,-0.6844708606829163
1.4078773573990062,-0.7749310167080286
-1.2434884722909085,0.34666059277839095
2.308972220319168,-0.80635402085493
1.9923390643659298,-0.024544007129133363
2.446136118509008,0.8080044389672404
2.7260212236633303,-0.7952256888119167
-2.548100843050838,-0.9154144608428334
-2.6012493400082697,-1.1493640265864729
-2.2770141719867363,-0.5023735347929411
0.03183261226612674,-0.09454195592072659
-1.9353534948697433,0.36906283169765103
1.9475120445073053,-0.6422652479835094
0.865762357464593,0.3249336701900873
2.690313548003986,-0.1083150095591014
-2.510841842867458,11.070019036344592
-2.0834051667585425,-0.11280330244905279
1.0870664041175022,11.499966801714974
0.8674093308544703,-1.344982203181163
-3.405806769214076,-0.5991031408672812
-0.5019211816399821,0.45502080186009547
2.72292268022409,-0.5992240321601432
2.253535559922919,-0.9359842516301129
0.24249998050023516,0.051454592586322755
0.5747468087202198,-0.8372323611734155
-1.9629949442545702,-0.3326741148969645
-2.3182646442571766,-0.9220044918296798
0.06134779888966649,0.18870188856212397
-0.4606434529150243,0.03815539651439414
2.398355913983314,-0.8661918838342237
-3.6099693798877235,-0.31975527515583707
-2.1310543029854765,-0.8770642629348723
2.3379560840929705,-0.4336789393266475
3.012727341585796,-0.6465272776162747
-2.1934661941114113,-0.3786967733369167
2.6951780447118083,-0.44955664839523096
-1.6904100303696041,0.17288779588034772
-1.414574567109746,-0.3810386056159031
2.969716100931438,-0.7208612294437062
-1.819348322589086,0.07424715879183937
1.3373167350169815,-0.5030694817401833
3.3812331857943105,-0.5316627631524404
-2.397582394234747,-0.5624215443635914
-0.8100088568653409,0.20599487309776707
-2.3294505498471993,-0.43029760232401965
2.7412339024733257,0.19742311355583636
-1.6820475338073868,-0.27471745432014366
-3.3078908261717315,-1.1773940168787422
2.6858759156375163,-0.6210213907064356
1.202027225323642,-0.49106409185700695
2.0178036149345258,10.04323955527322
-0.937950176674646,0.019845585174628557
1.708176446629464,-0.5926082622203316
0.10655802362575675,-1.1270550694000097
0.041647603283953866,-0.5393576534971127
5.3801683284270725,1.0595145860696182
-2.7484973310705554,-0.3755094780287398
-2.8416238287910898,-0.7356770125829132
-1.3650659357017485,-0.0691863591224228
-2.8246383985821746,0.2411168119629928
-2.469151974688492,0.22956215423550205
2.019851693789132,-0.7399413238569329
0.6775132751774643,-0.5163990041203841
-1.6707887798582026,0.36519627707642094
2.829143708446366,-1.2060995033654838
0.8964422211338313,0.3959508004938345
2.60208492860417,-0.16876966764967546
-1.823840245667556,10.64534801247048
-2.163605936936084,-0.3604465204232167
-2.939135317977249,-1.2703260933816516
0.7995716295637746,0.06420356713009243
-1.0555016991288289,-0.007811124421200576
2.1047157024630088,-0.3114205267235249
-2.250182063404737,-0.2856990463556155
-1.8475575712834145,-0.0315252326702506
2.398655170031709,0.4292720828208665
-3.1681343056951925,-0.8421368667867085
2.6983863820553777,0.1120505616482512
1.890145782149844,0.5990496709555906
-1.3064225415560318,5.299338132628507
-3.375623699087445,-0.5321230237780243
2.881567746845538,-0.5758514236389761
0.42743876603353337,-0.7412541725000069
2.219241176378926,-0.44625389883589384
3.3117479598758224,-0.30960060669846984
-3.1601470164526475,-0.0966159018640402
3.359464370817502,-0.7894022831260884
4.109114385384577,-0.0949323887510687
1.4148585977449166,0.8221667095101662
2.997530943330263,-0.7754112456584329
-2.4147342836176224,-0.22186639331208827
-3.6532612175429873,-0.9083872585548176
2.9066185352309697,-0.7533365109373045
-1.7801184277187454,0.6513631539338142
3.081101601093596,0.285739126032352
-2.213410790123377,0.020568966663496693
-1.7771975697119913,-0.9724578505863221
-0.19286675787020152,0.12988041726999594
-2.2511974330873468,-0.2728918878700212
0.5143332155544761,0.6140975353818346
0.19547324570073457,-1.113281608425863
-2.908740342141913,-0.9662036733968937
-2.26313902731369,-0.9243424158758209
1.6479620299993814,5.929713425009468
0.7809113072048733,-0.9156895976670612
-2.091538354819511,-0.21155453673867755
1.3461165686463616,-0.5460290353057975
4.461591239257665,-0.12330904456996154
-3.0664762000542183,-0.5706478019268045
2.608144014605535,-0.20958430937148992
2.875080275048466,-0.6981513724560459
-1.8916281985871413,-0.9161295111594715
-2.097614622124854,-0.21895774005889798
0.9671619033154933,-0.9475519383891989
3.5481478505827773,0.41521757394673087
0.6160460286017259,0.27778088836277653
1.7096073111178727,0.2830156345130903
-0.9173940237138353,-0.10094899097623944
-2.2255893220452174,-0.2569224863416164
0.9657806795277886,-1.295450518695594
1.4306741631292978,-0.039968378687230285
1.5586023807020666,-0.7193478317437852
0.7539710769026479,-0.553294680913769
3.9959625523984847,-0.1418530705072317
-2.1514373461514413,-0.37227541008872367
-1.736233765554141,0.22204717947144145
4.604575140000781,-0.2062180311940634
0.6274863053144005,-0.44809686919066
1.46831091735485,4.956226302860967
-1.8208429995564663,-0.6181755753386258
2.184381627089975,0.1364600425584575
1.5079824450357369,-1.4981723735817951
4.471680769808251,0.1554126218935224
0.41165789569345024,0.08596193780107012
2.0948287319579513,-0.8791092175173763
-2.539768423841031,-0.8448848334627413
-2.902793931877582,-1.1456881357732343
2.579907411544341,-0.020843780840877416
1.458605803686726,0.6974367719030591
-1.9037505981607998,0.8433193514905087
1.6520088285612702,-0.7987055312403393
3.536342562055858,-0.8147223303645846
-0.007077390619397579,-0.40013041371035657
-1.157416872156435,-0.27797163284450266
-3.6653599634344074,0.35417112947084123
0.9706708952142523,-0.5482426886180867
-1.7876934658263777,-0.03693163268245221
1.4726888869010537,-0.7128573391497217
-1.214658191346693,0.27083805975691666
2.2256105551941254,-0.0013219542044875705
-1.8746191372588825,-0.04698206554848534
-2.4871830789276865,-0.6559371435073882
1.7786701819996489,0.5180137127327868
-3.0961492274773015,-0.49496153069478777
2.176969481363714,-0.08996086035384161
-1.6203225708636637,-0.3210648762289448
-4.415262077997209,5.580796730674259
-0.5663288536872246,-0.03773300388690565
1.7955571803526855,-0.13277252765951328
-2.8328330494339515,-0.9056321207029476
-2.7670831089756094,-0.8786292171659896
-2.1732166107745585,-1.030893080138984
-3.6324699196140187,-1.228690366240605
1.6358882254390323,-1.3939447601455945
-3.5525073064965746,-0.8994796104669679
3.2310825038645627,-1.085475968473963
-3.0503868563163814,-0.5757413572620962
-4.460255637047001,-0.2674075077248735
1.0721756224672787,-1.0933279899312676
-0.12595061832006677,0.1511269746933557
-3.5620107768069267,-0.786954704609764
-2.943215954088283,0.0006938555489377157
-2.4772461667163315,0.1254866705753594
2.819162344783758,-0.08542813721766372
1.5334035412811577,-0.2412872089979837
-1.319617409059772,0.8509283737708011
1.8987205436840404,-0.2994357100653967
-0.8139752805671552,-0.9324863110589373
4.262656214484414,0.252441718453947
0.4916214583649713,-0.282195981076104
2.0603299694609074,-0.152403543109745
-1.321700036238846,-0.7847199342744811
0.4175935366474277,-1.477384875044478
-1.3161769435864936,-0.15914810413310151
3.2873349261476275,-0.3900256329440321
-2.5469925303700798,-0.5551688340180501
3.2439682965632013,-0.6963794767612498
-2.2878322485604947,-0.05416393967786932
-2.3199393906397496,-0.11493125349498365
-1.9766063249921348,-0.24879835473192732
-2.9647703483122902,0.3638667144019571
1.0764426425098468,-0.5374518160758801
-2.1097717138860577,-0.3841737894539986
-2.7652653462470034,-0.9315956253232995
1.6839590392506072,0.09680802648592002
-1.6178895877286068,0.3409867109632691
2.038001774819785,-0.38213053788402085
4.506303434923487,-0.15805866343087602
3.0054329821659485,-1.2121788303930663
-3.052063424090142,-1.3416056154084925
0.783136657942266,0.8254908331142078
-4.722440133993634,-0.030092842815613925
-3.2663095839421783,-0.3494590980642931
2.7925081765078317,0.07426002472421839
-1.6518118779733073,0.18060292504502326
-2.6127273743305737,-0.29096521021666866
-0.9440882976225139,-0.9084037363681579
-0.7292344934157375,-0.24297679047187304
1.9863790309917944,-0.29212904590430316
2.9884564135247493,-0.7010711103253745
6.068394071129899,-0.03851760287702179
-3.035932428495993,-0.8894426770324194
1.4568144652810562,-0.8620818057219106
-1.730481503435115,-0.5480006269162915
1.4124704712614766,6.5108367868761094
2.5159429997302407,-0.3336131835405772
3.882186215779335,0.13075948627453765
-2.0095791404715153,0.6407138090785539
7.706933317026614,2.0870189396125696
-2.288440383771533,-0.2602782289337016
-0.30761082933621203,5.792906264853748
2.1889696794562745,-0.3641548344133805
1.861027963274887,0.37481014129928186
-2.019341818520631,-1.1559986476917103
-2.217065324267258,0.3966130885559955
2.309527140017328,-0.22735616742228545
-2.0169505471945466,-0.4326098531449066
-2.3631365226676775,-0.46413215348016995
3.751920234799647,-0.0062170242822087345
0.06982687409432932,0.6680403355460455
3.382039973915156,0.8719143017751748
2.3464576851346073,0.0005143787842040005
3.150801614975123,0.482584293310139
2.6352868586715137,-0.21066598091986247
-2.998189914567604,-0.5595045254110094
-0.9745483303373069,-0.13718684507862405
1.0284488889116539,0.11853543826144142
-3.9097213134180575,-0.5610964267052649
-2.057900696193119,0.12066665427690056
0.5416251284481803,-1.149034032424801
3.9184266862938646,-0.3209116006130169
0.7964841534232014,-1.0043582294391264
3.434359310849574,0.11080163367771662
1.7157819456353507,0.26380004098766274
-3.093199045113454,0.2399699486209291
-2.302810223201677,-0.1953821967160029
-2.7718650519229073,-0.4896942560486198
1.226048309709632,-0.5732061650057984
2.5230889096557028,-0.6338764616140543
1.9202128642579175,-0.24875534616205178
3.871360017649682,-1.1368218021163137
1.9813779000586145,0.08270868272194004
-1.6844541339837977,0.20296512218583604
1.122423519849425,-0.5758695296559009
3.0378919617905575,-0.7553942249338446
0.6568752655815739,-0.3160327182030885
1.8168715907381836,-0.7955083957844292
-2.663382870725537,-1.2610609929631902
2.4134998487746526,-0.46196457031378224
1.0657636913325323,-0.7400334548853092
-1.614720619056122,-0.6334738257961778
-1.5274896928209758,-0.07518001198919608
-2.4043393183081068,-1.06225898414153
-2.374630023783907,0.008083799507819364
-0.33478424714134936,0.5655534503146107
1.9934920993613008,-0.7031549205278895
1.3983779894183654,5.336228942501295
1.7414401490632874,0.035273664798149286
1.807850772704207,-0.9433129429791715
-2.0475704218372277,-0.9890948435463955
2.950713127710423,-0.07464268826882987
-3.3175006411625394,-0.8936017323245415
-3.6403664860538045,-0.5998327363530839
1.824755558653769,-0.6975532661117197
1.1929842982726706,-1.0364635961624509
-3.1214065029540077,-1.0274194980563771
-2.3484941344596626,-0.15884908856099705
-1.766570186837056,6.278676176946753
1.382584961496245,0.4512986995715975
-2.9530141439350137,5.349924039394713
-2.4662814971771647,5.831827219938501
0.32231222245851154,0.47223130594557094
-0.8422118137347996,0.41381315867761365
-1.9322727266297588,-0.9960423406674361
-0.9889622506033944,10.335888213994417
1.6164203178824201,-0.9925688818476239
0.6405350407221951,-0.24899201794298972
-0.012536920905223597,0.3479890385470646
-2.9762411816718397,-0.9875823851812164
-1.8356969785231332,0.23609013959253386
1.5242477104260257,0.477654982808985
-2.830663195581108,10.89803856014893
-2.0662347385018744,-0.43110172519232137
-2.457333274058822,-0.756626629483632
-0.7356423941796014,-0.7362267153243416
-1.2748540958959902,0.28452154316226463
2.6995367159840153,-0.9617177142909561
-2.922951099918664,-1.3554155740367382
2.798546496346663,5.735927901689527
-2.8077227838075767,-0.8635966461902683
1.4242524396155032,-0.22583293547742564
2.938028426881439,-1.008917065173721
4.3509839072536485,-0.19152199907812398
0.734292857700544,-0.943837947349887
1.9194013209550507,0.4007892132177651
2.7436427978628073,-0.10382301038933582
-2.8419679359049614,-0.30416716177279524
-2.3088967361427497,-0.8164908784991624
0.32069650756474033,-0.7626590343757865
-2.4985997871926693,-1.0980874245952263
-1.3723311918277656,0.19929053426573504
1.1274453951113923,0.47004470594667785
1.321338176494949,-0.09716779650251327
1.226846248857614,10.995709543348706
3.9995425877599557,-0.1845207433769707
2.3914267675207266,-0.035894846023308155
1.5182719611385314,-0.4647474112412724
-1.782067617474725,-0.27767384495330827
2.762665586232662,0.029929850162706627
-2.0865769643382146,-0.740326683721664
1.5837263991062762,-0.8269050746843029
1.5608656908996494,0.21961874985117816
1.0955312463041984,0.03125794539995987
-0.9196714289774593,0.09686720815720526
2.2466543506729937,-0.24322027805841887
0.30442155793868086,-0.26326940273816934
4.587753975693096,-0.3955552214344577
2.057742472770385,-0.9889522219222681
-2.4779531261392775,-0.783642542891562
2.4800086825665546,0.3636802060217072
3.4097416978843427,-0.7966666299520971
0.8206403816145342,5.668821925048936
-0.19942525690604937,-1.1687206393283374
-0.764730580111262,-0.14184997591026385
1.347177434962342,-0.41022688594346524
-2.3039742719904726,-0.21119119823046767
1.9229183628941966,-0.3077270815928373
-2.49709277637458,-0.9590889827225652
-0.27479746477128725,-0.5323141810665385
-0.5119348218859042,-1.0468049463901732
-2.3822577690884694,-0.8173783922417243
1.4898360161071846,-0.2897450507938525
2.845715474307249,-0.3541943316038407
-3.707459013297809,-1.0743948011536308
1.453033104304507,-0.6977929821273221
-2.265232644330197,5.378146445661597
-3.1206302879547607,-1.2406083615574075
-2.8004214027011045,-0.20930455577012927
-2.641729805456964,-1.5047236065692464
-1.3606145699708672,10.637267482373012
-2.9515833857439984,-0.8214304195529474
-0.05097557623249918,-0.7967051225531465
1.2492341767846953,-0.35796528537570926
2.636294859425975,-0.5656360884003824
-3.07308149713213,-0.9847847101602263
0.6596408131784853,-0.4224945327892034
1.998580353269425,-0.6021867035590223
3.4479028147768367,-0.18485615846197442
-2.765041403487728,-0.5808685871530171
1.8000007538923195,-0.9423009667228885
2.712283476592833,0.15223515772353735
-3.9882430269138047,0.20419523210218668
1.3282536605473578,-0.8380709213464654
0.6180310886563577,0.1490310258476013
1.6928924099631795,0.4401126397930946
2.829136512385578,-0.4283091193055768
-2.519501957025647,-0.9281002052051472
-1.8705073682123243,-0.7626213482171723
0.08589130916953072,-0.4269190265341183
4.089720861883827,0.22885907709960054
-2.6338380032558426,-0.7764137579629408
-2.365004751386198,-0.06009289436937414
0.4515153511093233,-0.9655832000503071
2.1832978252339093,0.9097900831669633
-0.8999457532420769,0.2435589010018626
0.32170733418509256,0.044242417951509884
0.696823345133844,-0.37272211073451567
-2.747388511134644,-0.7457951341377332
-2.8824374113200038,0.9704029126960679
-0.6214192751692655,-0.07080495726339445
0.15522587443773264,5.59581658695922
3.731849048540064,-0.10931541866301622
2.2655503191992685,-0.5658041577097207
3.7395876523565232,-0.0966964888632029
1.0593638173604916,-1.2919276141992395
-2.6786958743704634,-0.1070164382170875
1.58276412522242,-0.8185911339821615
-3.080499541892838,-0.28290489215807
-2.653242390264792,0.28737440673246994
3.458148045469781,-0.003251487093198076
2.080751114516885,-0.1307086413974683
1.944132724974478,0.16287173466668345
-1.459827697315487,-0.31947587065154515
-0.5467395265667248,0.7756602052531801
1.420617684917117,0.005559328777714795
1.808460639779291,0.5867706547543436
2.0543148020083475,-0.6886059923435602
-3.1857373978229386,-0.34624078530347
1.8783312275820678,-0.83922781920564
1.361668291326884,-1.0427454374164864
2.3640213012658444,-0.09389606962693907
-2.911192715422867,-1.1558035871563124
3.0683963412327406,5.051593543598966
3.0126589700241517,-0.5760400632648368
0.8165605846029824,-0.9766451181488454
1.8711454936204572,1.212422560081906
-1.7294705787342834,-0.746540018138012
2.9121977402053023,-0.4064897616686523
-2.083281669238809,0.18867366605871724
-1.8985767602830521,-0.6284278401888831
-1.6423457874878764,11.089210808489813
0.17860758558522097,-0.9223709668412341
-3.2357211229468428,-0.3939474371004797
-2.2593558887382783,-0.3845058344692531
1.0665551289568989,-0.33356558711144835
1.5346667149146662,0.31540842553720105
-2.0803408717035383,-0.12066934086746284
-1.025154799068979,10.980696231441689
1.5996077468592578,0.17832032597116773
2.2963478563340938,-0.9537791137720537
2.020343613563124,-0.6391547692013512
-2.1565721408935437,-0.7866224628940515
-2.3995626961776733,-0.42661580672793803
-2.827777712130057,-1.4912835131540225
-1.6107067751350626,-0.005112472107212474
-2.384455543080049,-1.1006158457582083
1.8150238518586015,0.23753668377432244
0.8397508125985003,-0.30949398919477594
0.20908499189050214,-0.9618319295252619
-1.8747265944913056,-0.03290318553861233
1.9791546771761281,-0.7833421364263489
2.4174277733413203,0.36469769640871413
-3.7069549537848245,11.050644491829356
4.035080450151869,0.1640128206861592
-3.3249095839488687,-0.6541190256254878
2.0901389270252753,0.3026909470707488
-2.83439672489408,-1.2647857656797776
1.2525675654159074,-0.1740375570536047
2.1925725732533508,0.06571157759374996
1.5306165338134425,-0.5129268002211249
1.4955327538691214,-0.5934382789039477
0.5885118141680615,-0.41639837485285236
2.5268795133618522,-0.9065453619463859
2.6854600649418328,0.6999854373710698
-2.5290086966753864,-1.0557521640176573
-1.7805527470395737,-0.28875397664713226
2.6257097735622223,0.18293058516599792
-3.3030507776306477,-0.41081339598618344
0.9096945195323253,-0.03789029715341087
-2.2961102354443086,-0.8212107577159268
-2.187899352179703,-0.2825805199382608
-3.0482052602007017,-0.6166816179044262
-2.0137698984411205,-0.10781839743494226
2.8277164692124908,-0.6960199960268125
1.5308526669103775,4.931916090721544
-2.8479309343637107,0.03612292731756429
0.38240498692031766,-0.951503899038029
-3.255249847935581,-1.383883444419741
3.8705970976978827,0.5667167439605041
-3.195273429914686,5.530806064387539
2.6304435430791178,-0.2819998132231321
-2.7864844155686948,-0.9429023779490129
2.563467516898321,-0.32316373244877133
1.6068244041041737,0.7733036127904159
2.498423641059734,11.100056931924907
-2.7002568625726124,-0.20935949118399946
3.3493998167859718,0.2952050510340114
-2.2693238032002614,0.22732151575373247
2.9926302890220327,-0.1307149179747569
1.401296367818953,-0.18050948261211905
-1.7765269996727306,0.15764901122612293
3.545415667214496,-0.6229115973482747
1.6491981096065114,-0.8943688739510599
3.611384143669833,-0.8178971193175562
-2.250608785632153,-0.5414807767224767
2.3386344816799602,-0.1329705597070932
-2.4309385115916657,-0.47808470444682444
-2.189078206548087,5.410991189997471
-1.8955147027627006,-0.3474498298843828
-0.4863644536575236,-0.3572837558454096
-3.114217946063563,-0.7037534878960965
1.4845473758906607,0.48790544891609106
1.5725134582138147,-0.11330802495148404
2.841609874105485,-0.39881783662820114
1.9291921080147838,-1.1264215963290232
1.2295087637460687,-0.41721266882129965
1.3128365286881407,-0.8994776692874735
3.176070745269092,-0.28699050253977176
-2.271890124605279,-0.6619005366921913
1.3288714543683509,-0.3792220821580405
1.8912514456891074,-0.7192719823426404
2.4110850032775364,-0.010569969644197222
0.1743615564662098,-0.7643982922418224
-1.5445262704804652,-0.34647107573604435
-2.9711042607716553,-0.5826596858199977
0.6295081319394137,-1.057545980492533
-3.1767523133011113,-0.758329393877153
0.8193975017953719,-0.8853998842929489
-2.860771711327248,0.38433732815819505
-0.04856418173100727,-0.4826081020901841
4.962144545388114,-0.007479719295730175
-1.5628987859494723,-0.7396397873410809
-2.1701822535797595,-0.24519620690321994
2.1484976128837534,0.1074796860975124
1.084341676136185,-1.296174734315302
-2.4771186542753543,-0.7321727338507031
-1.8695900546030562,-1.0775929095548449
-1.6761532701592885,-0.6541985977433435
2.3194668937078204,0.1576647652746409
1.3391386707890145,-0.8184442810968116
1.6632589688702313,0.3041861583422812
-0.7672198270446152,11.400022368908484
-2.9272393097018963,0.05938633460705952
0.36260469830683817,-0.5849561218204073
1.7136017972625674,-0.006768389064234733
-1.9780851609367294,0.19325581413516732
-0.5668899974280939,-1.0785543608617765
1.9555901189600133,0.04601028691113393
1.1122294794571632,-0.5103559827962992
-3.760772027545992,-1.134169766315667
0.4375390173119642,-0.5270168619557702
-2.1462484280909333,-0.44457548136032515
3.0993518071101187,-0.6354857531604758
0.5837202635645033,-1.1259324856643536
-2.5966254368726833,0.7755989646458125
1.081246053730055,-0.3699669039713928
0.40997796991404223,-0.9745864593065952
-3.4417734736346297,-0.39208188896877527
-2.0789101361342883,-0.9467950748681295
1.9134315856235706,-0.00820042173757864
-2.209392969806133,-0.9637255460850728
-2.1807822718532686,-0.31547756209614897
0.32972823645286065,0.02015395296924707
0.8506823931213203,0.264109238123198
-2.0920535484626694,-0.4287147433757414
-3.9431116143028366,-0.8966897772249492
1.1759992119056237,-0.16115185677039703
-1.6025269254891759,0.3864793662527524
2.6002150528451846,-0.2596846637297582
-0.20238705232394483,0.01616575860071464
4.178822191628352,0.032384841278995345
-1.7644228085812277,0.22519543393091054
0.9922653885323559,0.1503594706936404
0.6712191504349777,-1.02426313188988
3.113343803324629,-0.4318074187475045
2.731246612869689,0.05439396000978844
-2.2264114675249083,0.13531387145114165
1.5962252657974316,-0.27495058015246854
-2.8631409432087582,-0.333260010969831
0.7788961999414693,0.16054339996401631
-2.501624861738955,-1.3307090593088373
1.7381466649133919,-0.50548170305569
-0.2182537038776781,-0.19110652899792663
3.8787573591454785,-0.1968561502312788
2.0742507911884887,-0.5251098523074508
1.7634453634635485,0.449578238830911
-1.5979141560578962,-0.04345824598475823
-2.8262844311954893,-1.1267446904592806
3.010185149723056,-0.5340991250364633
2.857339892283319,-0.13484711459578555
1.633956855725046,-0.19190777648500093
-2.098603723540416,-0.8158667826142411
2.8373139042463387,5.217936652415796
-2.360614786149097,0.16316370548556647
2.2365776796866084,-1.0948646282189172
-2.209229432719157,0.35824388766265086
-2.3807231389590533,-0.5576782640609272
-0.7705589557370677,-0.6437359007237387
-3.6294349556835086,-0.026559169165180037
3.497623012658315,-0.27837971934302624
-2.4817355113843864,0.1884194105031751
-2.707988874791775,-0.290020344549248
-2.811613799178782,-1.3136948157665826
-1.9751694129137696,-0.42247206306982754
-0.974979198967206,0.3362054308718903
-2.843010853977029,-0.0924989173483706
1.9608313116785323,-0.5732885992712919
2.3694355108493257,-0.699028151690753
3.8137626901718056,0.005930527576519388
1.7838486489372518,0.6891515173931463
-2.25340632644569,-0.5783436006915849
-1.806574934090532,-0.9056783998940351
2.625015235342702,-0.3110569755997521
-3.053313842607998,-1.0936629763356007
2.5134115478630905,-0.27542822229715064
-2.520129925072096,-0.06952446877774895
1.73088576572452,5.16518840072793
2.1156245772894056,0.4746652997252149
2.3209804480575458,-0.7187096839956238
-2.765680741867688,-0.15036939050566941
-3.2627810160534487,-1.0357591068300038
0.8286394572524285,-0.0684317231907892
-3.1691223694966895,-0.6680501307050548
2.4163389353294336,-0.6729041776664318
-0.21758077239855042,0.1250208118680901
-1.5575845519070153,-0.09982186364019782
-3.3844171532218326,-0.8522696383127104
-1.7821084282120039,0.31929530460406647
1.8646602640321952,-0.6869379206679475
1.1913054251666384,-0.6707721454735543
4.363403085733816,1.3122330794516175
1.5564978061369896,-0.7616614347010314
-1.621831933429493,-0.05000870880494885
1.9515323590974374,0.20742351830333294
-2.9494306780434294,-0.6705038734227766
3.2580976859919777,-0.15137735887921092
1.5100748948288796,5.228198897224859
3.3568043456503713,-0.45652877517260726
3.1641231125055143,-0.2077234932812659
0.842557493402823,-0.900207509261436
-1.2813675742302781,-0.7191111911853462
1.4232564139308266,-0.6422774508384621
1.075156605975065,-1.238216286896118
1.816553010699226,-1.227283813232124
2.2809565778097154,-0.3163730556917181
-3.1859910046520485,-1.407396195138443
3.638179673101453,-0.5466569235868108
-0.3303265779485095,1.0194583281164977
-1.922001957343515,-0.44731917352964407
2.256424282901849,-0.2244480355900721
1.555605437503958,-0.9574723874657323
-3.1236018888074932,-0.29201210119680365
1.3614810162667572,-0.5381938996937794
2.337777141321811,0.19763847910956095
1.4478651058649463,-1.3274480371437447
2.9324898932591434,-0.48670630696087896
2.5839837472915073,1.0195686137800593
2.3792029235999763,0.14148961687204714
1.5711172157499045,-1.4452474637979458
0.4692373266887433,-0.9639286936640913
0.6047065690901258,-1.130973674325633
-1.942197044029469,-0.6311235242063289
1.709151426914707,0.21311123778202967
-1.9570390666351023,-1.32391161595028
-2.739267896520068,-1.1053122234838964
-1.790073995406761,-0.3710659253015022
-3.2645943308447922,0.08128351978578081
2.6103928605825977,-0.7885044555695867
1.5551540949216258,-0.25570806839272425
1.389437765907279,-0.6465643408304632
-2.4474435037602946,-0.6166820944447468
4.25940400349242,0.4594375797798549
-2.479369928935233,-0.7240318571763191
1.0033167682104014,-0.6524052238859877
1.2484075518922408,-0.9005444025624677
0.6717391464153808,0.3627160459659096
-1.5062430186022846,-0.11425662143140358
-2.9120237447480872,-0.6147362405021777
-0.5090420015774972,-0.0660991527394786
-2.7584369896326018,-0.7394178778661963
-1.828176087803321,-0.3991597262978115
-1.5545863155948418,-0.7221801048261212
-3.9163185409949826,-0.9599806228037236
-1.1522692302775366,0.3295922099510454
-1.8465752292375919,-0.447065022378716
-2.3822529593917166,-0.03938060549428492
3.6229420080304777,0.8959588711803704
2.8893001892646786,-0.03563470146711163
1.0178537230947604,-0.6217637999562882
0.21770852343728278,-1.1296382306005648
-2.6244314488448226,0.9293197384042874
1.565810775916424,-1.1545962294932095
-1.6454225598862622,-0.341575257297226
-2.1125633024174593,-0.9480649021102691
0.7015147694942924,-1.3053318663174873
1.1951031718359895,-0.5426060417956592
2.6734134793398727,6.16513997035912
-2.5926966715099447,4.765899131140636
-0.17559706076101478,-0.48624191243046966
-3.2836220730769727,-0.5532374653208011
-1.449170765597705,1.0135749684067306
-2.0551942903118348,-0.45240851600114784
1.0133259825422718,-0.845847116407522
-2.679920782950791,-0.9824804012135471
2.0883205414543156,-1.2408105721152554
0.23925141437467914,-0.5029175620769767
-2.178060752011735,-0.44054032787278824
4.121567172627773,0.31460854187162646
0.209210346117412,-0.5444732066381255
0.8948019780585601,-0.15113081940964243
-3.6798821734187817,-0.9299984360887202
2.189995691705807,-0.4619699946241252
-2.8378599674645475,-0.3100920611387003
-2.530738923728542,-0.018122939269115464
-1.6347102757664254,-1.219235707748141
-2.981433620041158,-1.2015187677038128
-2.4118620232424814,5.219541301451543
0.27508193468874076,-0.5812459110741813
-2.0949710888468958,0.055231038588340456
-1.5987956366125242,-0.4421790990616723
-2.201491530199863,-0.32026599528637467
3.5738018457299754,-0.9423801963581527
-3.7429039215800497,-0.20787714706197297
-3.4243224584205536,-0.29077648038566806
-1.7468825205687282,-0.3578454876601664
1.5422816880346073,-0.654463889330945
-1.7096424734906732,0.41909095907215793
-2.584792320904038,-0.5433426686511134
-3.668423395604447,-0.4809521851472731
2.108599342066636,-1.0251475585040302
2.272720759903611,10.500076040017623
2.5022802125736434,-0.7280331929700735
0.39712068594457495,-0.9581772334811893
1.1696928567233216,5.178305082176921
4.241204411793666,-0.25723126449973016
-1.5304655736267305,-0.6045367297517507
3.0984621089974866,1.1644107098487437
2.695136472726088,-0.341204967527973
3.502879181515261,-0.31306867479284733
-3.7998342723886296,11.688061975454579
-3.628503667123194,-1.0099030451220066
-1.9860492687290552,-0.40325522594677315
1.792900698144833,-0.3366218341271557
-3.0186413822086524,10.460404287844447
1.4837764713537533,-0.6928963449922547
-2.9309838668594645,-0.9738357369068379
0.8284479775504381,-1.0098319664078341
1.410996995198537,0.14241502371839015
-0.910571439758768,-0.010312266729709453
-1.9707923285297202,0.3340081765052611
-2.675053963184666,0.09416481193475504
1.367703212677813,-0.3940977519145972
-3.0041288475964327,-0.40474596328936757
-2.620123810316985,4.656745868139405
1.2246893616248165,-0.9811547363405944
1.4446291847835064,0.05421395947235903
-1.2474519335341445,-0.3816033485072889
-1.889364001812287,-0.5427896940577254
-2.6249067705651736,5.256543480424534
-1.4897066550476645,-0.40602614418336824
2.0146602404681633,-0.7688152664447937
-0.7317184577590164,-0.31347820100724055
2.1447560497807707,-0.2167485923771733
2.8289831613146,-0.48453357667102104
-2.1475793316348253,-0.5484026613302504
-1.4756882657776562,5.259073277184789
1.3404741049851379,-0.35078674455758607
1.4601094043812968,-0.33777895300933
2.1554400124459066,0.5026741126410179
1.4992524521977235,-0.16432326852668047
3.077925721611188,6.051365382188204
-2.213004498795975,-0.5287668209600149
1.387313995381025,-0.8893020018822331
1.1160815406963873,4.961102295798541
-2.8213367889494814,-1.2253394530265873
0.6026131551916512,0.4090936050619416
-2.1760238248211174,-0.03961956457110506
-1.3365239883672675,-0.30527496054608433
-3.537263412347124,-0.9588594195845651
0.22119907671895458,-1.0573904476869078
-1.1819129577224132,-0.07631558713606387
-2.527473292728676,-0.8006773855136172
1.521848894033047,-1.165973346754157
2.595122322107469,0.30773522531680414
-2.6732558404990874,0.18895276438293915
1.0199207040668352,-0.35756472761521124
1.0992240237086084,-0.9192214509199261
-2.6895425081387025,-0.44591278461609957
0.7055037655622315,-1.071245821272164
1.2007847891258467,-0.47135344960750697
-2.5115979683586973,0.07951906518810432
3.6356121966082973,-0.4416743108538565
-2.425606618728319,-0.05890053586806549
0.9091207512573399,-0.5486350408426772
-1.5233190930560323,0.2668142913401178
-3.019968982281001,-0.25612056681685996
-1.4136048437442763,5.203338833428961
1.8885609456878494,-1.1429096120778663
-2.909511333437808,-1.0397220059522307
1.1872737542982619,1.0783564200203348
-2.5764827861579165,-0.48902525952684106
-0.37988633660477017,-0.21495915079322395
-1.4071080177082191,0.8409547905137044
-1.7726765790826973,-0.3359058166503703
-3.2123389936969735,-0.3213717053511538
2.579115481812149,-0.953038452896624
-0.592552125996314,0.226735782425831
3.1630493754188453,-0.14674180259199196
0.8153250493372203,-1.4067190479068585
3.2170121416062627,-0.5828950981612043
-2.0741841225615234,-0.4065072030465498
0.5973863243480318,-1.0831834268501987
-2.6063295224811296,-0.9614800252512257
0.960022191797992,-0.4452848191167668
-2.2933066847620793,-0.06034536401098955
3.1904506097734924,0.20063950168125333
2.47094848489308,-0.9634177991046938
-1.4228579651785187,-0.678126395492383
-2.2676040170085954,-0.03008702600474323
-2.955535081676433,-0.7579116347722099
2.18605652900138,-0.3243095476394107
3.0338205771854043,-0.6648630428107681
-1.5589587492411094,-0.8345820602547225
2.560916852064637,-0.490952082999213
0.9032220267563403,-0.034343139908128886
3.798925069516126,0.34244546438292794
4.003647427339451,0.037882618168974015
2.0253110146974,-0.3282911491497606
-0.04158374724655111,4.760263076891139
-0.8031671008320287,1.4968963912441744
-3.447348212722846,-0.4925675477041125
2.1392422823867987,-0.5599151789912084
3.966194109976445,0.2789506940591957
2.618073444000781,-0.3103681343205875
-2.185639646910632,0.028576900994949715
-2.395302373800212,0.05576502878010543
-2.303205663432679,0.023731475785870447
3.06582770440755,-0.34064235453357483
3.3800222759460827,-0.27607150012604476
-2.374485004307589,-0.8033034219562097
2.253742166611301,-0.4287683995774226
-2.3091421419023086,-0.45433883896080346
1.8222702129293407,0.5411578001031335
0.6203824779358972,-1.135251755886984
-2.4427159448660336,-0.46870076383298476
0.4801677567616224,-1.1422519651227707
-2.137372444712623,-0.3133302550806622
3.376020845721297,-0.475487793268777
-3.2312895252832834,-0.8215445208928841
0.20045714710609333,0.4383719681227474
1.9749331770967098,-0.294634533904851
1.0289164952611265,11.005683192327368
2.713895034290969,0.8888368317862969
-2.4223870605539393,-0.1717601934735559
1.8454041684496318,-1.3397589159128738
3.5347638326936557,0.16829875707157826
1.6241308581218594,0.4655816734981179
2.7495865551025886,-0.2314332266067629
3.1195750925761527,0.16216562815370364
3.053651793647556,0.6294266931279353
-1.2299651343157416,0.5550555484174902
1.0992923994795214,-0.6540433057127066
2.5405238326437116,-0.16853369516471636
-3.289530930814778,-0.627578102300362
1.3365859046588773,-0.9199666260154433
1.336074350660858,0.18042321282334414
-1.9129898396086982,-0.887779658018831
2.30687571925234,-0.7817805543834773
-1.3858102459199444,0.6345086239984135
-2.1696517226535432,-0.6592091417588684
3.2542615191709343,-0.25633779855628663
3.3265902258226547,0.099405086981524
0.8163357970816486,0.015971109012300793
3.821615868187094,-0.16347918711472562
-3.558267183383393,-0.9112688892992898
1.5554982754115745,-1.1007685471634976
1.5408112364283948,-0.8477549150872996
0.38014016644744675,5.254947138887126
3.427641227279404,-0.4112123985404309
-1.187300836601723,0.2948976859025161
-2.3156699854117666,0.8551178054877769
5.9562031763145775,1.1237209613929804
-2.0875860690125965,-0.19561469205806448
1.9913750390720883,-0.22554017203262597
2.0776217806521413,0.09311427247002392
-2.2141443084765906,-0.281221864004946
-2.767935207834407,-0.25553069942081197
2.103051410935125,-0.2058170624123109
1.8637657610643028,-0.16445968064502206
1.6106041966422775,-0.20439238955673003
-1.6410651353652361,-0.44843740432262363
0.6071386799756145,-1.412019478833323
2.612379714624172,-0.6094516854025492
3.199618383997528,-0.9182412959000901
-1.7621237955288527,0.395650660066838
-3.147613118234667,-0.7297552160785156
-3.168888449343814,-0.748010741504195
2.9363709534704894,-0.054160207333066826
2.3497591898805372,0.7500736603783146
-2.282538245477342,-0.17626899456148004
-3.3848334195847296,-1.0105406666872723
3.1399535429382586,-0.17695500093535446
3.7989275247721097,0.07043943178944935
1.0128857790674288,-1.6750933234271637
-2.759247739684642,-1.07843067128356
-2.3337582125794767,0.02077810411437144
-3.0945618855833397,-1.047261376525545
-1.8757472182138435,0.6443850818434292
-1.5281188490012547,0.048219565051133464
-3.648890311947809,-0.6124247484079248
5.805530014680321,0.42588283879510047
-1.0330270248082405,-0.5089315884516036
2.9472066951921674,-0.9904438393665749
1.9553093517930615,-0.298599048134787
3.7715713627998046,-0.03951842654228361
1.1112936276190657,0.43134641412615443
1.1266515098862142,-1.1322471035504247
3.040912954161573,-0.311805952844422
2.6173605446046806,-0.5825241098898214
-1.6939353393601662,-0.5709571562428262
-2.862648079564025,-0.8851392039064396
-2.3817064942149377,0.2447338472824446
1.9634106069633224,-0.7144654994338957
-1.8561948080484167,-1.0283051403862062
2.215821055022914,-0.7577744698404526
3.7795725372178532,-0.08658811508050036
0.9918594954368466,5.077024372822564
-3.306044579850698,-0.4093869965439676
1.966644409751285,-0.3866686365906574
-1.8978900016868,-0.6975483752078246
2.007281284489895,-0.40145337550780413
-0.3847471348862659,-0.3208305481018064
-2.9768566832661327,-0.806886124624996
2.126844195450841,-0.6807675718963915
1.2070116813048266,-0.44253091779109527
-0.4495783137481198,5.8517844786512185
-0.8989242946594974,0.7824956204667549
2.9606287505820528,0.6422055004981806
1.604359920850136,-0.30024690100957524
-3.026625552837539,-0.6753580516381517
1.1793658369584556,-0.5246890921356945
-1.6975568458151924,0.941668990384059
-2.9276357426507045,0.6440653428173825
2.805715747435263,0.15790098210324743
-2.329213350145236,-1.1391760290923647
-2.6445633035673475,-0.9422895723654283
0.9586551216375679,-1.023149557204576
2.0953451068341646,-0.10802659755436192
2.8237979849307893,0.23833171514239165
2.9559247763191965,-0.9798700650896448
-2.1832646841736914,0.17586193458509788
-2.5561313318296404,-1.1378984435499155
-2.733163414664829,-1.1059393212249795
-1.8602087193652352,-0.32829511849996573
2.7473088551816622,-0.27662585342631896
-2.829733242612255,-0.46364944377542744
3.1985198566988307,-0.770377851820597
1.5075501132369402,0.3992183300090541
-2.782228600763929,-0.45915506810761036
1.212993712519393,0.3469016122029687
-2.702442824458107,0.36334337011246937
-1.952669008143741,-0.6834405833321631
-3.52214232353333,10.677356807053755
1.1041204329428316,-0.7483001563021285
2.2592018106305773,0.19824141286414226
2.8535748171282873,-0.10529619657516955
-1.4843148176525118,1.158708193458558
1.0967755420391956,-0.1533691250427397
-2.9728404987704096,-1.150588811037506
-1.116424215117241,-0.19338077821978303
-1.5345916652052949,0.0443013673076912
-1.4906884852707332,-0.3250899132894952
2.9561108592991463,-0.13294942067458979
-1.8720721084290526,0.19432067354878998
0.8557436934244166,5.241889351856578
0.5405257627242279,-0.1276287919762069
2.183348023976982,-0.7920657358489865
0.28824509386566144,-0.08232288555191918
-2.420026898206256,0.5109977803637225
2.63389122608192,0.37983451473681246
-2.34037582628602,-0.19259562024912374
1.1256130972309053,-0.9024100902385095
0.38650177450851586,-0.3375434199387219
-2.4176439527904074,-0.2868036590198766
-2.7251253137853877,-1.0600188384283884
1.1942526353487448,0.17102662422764736
0.15586771968317728,10.862725980684347
-0.14924913801657164,-0.3709570594800197
1.1031138938801626,-0.5465196385875933
1.506199280630008,-0.36867098359623884
4.242174776011293,0.8938777229053749
-2.7213050089220157,-0.050702784778259354
2.6980941691931735,-0.3213727196459735
-2.5365467445815892,-0.5564693984912051
1.4222453969051858,0.6407258138812498
-0.306356533637489,0.05393083367113876
-1.3803425726055447,-0.46160324076727866
-2.0798441342128084,0.08800802923521442
2.0560329681827048,5.381504388757477
-2.5736022170567674,-0.34914830002861635
3.50910156734309,0.016278434039530203
-2.236550276184717,4.842721535369592
4.076885695706516,-0.23290120279936652
0.13902596868519315,0.31597523844773834
2.5375117031793555,1.1525157464722815
-2.8610046810634904,-1.118488523503541
-0.32296847584781485,-0.19234247179919461
-2.3845232390179554,-0.24531505805239032
1.2310794016831135,-0.4259450121111994
-3.573341461880239,-1.274274345880714
1.7909545380286662,0.15671280348353567
1.6767790997700638,-1.0755791899591798
-0.855416711082804,0.02791593145503809
1.0665686484822752,-0.4629014967418147
3.715837297717823,-0.335085376374234
2.41463800794797,-0.05718341639986104
2.9141029116338646,0.31306439295165334
0.22522841015860365,0.9897722971561841
-2.903144778500783,-0.681449290830772
4.104306591514381,-0.9154340869852448
-1.8163695795761154,0.8455171351967271
2.2095530601454256,-1.1763530044113264
-2.6719577936887515,6.026386496499253
3.2072780505419796,0.2940309397490438
2.3566493009320064,-0.5468765861691384
1.4125322032825167,-0.9719914572844697
1.1031061888788085,0.02275787240271795
0.9813894844357093,-0.5625262194090513
-2.7283723236486694,-0.7676930772535622
1.423926332754373,-0.48057985023661753
-3.23394351131091,-0.7129943917417793
-1.954108716904079,5.090363760487732
2.5934976049305765,-0.6935436861306329
3.5274044184370887,-0.5084692824492364
-1.6074376535493418,0.3387942095487025
2.0245714270521793,-0.3426354634003199
-1.8917414330068536,0.10391741167373833
1.9214962845175094,0.2897540631458456
-1.7819198179947016,-0.3117000075978059
2.7059833115657304,-0.8203570758453962
-1.780747373018937,0.36326586937521593
3.8370478840556586,0.355428602662423
-2.538562112734991,-0.6567548315570557
1.930460602055912,0.07009890719683026
-3.312779377548552,-1.046462649253735
-3.473061470208905,-1.4990747883989652
5.981379523626465,0.6470630591488397
1.9733793889892142,-0.5930852281472705
-1.9620707946497513,-0.5933094154589327
-2.0584251938006006,-0.942934635035473
-2.1812479913512064,-0.9568027673440428
-1.5866735815559945,-0.15976480091222287
-1.9739165160899874,0.6894244123530148
0.8706568017433458,-1.1472741992430593
4.050447768975003,0.6608191255908893
1.042180582851699,-0.20249452566518908
1.854959713270553,0.2518140891995634
-3.059840376554011,-1.3727431245107986
1.0583917918619785,-0.8686604455529094
-0.785320123097911,0.8914038494922052
-2.596512490126806,-0.05730091153939538
2.3030602144686063,-0.33290058000015654
-2.6310860484253893,-1.0542751177766203
-3.82135105426782,-0.2441936306893913
-1.167464920030809,-0.194919830202314
2.5279891421860805,-0.4494142267787333
1.6305141161974441,-0.6159305583581198
-2.6416469028186804,-0.6776969092852302
1.1651458342770344,-0.6746270708186042
1.0008429500728488,-0.018866427813563194
-3.0706022938801545,-0.7598536240581669
1.527652524700907,0.38593110943894365
-2.7920723750342984,-0.8542350162462728
-0.16251869636909919,-1.2527548592224904
-1.7274517278286143,-0.6651188645547296
-2.7844005222705657,-0.2739960671037303
-3.0619974434925936,-0.35857211065213046
-2.3441793345811104,0.38196544722005
3.6079197006198553,0.3314379201985045
-2.588784818399177,5.335027774922706
3.673769829814582,0.12244604166917443
1.0322651449898435,0.23696151956046774
2.1954586976006842,-0.8880438185017274
2.139707149646302,-0.8276062615463106
-2.791589264833205,-0.22573473942888098
2.5451657844457323,0.048024768821727154
2.874578936965038,-0.42934339201259747
-2.7223327775535386,-1.1460286580745067
-1.044127082251103,0.20344335498937158
2.2831327419371723,-0.3820896686548148
-1.9699681024375117,-0.055249304091446856
2.6843777081450275,-0.5486564436478335
2.1213966401992974,2.034959079271427
3.239341267448978,-0.9315604728023645
-0.39561067294714364,-0.7615656582559612
2.806219654629867,0.12726819473515893
0.5093706810864925,-0.6198975939340703
1.2238830822678972,-0.11292171801616321
0.6920651854797499,-0.48558233536649265
-2.9243956291555433,-0.8763282990042823
2.169149670197239,-0.8612735253816132
-0.4847950979611515,0.09337124166362928
0.43728867904477087,-0.34699196739596605
-0.913339422475405,-0.25039467626478895
-1.9420008318343909,-0.09996723180690653
-2.214098443352883,10.82329879698696
0.05699025952630862,5.308516514587486
-1.8037987542566658,-0.15423882437474645
4.0061756253976295,0.5777617218005195
-2.288774363761085,-0.12229161767343769
-0.7673338705628782,0.04650422643078686
-1.859359983227325,-0.30534776000823466
-2.737123265148566,-0.8508310506445338
-2.9074173894273665,-1.212776368772449
-2.4982317144564563,-0.6870356735386652
-1.9385661367417089,-0.8036768205536395
6.377605222070027,0.7559525061996426
2.36711858866776,-0.6029718466048304
1.4617107929040296,-0.7813949510084116
5.015914997160239,-0.10626244120399121
1.7632328485693651,-0.9172216324388488
-1.6149650747090578,-0.3969719510363551
-2.8656130147841763,-1.0154654545967465
1.0202447570323625,0.47281758512819666
-3.5957211591125264,4.787120346627371
3.773813534258705,0.5379329199932495
-0.7623618225207694,0.22402550171332256
-2.511048882046065,-0.5536945178063882
-0.7234125868895465,0.26844475192623196
0.24413897565397227,-0.9246307991974408
-2.3536313482826103,-0.14070400778039485
2.812001187147359,-0.38868859596284944
2.33874044107161,-0.31255202473884003
2.8929928106600875,-0.28940544915648114
-2.0028333840282238,0.06186335744336904
-2.115256508321133,-1.222226564355324
2.2293933346716446,-0.12958718333006602
1.6253019584322428,-0.8979638650540182
-1.8528129674198328,-0.25852192379661637
-2.692705259592075,-0.663193283624188
1.490106629868955,0.30111472693211205
-2.25027340822786,-0.603744089723031
-0.7950329402387768,-0.16566093014268782
1.1640825383654132,-0.20804784542071592
1.8668569785133928,9.791448223068599
1.9834394319906696,-0.4497584948207662
-2.5984243471999036,0.2536774477071745
0.6916560434113309,-0.8198559472059544
-1.5449964070499875,1.0254687300875047
-1.506651301574996,-0.059356803760526995
-2.783344849433286,0.2814055284117034
-1.7798941695778843,0.8456621772797449
-3.0589209547687086,-1.098498894935208
-3.036865833499868,-0.7663439663039161
1.19269963876606,5.184671077682329
-2.773828973461537,-1.258074183597747
-1.268976842609816,-0.4470802610193553
0.09428037019609717,0.07405220763336696
-0.8387481769116595,5.653531615175087
2.5468878851793186,-0.04684094634282212
1.973707972541293,-0.8086316245461299
1.5452876167033183,-0.4788041539045975
2.53930742383311,-0.5796448352155676
4.228597487334332,-0.17365045540607052
2.0482010425597306,-0.08262552303539407
1.4655358195575927,-0.7564041628079015
3.135766129073634,-0.29107422463977567
2.931638979906427,-0.44724322971829594
-2.569586583083337,-0.6450834369449846
-2.4094797482625063,-1.294461340930822
2.000372023651586,4.64704124957195
1.2387119935278397,0.20459532078888862
-2.4095253978037943,-0.6523561727521037
3.764258650205944,0.49774816115958115
-1.9619858230289482,-0.6884438958452694
-3.132498814653787,-1.2531112906163462
-3.346680232512296,-0.16563742502270357
2.5353082010395243,0.25726331843683714
0.3286472076725938,0.397312246979108
2.299234650503203,-0.17158761417278598
0.45540636889291086,-0.9853685006202928
-1.2825011458898525,0.43097313562732315
0.25419133305549424,-0.10248390766633628
0.8325933403944765,0.7485565225177474
-1.0571354104374673,0.40982798235183454
-2.576998640498425,-0.8843843714731827
1.196482745574864,4.6894983759688715
1.0947018921657414,-0.3958719617829616
-2.117062885946981,-0.07622838360482467
-3.203103311109097,-1.38654871540887
-2.205456010563082,11.283565362705103
1.142299198729097,-0.7564748046118088
1.3573675232375852,-0.877063891503952
-1.917446770082492,-0.2876358143421055
2.314173450442865,-1.1503853632373116
2.645724346008545,-0.551543770786043
-2.135569479986166,-1.2206198934491748
-2.2034307486556486,-0.7052365097355566
3.750772842576245,0.04705335757060323
1.2832295471073791,-0.9727144857716415
-0.2987208734253843,-1.3092092171822136
-2.655125499242568,-0.6006737344050856
3.5797574734435758,-0.6655404480896348
-2.160164828904717,5.109690187106646
-1.958926232809251,0.5009551754693183
-2.1629820932992616,-0.379556734265696
1.151910804065984,-0.36303345302432893
4.178160459550567,-0.8231097424639668
2.323902345007662,1.3923752939490315
-2.323374430600039,-0.2642778124190486
-1.2293097120809968,0.29094238779078463
2.1136001498602246,0.48340216440227296
1.3505637680529434,-1.0225126157239262
2.2249778260077355,0.10908646173824699
2.0109534219662466,-0.5779202695961752
1.1031494607558714,-0.6522382275839952
-2.341232801612668,-0.36498062340168524
1.63076938928301,-1.1082274703898825
2.1961423893490934,-0.20373911122691848
1.6329981484872669,-0.16442988215140827
-3.205120374211903,-0.23472256176080722
-0.7449385422639281,0.25420221230443263
1.9160538209370082,0.38008727474268816
-0.04296641464860643,11.041676743170372
1.1010248073583624,-1.32537422447937
2.115481254454926,0.6691243365369856
-2.5963628981735547,-0.6012593547781213
1.6626750173852436,-0.2614310587921249
-2.9927471683145987,-0.6015435372331484
3.4184750551098935,0.9222217165370327
3.847346404812112,0.6419889759627373
-2.7709690528168447,-1.210747962477639
-2.5032823528616794,0.47860251045496743
0.296272318605191,-0.7467235286893097
-2.5235116938436346,-0.41040939466544146
1.0842506902697544,-0.6451486980775495
-2.5070981610745555,-0.3032895762621943
1.3475932565791833,-0.2595606202656633
2.588410793194586,-0.1580306075510919
-2.0907992625921747,0.3530154654516057
2.0022668415160707,0.1854402460609842
0.5329014849514936,-0.6683391192763571
-3.2720933992232895,-0.8033959912458579
1.0885007090705918,-0.6147984536917105
2.456109765564469,0.24942625546289968
-3.4114894121955563,-0.8267932223617632
1.531001778444114,-0.6809710788174573
-0.26051519379208926,-0.33125531717422496
2.0136655547305,-0.6658101189859024
1.4468345214072311,-1.279477040283041
-2.186715887827216,-0.5311056925862182
-0.15502913486810205,-0.7898914125483429
3.4009463791478,-1.0082283444567832
-1.4435503640544922,-0.9541597114783065
-2.869159706359265,-0.4390010031009885
1.6503412974533962,-0.8491032100669874
-2.8306065745029247,-0.6034965511309757
2.872985233323663,0.38413267465049356
-3.829719442958692,-0.28824502271438
1.3380743128270067,-0.748778916760672
2.3896607219825565,5.975105595775886
1.5447020305707062,-0.7388983229941515
0.057891155194080474,0.2637030152743489
-3.273986389765697,-1.379500357865407
3.1071864344013074,-0.2526121243665738
-2.3172613976825285,-0.533914530347705
-3.2706968054848264,5.9493032964838815
1.0290333226345356,-0.9941096172486064
-2.5589993780581684,-0.2326254870627922
-3.448680899748945,-0.8588790805883966
-3.1177945287974205,-1.0155676684535926
-2.4173877400709407,-1.2675561455772457
1.5882651303558688,-0.4990575350591333
1.3836438140496203,-0.037309144716853426
-0.06020838127852682,-1.100261655526573
4.156077443187235,-0.20039337386601044
1.025390059754476,0.0701778295472792
-2.205021429292039,-0.23214288589663987
-1.799272837618247,-0.2753877950035644
2.862697869512857,0.16255013797565762
3.490634809461052,-0.3232932761885263
-2.581666655891684,-0.2064740434412718
2.293875252439305,-0.6637309628516144
2.036817679266198,-0.4823095098440695
1.882532835045723,-0.18529177559076832
2.1599246522611693,-0.28727298972464715
2.5264424250513238,-0.8361136333503296
-0.2507652078108226,-0.25480099330386236
-2.7397315444391626,-0.4079855497741065
-2.8647885584597708,9.984626636458518
-1.6474502505306134,0.1273239658993076
1.6179856402866877,-0.694048864836884
2.335159296346626,-0.16827292574157424
-2.857459926441378,-0.5782686349494955
2.4982407827410236,-0.21586141208895895
-1.9652443793650312,-0.7123202369797883
-1.200273427526216,0.7187377361756636
0.39775229181954797,-1.1935365945752217
-3.204310748006314,-0.8301603708633529
1.784781081997377,-0.4169816960310723
-2.0597484253549743,0.2676977752586088
2.6994619010849705,0.31634877034880843
0.6144698608870663,0.9142054664418541
2.0499341586388367,-1.4877665541926148
1.4499844541180678,-0.7201837630975688
0.7318954324632565,-0.4551443948183704
-2.5357377915085983,-0.6779970809255538
3.4658563683000683,-0.3534641928742692
-2.6093336084479524,-0.11107626769657064
-0.7511777547634009,-0.9158944296487023
-1.321889154050377,-0.20072028854078675
0.5369091333736603,-0.5823957519720332
-4.267230327372204,-1.1173972855210061
1.5470945230609394,-0.5757767548791961
-0.99798852607526,-0.06816692335676103
0.8111540331742046,-0.6361472184241376
-3.074149565499441,-0.6177554249651788
3.076561299946715,-0.18336715369979759
3.1453872585196754,0.15722765284595452
-1.6707046669495305,-0.04632049022820851
-2.141530616250187,0.2416372870533738
2.2517291463003013,-0.3649485145554465
-1.134114314399552,-0.2082229643176221
2.130210111345736,0.12655689582978108
-1.5109831579382815,0.001808366290690773
2.3606041369702573,-0.8762126093487641
-2.554006034836192,-0.392697865997147
0.0245690854830585,-1.1508389614262249
-2.636371455046399,-0.33374122954866153
-3.1560707950972993,-0.6977648985812589
-3.349074791910156,-0.931247292564158
-2.56848642952297,6.065160419500406
3.3520961437776977,-0.332488801570836
3.109975230895768,0.05716926851306286
-0.6382918376959569,0.8091795527174622
-3.162394686234197,-1.1474879121207695
-2.1126529105379164,-0.5775278795781666
2.2485595229804796,-0.24122293853214447
-1.5547145479172004,10.908483710653083
-2.393344456151431,-1.0607604788457994
1.5145060144974418,-1.164314589253423
-0.7931552073392072,0.39344770859096806
-1.424715818340226,0.20496010669177497
-3.2025573102745795,-0.7787458495849183
-2.5637415705063753,-0.24614584307801005
1.2862492322201202,-0.570381626078808
1.970590384757934,-0.6150114785648332
1.3450259222541843,0.21810471569546383
1.079674361790151,-0.1707349835444255
2.556806767104109,-0.5412345844510462
-2.6428191590826704,-0.37332769938342336
0.9619732493725107,-0.300376841732438
1.449472955391476,-1.5003184525649087
-1.552103713657556,0.1622994413959313
1.1143002108667808,-0.01934742572517651
2.964378422198642,0.515424822237592
1.0040686517029949,-0.7469517589718279
1.3507852882743314,-0.39767119779584775
4.012587739853616,0.24295334817196262
-2.5922938975476666,-1.0989994584588383
2.3070286828392867,0.18851548426227827
2.4089723247505215,0.25305603739083327
-1.6152223500649483,-0.7841591760955476
-3.172794734900465,-0.6212181245661811
-1.8306990697963974,-0.06847819058980663
-1.2495876854956087,-0.8789651364342985
3.1755891363372757,-0.06731166013641125
2.421543985922538,-0.6621109029730009
-1.3275074717043265,0.5319244537114132
3.903867708656152,0.7982478263409126
-1.7924286542474779,-0.6819110089398402
-2.5284247815726637,5.002754375689106
-2.396844480181991,-0.7438911509991865
0.6954258564514647,-0.6272510381957482
1.5481107356020691,0.3856456314396352
-1.1702374279908063,0.8177992049621664
-2.666565454768015,-0.17148420774294834
-2.2070175468540554,5.563065761276946
-0.41927509593635975,-1.163610774056089
-4.489476792225641,10.81527724670971
-3.291190786323271,-1.3442573822247474
-2.3077628051263592,-0.8984135361605144
2.0315724845704097,-0.29935114190915085
2.6602441194733455,0.9109134244611562
-1.654016241637458,-0.25934128192924255
1.5352911716562925,0.8324632397549795
3.030800197006971,0.4639087531052989
-2.388739591227376,-1.0525121212814772
1.9861161382860222,-0.5265710402629233
-2.625797904482391,-1.310786359761222
2.318339544212812,-0.08624330122193744
-1.3687422621808807,0.15235135725380286
2.719261976596635,-0.9190253628688162
2.245013214083619,0.5775135357934701
2.099211893272923,-0.7921319403570959
-1.1456097200854407,0.9645655027530776
0.3905421695775305,6.433385986386392
-1.7104654410769937,-0.3155533799113668
2.658463520562257,-0.8281252863280045
2.020901493542446,0.2855501765252536
2.8518529944419235,-0.8573600703299415
-0.8052923829307483,-0.8881994829984922
2.2953735509330455,-0.0626351902074719
4.757642796648678,-0.03784286843523349
-2.5186441249844638,-0.46293647809491983
0.32963930930955887,-0.0566911766229531
-2.395764933051315,0.11372149656132283
-2.6643271598576796,0.3205794647128815
3.1144000386347535,-0.36413823467313283
0.20312593012515304,11.078001661402332
-2.419801978629992,-0.12303581793730489
3.594282613319578,0.34809462303614663
0.37607893871409703,0.10570910468979444
0.8575150905365432,-1.0952432714730986
1.1049927742500243,1.5006881214220342
2.5630343671474685,-0.11571172889936646
-1.6323462239232511,-0.8727889599690171
-2.215735827400143,-0.5602702660967567
-1.6417976360487416,0.14551840297712493
-2.651807380669565,-1.143386254952195
-2.000919529584438,0.7571031728522511
-1.1217633334136583,0.11002417315798949
3.53841053896528,0.5855469961424592
1.9695134234531986,-0.5628814831665608
3.4347256047678196,-0.06967940406698549
-2.9890831341764224,0.43881897621864524
-2.5317170927508146,-0.45501415126270905
-3.4382570959396452,-0.7204774085365658
0.8526426697843589,-0.609615325226845
-1.5608703695682744,-0.15185576752856225
-2.638072070036627,-1.041664885402572
2.4475130055366088,-0.39525423786648245
3.2114518236968177,0.24933545579878372
-0.2923071858520341,-0.24240201470031567
2.2684389960365956,-0.5311833199539248
-2.227689212975909,5.013007908360123
0.5259278715599464,-0.6043518896932655
-0.05772463035097711,-0.37240261006777237
0.3076476296167048,-1.0885074830192616
-3.0470882370332166,-0.7339000529665656
1.061660574462546,-0.5306228100903241
0.9846610623356332,-0.5092702261583544
1.2324634211553633,-0.7553088999977237
-2.3208366427120635,-0.5658145659372091
-1.1889248788296145,-0.5829124690388009
0.4081888817683329,-1.3016547835103478
2.599887004226775,0.037585799544661604
6.7563203719145895,1.4305576118313454
-1.3554700757264047,0.738742049982743
-1.026526298599616,0.7052936904010983
-2.0414573543445087,-1.0259307119074417
-1.5448582551047874,-0.8727010304235774
-2.5274520430831955,-0.7558723279851374
3.0123398977422684,-0.20522498926883515
-1.7147653801150609,-0.2257381652515519
1.1507784844846423,0.31821749127027804
0.8514817602084432,-0.2805552739993935
3.3931469543486314,0.6905925693605979
-2.0817990399397637,-0.25350241381869865
-2.822189469306678,-0.5590029940219741
1.1409571738972217,-0.418690199466317
-2.610542948735809,-0.36967452110017107
-3.1230397007379267,-0.19681103159587937
-0.27895594576260113,-0.26131001853063746
1.1071689072866748,-0.21824131596635252
-1.3483839655829282,-0.5693171985931231
-2.3143348442267326,-0.4504688368703755
-3.054612976733488,-0.4489528505606089
1.8769035482327259,-0.5678723737855674
1.9071847927971548,-0.4135030856963176
3.2832261003105123,-0.4734728037090888
1.5057967213743162,-0.9538796699885426
1.1173781776137381,-0.3522965884884212
-2.018094860435061,0.0883319307294568
-2.4621016546802736,0.5920595175054443
1.6083930704944815,-0.8092375966770093
-1.871354220067387,-0.06300542663427276
-2.709901502996939,-0.11046458775773843
-0.9728279336878021,-0.0038834115041206712
-0.37653110389297223,-0.7077542367253596
-3.3166999285108583,10.688164517772032
2.008146228987645,-0.0454059002149823
-3.4098651591935627,-0.1862737592874424
0.10451722537230804,0.6104187645632424
-2.6133012002676574,0.25601217600361426
-2.591230728968721,-1.110243982135807
-2.584304276579306,0.7554233710859045
1.9406318283093271,-0.5204791760548656
-2.846665388990507,-0.9415039067050774
0.9397655706217608,-0.7580056397779944
2.364504349826917,0.4710128363675202
0.7802354580382024,-0.9224524621060385
2.7950773049770135,-0.5377548272274681
3.7721073692666343,0.1413097337984986
0.850642169867543,-0.7094876948290977
2.515393574048518,-0.884497306283868
2.587193787810879,0.3179078885953504
-2.4106545336464626,-1.2902503179385563
-0.3772192400859724,-0.8109383428307139
4.498518883544573,-0.8522381791988632
0.8345897938439271,-0.5557658102742945
2.4251509048101405,-0.25962278094029323
-1.7371177573628414,0.9675907581796738
1.6394816210159837,0.2845392497230352
-2.8823719626964937,-0.3418998374170798
-3.016493558021785,-0.36718541996838105
1.1230196209512329,-0.3330176501340313
-2.025535060703899,-0.3649870263115573
0.7967091874433798,-0.02956191372139724
-1.1302600903001532,1.1607804029906668
-1.3145168398978717,0.24537921058292053
0.944882986487085,-0.14111674293690143
-1.969144326749917,-0.17758252259229845
-2.5675897850866836,0.10225115824137368
-0.8392767294564588,0.7207161826850996
1.8828745925253523,0.2046543296609757
1.137208216080043,-1.0454346516501933
-1.7850669048556764,-0.29995245074361726
3.165100069852107,-0.7372283907739597
3.204410928028294,-0.3602883898084216
3.3222921069287215,-0.8614159324798966
5.688270110309307,-0.3386596364232486
-0.37732167566010727,-0.6971987008746744
-2.052193879216323,-0.11282409157509143
2.0320720713183036,-0.32312533997170245
0.25243135348755574,5.355457335201529
-2.179171196948428,1.0237245545541036
-0.8773411555511699,1.2461743692196172
-3.62860798739068,-0.6489158345306133
1.451977122283703,0.049882214442807986
2.5855408854695936,-0.06070726523781474
1.680230642335427,-1.2084763057798757
2.7613081974917524,-0.010807562927533506
0.40827716559110316,0.4352623290492481
1.7646571378898306,-0.0706100446446349
-1.2262681604717434,-0.6303839929273892
4.462799065959053,-0.4475353725471128
-2.8586077891181376,0.006602833343494727
-2.7761644503081815,-0.7590404992988851
3.3916444150677867,-0.26584839639935476
-1.315218487183988,0.022671637157681872
3.450440754318693,-0.9141711142272608
-2.8870514095190662,-1.169257370277477
-2.1765779092179773,0.1583027023468688
0.9872445949618124,-0.2512170953959399
-1.7307498070547913,-0.5554918036392249
2.702739067634562,-0.4302910438672116
-2.4647483047139707,-1.0978663358653387
3.535482129019936,0.565423256085231
-2.2940736060725797,-0.9926984731977166
0.32043297781929414,-0.11289091023853798
-2.993436116353379,-0.7295214051307621
0.7047842938694475,-0.33872485624537085
1.0601045875256019,-0.20490073214123253
3.0668376197443608,-0.14629221170689535
1.608895129228038,1.1139023420799223
-1.8467886947658239,-1.1215657289615732
-2.572033088467176,-0.39443456020927553
-2.090523017161576,4.959144793828768
-3.2821604268778226,-1.1854287103424566
-0.49714385755408846,-1.016031296403721
-1.7706158995750385,0.6575852944680664
2.539364930282129,0.4588944275176221
-3.041495715284734,-0.8459637998438005
3.7243604461263775,-0.5552108675878413
-1.8650099411822136,-0.6018942660327211
-2.4775719811667276,-0.2934945509621612
-3.3300629974687697,-0.6057768094142573
-0.4253798690410462,0.5081404982757365
2.610365108126179,-0.18060421266197776
2.9135163691941046,0.7692055184971858
2.5555332896926415,-0.09038430603834739
-1.2057681525250656,-0.9822615675520665
-2.5629610957984497,0.45515033268326016
-1.9659617112785064,-0.33194703543348714
0.9649297836313879,-0.8824900587378856
-1.2547057144032023,0.5603058785399277
1.2628343223691936,-0.8505378426336502
-3.269661938064321,-0.31071153832446097
2.1551144116033356,-0.09159985060248434
-2.411386341093867,-0.633576353059357
1.976818938495709,-0.6414648632343349
-1.630956939753219,-0.42672000916254377
0.9595502164830544,5.629380034341799
0.1729202473643712,-0.8513319747211697
4.892452238370562,-0.5087567415588229
3.4876074256956673,-0.39526209797719597
-1.9238882992255812,0.2507127632105797
-3.109415955722872,0.2588299990852876
-3.1608689154311542,-0.9963499514162137
-3.2105098918263124,-0.598832083965186
0.43524193902320507,-0.4917054272383753
3.553003461973877,-0.21432115311295005
-2.081800449999746,-0.7903747146224213
-1.4650321292319675,-0.15742759764718456
0.4446094332116257,-0.8266490029565555
2.3344797833348814,-0.5302267354773262
1.7661389228141888,-0.38207959276142023
-2.314567857071285,-0.38252392337445856
1.5049252176185846,0.5552086942495214
3.362805597830117,0.08483458788743298
-2.573959981605422,0.8754942082176439
-2.168579500968183,-0.8945607023941774
-2.1934340405603856,0.17797799247343157
1.7487440496138664,-0.29839477143900967
4.783388103906224,0.4116951138468884
1.3538686472868187,-0.31454766961081654
0.6643992983518462,-0.8890604545276634
-3.416637242022153,-0.8679032739613124
-3.0838005846988903,-0.4397050113658476
3.7815402183772737,-0.3553133338658459
2.6353944978837154,0.8550382442293449
0.42939242909199205,-1.1896671175701306
-1.0717244473662424,0.22792959772784568
4.9233277148008705,0.8116960254337744
-0.695936050792431,0.467867065166695
3.207412084181526,-0.1739584528822529
0.61700149061098,-0.09673730045754507
-0.6607559094238383,0.08129180655527625
-3.5254344733955723,-0.9289789958510286
-1.7388294729821454,0.47178698274292546
-2.763548093096877,-0.4820416491783911
-2.1566650849068303,-0.056150395849422836
0.9170950211515393,-0.417102896742819
2.4836031495165596,0.5256691927076423
-2.957969709252166,-0.6477849576262042
0.8405783197152406,-0.9649445462656511
-2.753491740377368,-0.07877228043752268
-1.9839105034792193,0.6116402802189025
3.4652911140811034,-1.1090528032945612
0.7040964869051064,-1.0774140143269015
-0.47879932437109696,0.03758730956988095
-2.6481397637336355,-0.7861889158556797
-1.099861087445391,-0.3054721964678062
-2.6715065506988447,4.70464742793074
-1.862817426848118,-0.4799511087040068
3.5523350114833567,0.02405983798654873
-2.719716484509975,10.32069717268232
-1.7457074103130943,-0.15632725019999194
1.8569085951438602,-0.5639751602271793
1.7422208489281967,-0.5800843834748411
2.5227576908262352,0.07397604737583532
3.13659526894795,-0.38204626047965046
1.939833740446014,0.2407902261608875
2.1972343811811754,-0.7998903185852889
-2.322932931868166,-0.004386670998649678
1.3860578661353982,-0.4422314271285405
2.3979050295694004,0.06587457249405042
1.3549553087516042,0.14961215838301362
1.4669354869725872,-0.47399331935349837
-1.7331078844434273,-0.3848754148636709
1.09329460952824,-0.7454062984198749
-2.207232234481352,-0.9993712332663169
-0.895668383016533,-0.5623959689666196
1.089802580287494,-0.2525811893929454
-0.8882905540065623,0.6279279738505863
4.5314438344447225,-0.46001204749763297
2.5729764032829374,-0.42278917975838975
0.14227975228896908,-0.4298036365105902
-1.6985851043141826,0.1612813808845699
0.6030835229052746,0.3220826959991934
-3.240894826819658,-1.2420470633655758
0.31383650756147885,1.8324803356075898
3.8527146231011407,-0.16198346943618339
2.0529488417725887,-0.6740578346357546
3.6484347629855587,-0.9436569074200937
0.4184183836258907,0.7619236196015834
-4.3263013637470324,0.23873255417907066
1.7489696972939501,-0.8415612011184241
2.852913875770131,-0.5537943823604607
-2.0632662394434917,0.28687014182453674
-0.9791295189051993,0.19253256323466247
-0.24430355314540947,-0.9605628982446746
1.4304758465041942,-0.8432294931827821
-0.2362027374514901,-0.6285331972165911
1.654191253097094,-0.37850627369307777
-1.5034527061592324,-0.592592893428384
-0.6465478110889611,0.30375246455759186
0.678932130872551,0.4254611924457293
-2.8804856159112306,0.2722711261037539
-2.5639936203970697,-0.8589742491769912
0.7490315037759344,-0.8236540471602369
-1.4460703256683243,0.2750406196314952
-1.2370727415009048,-0.8992738288761432
1.7767168862279452,0.014594743325463531
-1.7654225578985745,-0.8349741721832636
-1.5477105857788553,-1.4154742534040445
0.058922930534496515,-0.9794526092605651
1.9697595193135766,-0.7071596115410511
0.581951735420498,-1.2879801131729518
2.9255306412261346,0.8725364107072066
-1.7378245017718923,-1.0080142467578086
-2.452105781117089,-0.4315497860270621
-2.7779897563340175,-0.532573308425599
1.9259469788059995,-0.5540193575731341
-2.351190191050743,5.159893049790296
-2.979621197751259,-0.4696176785464652
2.130686309419148,-0.5891820075563593
1.8907590288242977,-0.5397489281195994
2.7284768470739516,-0.21897194947448903
-3.5414927038934096,-0.7166932744545054
-2.2616868586755268,-0.3321823818414748
-0.3776374397791156,10.422401553400345
1.0508187619194145,1.2579595984929803
2.3306120621085475,-0.5670837086457075
-1.5553956013750185,-0.49478307114989817
-3.016403119765608,-1.1943563670340764
0.7271864863620311,-0.9435480957969101
-2.9860927805606052,0.1052857137485658
-2.853544168524502,-0.7654751437004722
0.38864425267469305,0.18498602327410826
-0.7899602442528235,-0.9696715502050781
0.46256817618308343,-0.43562902294888006
1.1366273454486153,-0.24175808562227677
2.6522611579303703,-0.7514320318875028
-1.8834564633140176,-0.8724978860990508
-2.8664512606655443,5.350635083208591
-2.5144028955551927,-0.5277250745929128
1.2529071151292797,0.7295844119640177
1.7072304238420837,-0.8376418318221289
-1.2241951652890177,-0.20205874823221862
-1.7772791122592744,0.18439788080665195
-1.3857404801805917,-0.5830237008619685
-2.9000083534671384,0.04159417317099961
0.5013124185496435,-0.4159311380773058
-0.5648129841590999,10.303648874412593
2.3126368338062697,0.48419414779475994
-2.220393750086873,0.3768505324895837
3.2223871709216056,-0.3295026500896555
2.4465975140296465,-0.7024175944065899
2.186199412839097,-0.5642625621455115
1.821569541172295,-0.9346975615672575
2.0759401168178684,-0.43556144830096827
-0.6015507491991245,0.37231459822141694
2.501400292467473,-0.4212441281000376
2.355173225710865,-0.6255810874319997
-2.4178873974114503,-0.4735162412065504
2.144248245751245,0.17403401069780208
1.471522922925356,-1.1923647798078367
0.9531272036487249,-0.4797608846468564
1.064560119240666,5.651807484924484
0.1292075073963708,-1.1676286059342273
-1.8769068451655997,-0.3867008087705971
-0.6345479283983269,0.4217494235804576
-0.293369948580157,-0.06793323779959608
0.9970221538274725,-0.8902240257747815
4.495945208995224,0.4074372319144304
4.144826066175366,-0.3939007511995719
0.030029672877329078,-1.18518407186008
1.3343437976437134,-0.9466845300853612
-2.4014545598612314,-1.1990334701845848
0.6067376140528634,-0.6305685069814475
1.0276765758093995,-0.8453676689257021
-2.536817216981681,-1.1173743121098083
3.947227881935416,-1.040662074051692
-1.7736611071896964,0.48993076283617115
2.1797122308411936,-0.7602452079488377
2.3619543154598523,0.2703386433134187
6.352595921437369,0.14805842354809967
-2.0013702757407326,-0.7477563284713561
2.215105199504189,-0.0831329351568444
2.6208855104364566,-0.7084682542029203
-1.2111251550415156,-0.7755593976113777
0.1644470397748478,0.014906991717545635
-2.565195522007412,-1.026837311687602
-3.770821729918174,0.24520010921462218
-2.090754169162077,-0.24881077340757216
-1.593390147641032,-0.14187850368623767
4.502483328627476,-0.6474637495589298
2.1823828342361313,-0.29525237391684633
0.524618821959023,-0.9173398431810941
0.3295514618914497,0.05443799186226202
-2.5755362972551104,-0.9654096256858548
-2.496198831639365,-0.8417221940229385
3.0647333178694423,0.15577242129026903
1.4244118225735771,-1.2008344040761205
-2.523442782917322,-0.22750799019866108
1.7063964302663615,0.15973941001967962
-3.2179769738905515,-0.8929385444091821
-2.409989751404713,0.282188395216147
1.773792660640429,-0.6557694882290984
-2.8018267816834688,-0.47621649192198134
-1.6640977158990822,0.05252007788183745
2.1540651820344814,-1.0944705514102435
0.08396066883211109,0.20416229470599176
-1.974488532698094,-0.8266002616778074
-0.4607964517834971,-0.09096607103643135
1.9930976513548302,0.21223307462870739
-1.6489388403200735,-0.7255563662745221
2.252320341515956,-0.07664297199236601
-0.8570817982142557,0.2552154676195308
-2.5379436063678873,-0.050571747462391355
-1.0088803938097424,-0.5215640364251759
-0.7652816456558089,-1.3554894916107836
-2.41113381372433,-0.8608870411438184
-0.061734510722122854,0.376279065065954
-3.2640512666951547,0.38821015693858957
-3.0375107046858023,0.17556068693184587
-0.6567806721298514,4.814114399288605
-1.36791112765763,-0.9668675725208392
-1.1802716741766814,-0.37753015138184975
-2.6410654838076932,-0.2416191239616228
2.296872395700125,-1.4760619917423277
1.4649342051188705,-0.893528298459558
-2.926529940510601,-0.8597137910097832
-1.563627350415354,0.2298419771767017
2.747326500430406,-0.1825970293971063
-3.0819317594553004,-0.7870422747026738
0.5544703436905256,-0.6786102664389132
-1.4542548075165163,-0.44738027482003817
-1.7489898059410751,-0.4199168926496255
-2.407526810757263,-1.3535016854266875
-1.9295939765227608,0.8367028280606922
3.806252474904641,5.342004748122945
2.1836038720005426,0.005431553289768393
3.231048790389232,-0.7740347414122346
2.5537804915688023,0.3132504603580632
0.10869230364474042,-0.9601103484393341
5.162605812404782,0.07283497301233569
1.1609309482594383,-0.4753139837286778
2.496876214286777,-0.7767285397414007
1.9012878670287758,-1.386530591364952
0.6952658430395144,-0.5921173804063549
-2.852985374174928,0.18437584464788634
2.9254928669785087,-0.9166833146473146
-0.3727457933495378,-0.8047751824656607
4.601885328049405,0.3362405421655378
2.748149774599006,-0.09887964528813557
2.110352245832933,0.2277497653773494
-1.8453794414153082,0.5161363762479751
-2.5524941439950126,-0.804646625571411
-2.8084239209321953,0.0397002661371388
0.28610538126822904,-0.5937312755488534
-1.982350005580007,0.5450378460668152
-2.576111685953311,-0.4874974708518064
3.9315674813491994,-0.46378770023189936
-2.719862912484115,-0.8167040732930174
4.6248290128819,-0.29698765715076175
0.49118368914124144,-0.8042236355508257
-2.9809352661905644,-0.9121733843384973
5.1761120056584735,0.39594402784219684
-0.9720313709258248,-0.6095537700265846
-2.2878822560442393,-0.6332139338657209
-0.02140732884262206,-0.938387813298218
4.711884757541041,-0.3914915817244781
1.8460792808897277,4.854020524885905
-2.9907225541268283,-0.24439295911842937
-1.7700650159958364,-0.18243190998103542
2.9362154712524817,-0.3300393881570978
1.8210507920548291,-0.04020009017740413
-1.5620753667683482,0.5138846514578554
-1.4910517270480146,-0.34255470896888957
-2.9311963823445004,-1.138509399437811
-3.1419077291363586,-0.5940518855453361
2.273936068086054,-0.07410396516712073
2.185571119865345,0.38285278586529475
-1.9724398980524906,-0.7589889793467537
-2.516809631188295,-0.30290656558803086
3.309503378020483,0.042551168809493695
1.2486294846811226,5.792025580532451
0.33335451997644405,0.013515827533720253
-0.1787293855206868,5.233300786986319
1.3289558635555276,0.17419555167927048
0.22933210637298188,-0.4335080869268203
-2.14600596138559,-0.4104927186381108
1.4839666282738702,-0.5573015596646556
-2.150427559178949,-0.10992518061497086
0.354110603142077,0.17501072113133773
-1.041554234243606,-0.18400754475453357
0.6001205357054441,-0.785608530019929
1.9696762985550136,-1.0128286992765623
-0.8710282986508011,-1.0846550090749938
-2.331812503422496,-0.29316668439159493
1.630806285803127,-0.9185979641644272
2.622066381497049,-0.7734499040414852
1.853535583116948,-0.5641693429704047
3.202566157532983,-0.4167858043696666
3.7554141447549974,-0.179940072281731
-1.1556548486633784,0.159087384114127
1.4707676178956564,-1.0371069501603953
-2.6319413568230425,-0.8700712128478568
3.5139238544264275,-0.24092764824312704
3.8783140350552308,-0.833004964613077
-2.464826765397645,0.6146898519404296
2.31257544059594,-0.5098721906585951
0.8086273134387038,-0.5533695209593159
2.1533665636417756,-0.32102915034395896
-1.5401849841697062,0.09993071188482663
3.474571069688109,-0.39359531225831723
-2.2116814010287067,-0.6486062686538082
-1.6845931726495407,-0.4515039507020177
2.2416478642967217,-0.4179116959625739
4.974354296657884,-0.06491370407133008
2.7205537092636765,-0.30661827784492857
2.108919972447209,-0.4669160843158901
-2.468042511821461,-0.6585460043429687
-2.9037743920290864,-0.7347487346649905
-1.5249761065662124,-0.26045909807575945
-0.6549828692524962,-0.8135564946558949
3.4457520240106496,0.06473587025263043
-2.4785234212117992,0.349364121663906
1.8059098331905474,-0.3626417878255164
-1.357494486680422,-0.45347618272369083
-2.4827947780137505,0.10279191580517708
-2.3512259638131114,0.01772441124679949
3.0661404571683972,-0.807098078452948
-1.6242345630588562,-0.05373903912984502
-0.6522089015598653,-0.26879730786188055
1.4539987085889243,-0.6602332532582413
-1.7230795711507967,-0.6013712619263006
3.452898627140379,0.23620277017252816
-1.9107890844783622,0.5234444764573737
0.7370323090339571,-0.43917931381529973
1.8115166469635293,0.2271662019674733
-1.677423317571882,0.08657619659721047
-1.0580967426600365,0.4860494202458156
-2.1176508678682695,-0.8264287548349234
-1.6938257154946337,0.16924289263826417
0.9100002059044582,-0.9882651618939222
-4.0846478348857325,-0.3108854508265482
-1.6129225142910433,0.26802847989843537
-1.2796924133752414,-0.14698823551555343
-2.2003147012938484,0.43648125586644765
-1.266395363073789,-1.0408491664845063
-2.155918777794356,0.36399286389204916
0.9930316042819408,-0.6204496592952634
-1.6629014434603546,-0.6736629634323877
-2.105851850966694,-1.2714966425350416
-1.0023243787323899,0.5538646264033482
3.2906843932789362,-0.8377136282249711
-2.6886528388129074,-0.4855723861629404
1.2038137191882348,-0.44371179627587537
5.309015614231928,0.19252260945399435
-2.4889599539435485,-1.0304389738743287
1.8614000456715494,0.24304161937207786
-2.084553173648921,0.8143998978626653
-2.214651088410706,-1.2973972347215164
-2.38954573321128,1.1221798120203923
-3.2914187237576242,-1.2379310510133936
4.743965368982461,-0.26159128662325004
3.381788366569521,-0.8196908627157599
-1.7298613019268159,-0.3656736103462835
3.0234951479049585,-0.23985000570373802
-0.8461383165880778,0.9515246100106783
-3.35507195767414,-1.1236111203270316
3.231110864000205,-1.081952080860029
-2.4281867359225795,-0.6417042807494633
-3.5141866794327288,-0.8249611405931403
-2.302492849177558,-0.9170765542264203
2.620467363103855,0.0629471106507555
1.2705668556737668,-1.054626387143016
0.931220860552406,0.2073104321788638
1.3253279727262006,-0.6788210924372077
2.858152849297205,-0.40344629197771975
-2.6565554676889804,-0.6509016438991347
-2.8881248716640426,-0.6139653437206295
-0.8137181680884371,-0.7193637359938548
5.033480894944147,0.10712644582901404
0.9485022730503191,-1.712089067894531
2.0299466453965738,-0.8641495199192039
-1.6749848291497582,-0.10618865543004147
3.9628230822471866,-0.06806805947040658
2.1237140320032055,0.12739941020941936
-2.81620492290209,0.31193488459975727
-0.68073108779619,0.48516375502650183
-2.8652437062687346,-0.9775954684471793
-2.5182509680440153,-0.3892496159492886
0.8674185108997554,0.25773189451920087
-2.589135840913853,-0.6291415744136475
2.9181214436227703,-0.5409179137980042
1.4220648615387834,0.2737388575359373
1.0989437395248114,-0.10042116643780721
-0.5258981845941698,-0.5747277080841492
-2.6182985090944326,-0.25439759858360345
1.456497775523012,-0.8733730183749191
-0.6387434742231,-0.6935687429077925
-3.1416918474674405,-0.9244482385824955
4.025037784280373,0.22154529388515778
1.4543667683199917,-0.35582799298600176
1.7516000521299342,-0.7698825038102092
-2.70222256428244,0.448531393110335
1.1964164001206203,-0.24091581017232552
-3.954701268936495,-0.7695171922436513
2.734184444929905,-0.27603747659704003
-2.2154617330283237,-0.8948577753787039
-1.437681226529206,0.2934550487938728
-1.1291371990030274,0.21621622601632304
-2.717818216572427,-0.4499731180272333
1.9696506437598864,-1.09363899183711
2.3159609712559117,-1.155612318627181
2.9984519569755625,0.07019026061224785
3.6004147252383443,-0.3884721819850678
1.2371689775248056,0.037133653532526595
3.0378057453061067,-0.3104164763693661
-2.5333201452765026,-0.6778797798938939
-3.066488753328192,-0.9292295305148659
-0.2143456996554343,-0.4004209766622203
-0.012025290062232512,-0.3097183465695018
2.2519401392490344,-0.3476916261573599
-1.773605281543789,-1.0220776203662636
-2.869872544481819,-0.13942860896310266
1.9612350020417788,0.10378751435987801
-2.280758474117939,-0.3847045669361193
2.6320346450885874,-0.6578687225835113
-2.0219648159374564,0.2798113371126627
-1.930413011506669,-0.6539199527564319
-2.7064646094716456,-0.7538751861372105
-3.0403617496183264,-0.4832193078820505
1.222040981491024,5.6184220967771195
2.9442878842174607,-0.4105260841806088
-2.8925303339837627,-0.8019049990369465
-1.2823787448442179,0.10354508842383539
2.207742693282046,-0.695790151680797
-3.782709850405074,-1.1240671019260993
-2.195653271583784,-0.47952993208636985
-1.8560930031069602,0.6014546540508873
1.4584537382599756,-0.7439117196135191
-3.303053042277686,-0.025530661605391365
-1.9766432450386557,0.10934979383750851
-1.8852820111900026,0.12565587125416927
-3.9016557060308834,-0.5897258144711799
2.7580818574945876,-0.30547200881432673
1.299934878215887,-0.6522560943598459
-2.705592730002935,-0.9497941094017672
1.2429422026812964,0.060795246382908806
-2.860849307273776,-0.9610456790074495
-2.1992674597549695,-0.6537619608983724
-1.4846303772954943,0.23737382457005626
-2.0113014572950605,-0.5592806006594989
1.8494711071800454,-0.02163686218260721
2.469220883487342,-0.400418179051731
-3.1533289972633085,-1.1017740765475568
-2.140497751670776,-0.39975528586832226
1.473769175886914,-0.5230248269433516
-2.7451924506577563,-0.1396591954144159
3.5469765100134527,-0.4595595131064724
-1.6467704087543462,-0.8652931000694934
2.7236295878946284,0.3080805497900806
0.9727198055204477,6.173975938401947
-2.016527747444139,0.21856829364529537
-2.8102156519568013,-0.45723113455527276
2.0846875028227223,-0.3476500584519179
-3.141071027180824,-0.1068334414178308
2.83504137040179,0.03609802764730649
2.0391730616627544,-0.6115128005772571
2.0021012990213376,0.6634004291701125
2.697844111193005,-0.3200046072222986
-2.0415329283246364,11.15078111600483
-2.617724556495459,-0.851229471896135
4.115557872292276,-0.7151744245445892
-2.853432454887744,0.07780606691875715
-1.815580017380656,-0.441086963059618
1.7815672745205666,-0.8390952968683516
1.9403408522983252,0.003555369951957138
-2.0918984819598294,5.441323930328119
1.9348048308763244,-0.5509309892777744
-1.8743032392183134,-0.8948971855825525
-0.7940790861413974,0.03254866651535584
-0.9073310544423538,-0.3941270728835369
2.439188534073555,-0.09307453159316449
1.5327363771013556,-0.8940394413033269
-3.2696693548555147,-0.8928976160697495
-1.9014143336885518,0.015995822294619343
-1.8944015238707939,-0.773679241270743
-2.437457731268933,-0.521377735536281
-3.6670582877718503,-0.3648351620966201
-0.3986723007099056,-0.3652450881338296
4.602766714506741,-0.012038614752629675
-2.869246615792983,-0.5624085361940973
-2.0360052783526976,-0.4183780638319721
-2.097668679591265,0.3871524645949855
-2.20628569295084,0.014947220978636416
-2.434446061328367,-0.8320229343243019
-1.0557473503318207,0.15881403970265678
4.1676424012005215,0.15202823717774594
2.90690670355416,-0.3954020620020628
1.2600617641498488,-1.1052408251441583
2.2783006998211173,-0.1597028273631382
3.958523934667316,-0.5352850297165904
0.13155170587615164,-0.5294914172220536
2.787570983750324,-0.4137298885742771
2.836465085521249,-0.29001033363563383
-1.5732419111604499,6.148743638909141
-2.3199802227265924,0.17986377954273478
-3.0429459808057544,0.2696939960175966
2.12190146240549,0.30192969848781664
1.6692417371670307,-0.7573875790337541
4.332668440104535,-0.0750452600923734
-2.7688591355753798,0.33614753027808236
1.9223707506249026,-0.6130487600079164
-2.680530670177952,0.13390321155669888
3.8902229884009314,-0.5749458316255173
4.187862082081328,0.9771167608948282
-1.8070003217063049,-0.48326746974640267
4.30216844888972,0.3007678566460196
-0.1288007575869719,10.33015476745412
-0.7534271393147505,-0.755211950338487
2.627679392514665,-0.4516066405993519
-1.7260452813524403,-0.38949626157252915
-2.1421395808167585,-0.2751870778413001
0.4288317834335903,-0.8896904270247149
-3.0320769242161933,-0.7748771505245904
0.7877143444452263,10.79223279743395
2.3297628266556223,-0.8790751734384368
2.8681847457935303,-0.4855748861356327
-2.211018875858872,-0.5462883058980689
2.647738333697453,-0.7139441227833436
-2.187931888667709,-0.3269144063568528
1.5623089287225516,-0.6924648332838952
-0.18495883111453537,-0.6171613695584781
-2.6407594241707364,-0.9173000534615647
-3.258479966421662,-0.9819575723496854
2.714084747440669,1.3180330831611058
-1.8649356009862874,-0.5556133127332745
0.38921689703177453,-1.2119188228438067
-2.148612256800765,0.5014791943279004
-1.8746986734514357,0.16973209021113964
-2.9065184519925786,-0.4763903635134295
-2.3739950885108123,0.4176334793524799
-3.2808650022419164,-0.7306622266016937
-1.407661364681917,-0.10099356778291552
1.5080296047304764,-0.3264402982755418
0.9373015416564682,-1.128742003961057
-1.9836994078271375,-0.03227033818724152
-2.3799490677826247,-0.7319335422006631
1.2596666807217387,-0.10238198779030963
0.3425240255286849,0.4833719286217561
-1.681446435014123,0.036190196977132286
-2.574792720132087,-0.5588199283940228
0.7248473656986959,0.056812429649377404
-2.066671506265796,0.1250795618152915
3.8266548919757937,-0.2688142944301978
-1.8031684102631553,0.5732416677496023
-2.687934045874032,-0.5227937205539066
-1.9618113351407307,1.250793049594913
3.0441497995015636,0.5187906403523554
0.5006224777527254,-0.1676249576491521
-3.2793891379612043,-1.259384850950537
-0.761307678878709,10.9651576335855
-2.482346916980109,-0.36754403330564417
-1.178946879389913,0.1999972544909254
1.4558027792114439,-0.2247467071664463
1.2994868982208152,-0.6460674440901215
3.3391043146553754,-0.6585845783006248
-2.8554979666846134,-0.8139642277996302
-1.9333888103230399,0.2508430632621382
-1.0977519133275742,-0.14377033569633138
-1.8795520288197813,-0.8668719938775487
-2.377800798431004,0.4569643858463393
3.5886872345839294,-0.28795982649854296
2.6142475625288712,-0.5915526882647146
1.9200796170310732,0.5781610566645297
3.33686581046009,-0.3276142284258453
0.3862781965155724,-0.9887548342657915
-3.169838818246662,-0.39537163429636035
-1.646933011368089,-0.10288497581399086
3.0965496933311587,-0.5771376961671868
-2.8826768124589632,-1.089368184054007
-1.8608567191203862,-0.35438761195208845
-2.1480761271023807,-0.23331468326006768
-2.4556012070830655,-0.7040048789599311
-3.4058920039607483,-0.9586818579648969
1.2511244670655082,0.44416694788158023
-0.39483934303828305,-0.26274399890271016
-2.5898934775077542,-0.9901749058245937
2.10291060286946,0.0004530197733785102
2.8192816131084064,0.06952627014386363
0.3653384199345665,-1.1861337923212354
4.322892356238977,-1.0849738148046835
2.0315682506815724,-0.37762033499608666
3.116507534513693,-0.34556144774539627
2.1213487574289527,-0.16040019293096938
3.819080841087105,-0.1769448762674011
0.3279621349097023,10.527665711978592
-2.5823416032658484,-1.138247983556391
2.680552079538525,-0.31835662250609453
3.3243088120979074,-0.0023773733922219124
-2.438352797959797,-0.5973596342416894
0.8640685424431033,-0.583349128535529
-3.097820045798429,-0.060882277395160035
-1.2473213975351696,1.190834094928348
1.8274933176991028,4.716816941353057
3.2045102144513407,-0.3394587859308291
0.17500417978142183,-1.2695230524212922
-2.2901552024849634,-0.263457989267009
0.949001244345023,-1.3285536190912326
-3.0703498064780894,-0.6780608716037955
4.018546778967366,-0.28594699255731415
-1.595899629686118,0.02327503697503227
-2.874688846957185,0.42906354786028117
-2.2932267472268286,-0.7566577875469126
0.8504572377862182,0.8342702892163716
3.666324328874975,-0.416543358360345
-2.252461653656384,-0.8856955489938027
-1.8784727946820448,11.648715160552506
-1.8625639466924888,0.03725875689463089
1.3549685453977485,-0.11174844864212446
0.8493612271126263,-0.35109116868979423
-1.3039346810713193,-0.5289836114582761
1.6447448866971355,10.773309877136244
-2.201580979924131,-0.9277707404345094
3.862794662792481,0.9909162850509331
-1.3362794971823269,-1.0874333552516116
-2.428898335005801,-0.7068412672149629
1.9940650248462992,0.009664191798572233
-1.9766450752608729,-0.6088864228291506
-2.416971261799786,-0.2089042592367791
-1.5572766757675502,0.12068537447214268
0.9004801893895961,0.09719428018406953
1.7631619736321054,-0.7709464126499004
-0.9548976066241398,0.20205958986166547
-2.1367388854478864,0.9748847174703238
2.266309543054857,-0.6365196839110051
-3.4612249930120855,-0.19853794732542063
0.2775169584244558,-1.2890267809581581
3.77485670872072,-0.6405148263026142
-2.165119656493661,0.04644531110563145
1.572900609565618,-1.0988106534735063
-1.7165596940459251,-0.30199448933499573
-2.106450468407682,-0.983352271423281
2.4194193641745403,-0.8061122987222907
-1.3919300291709422,-0.9089174261208941
2.0307496202299733,-0.3887764899852163
-2.351111838313016,-0.6521867555025774
-1.8036743376640008,-0.4998693597543521
-3.1467515343099164,-1.2022207642740095
-2.079753102892243,0.1722180844230021
-2.687925086044553,-0.9488329078408094
-2.5773376469057796,-0.6162844339748961
4.274662498329731,-0.36073766057409856
1.8523271717319352,0.31940659830843077
-1.4310921670684433,-0.7192487856132179
2.5383139248663658,-0.7158081383446037
-3.07235077874133,-0.7070006959938369
2.9795670727877894,-0.277671786525897
-2.483129898835118,-0.6966676722965173
1.309193438727983,-0.2854491241067094
-3.438024403035881,-0.44261825619502865
1.6131747982413884,-0.875450292201163
1.2355516388948549,-0.32342177169078995
0.9280345323840705,-0.8682181268359903
-1.4266379164907277,-0.15876417848175764
2.2561619280113736,-0.5882517679531385
-0.0891379945245369,-0.4056623524372184
3.3214518844564815,-0.20655257530575316
-1.0545448580864085,0.4545391995790873
-2.74638274782002,-0.5812733521190971
2.6838276205789175,0.18197963936664935
-2.5579760282975346,-1.1541961077889336
-2.8089575972087797,-1.3184571298592205
2.351753148469098,0.32923687428643233
1.523446179707513,-0.06326904009235897
1.6725618195553196,-1.4004060291508407
0.726442302106613,-0.45792499468890896
-0.8899821187737513,6.256100293868441
4.286888615009569,3.396108162563893
-2.212454003099094,0.9113833795581537
-0.6867786420360487,-0.17751345823139
-2.9518970031301173,-1.3589827170120996
-0.18185150856461457,-1.0910585640473716
-1.6289708168406691,-1.206418127941358
-2.6813020070870834,-0.7039540511663033
-2.015256507718558,5.39430853262454
-1.461579325066188,-1.1329648865952717
2.146047965915211,-1.0506072281217826
3.462942340293617,-0.09934266042376212
1.890053862405227,-1.0905711192423877
-2.5589100266663336,-0.020265642960714654
3.245471552829229,-0.32941038230355113
2.396003865245866,0.3558434820395893
-3.2538750417404967,-0.056030711153903574
-2.0489889321304924,-0.002154976686730237
-1.952381755819974,-0.34868423072280413
2.7785422188067397,0.1029942776445333
2.883990526873911,0.10811688094580618
2.4886566295430197,0.05791421344215402
3.495573082561843,-1.2184585578639473
-3.1864533451990535,-1.0109998703508798
-1.8608501528888624,0.23969267265935265
1.9640343617353697,-0.9691217902200256
-1.9835997059547115,-0.2933758111606355
2.014983711504473,-0.22895127874366453
-2.1012467022468977,0.4481861010332921
-2.361719692297203,-0.13243658453259385
-2.359249265332624,-0.5352633232765093
3.5198215369921266,0.44950073119398776
-2.0380989286452684,-0.563926652639347
5.118646448541708,-0.09040816048111099
-2.235993401729651,-0.25881300578923155
-2.398153342766607,-1.0656584311143715
1.5188885506298908,-0.7831363588937758
3.2273895342673367,-0.6748730833351083
1.6543822471846361,5.171918530262453
2.280760987699585,-0.8238126167921236
2.519015929337575,-0.25911495945144863
-1.2134198374815592,-0.22734571939584808
1.496846022515313,-0.22250890636977919
0.17359426043502893,-0.5495404177026354
-2.167209453498732,-0.2277543877214547
1.6867421324492953,0.02840031286254593
2.6865808711091472,-0.7329957076869127
-3.2826514701182825,-1.0711836095091225
2.1043682869381906,-0.5083828173830472
2.3837996061499114,-0.17867910177138682
-2.0277324033912074,-0.5330321953218516
1.9260593004250985,0.13509024307320955
3.369390651090501,-0.22370325428110147
-3.5312921092696343,-0.7195362816834638
1.69229425632984,-1.1649913669629992
2.99020357546385,-0.7885328871869209
-1.5337505776709015,1.4908926652775742
1.5051394535353306,-0.1820688466519463
2.666679457362385,-0.49894649330861757
1.2567479523807552,-0.753384152365563
4.267397913786238,-0.0707571751196225
-2.8954497307101734,-0.37488197258407807
-1.863609766022896,-0.7052681420740592
-3.4101081529831547,-0.02270659165613937
0.33985670866920303,-0.39778974223674496
-2.631599430939448,-0.0824096045356634
1.9034312190413383,0.04930004242202565
-1.2640181435999123,-0.23450330075870088
3.268673654787472,-0.5674443237332156
-0.8751230445847995,-0.20669042942734406
0.8728687139376485,-1.1319259870801441
4.049082214366016,-0.23032349027648027
-3.0962460328402495,-0.8042551419168559
0.5136984923960952,0.3113689331692645
-0.9228704833085415,0.6518756028598384
2.865718973227405,-0.6174781382421108
-1.5355692126606262,0.00037886634097714854
0.7206851084531879,-0.6051609089341212
-3.604414109972068,0.1464838173593096
-2.7671735545151495,-0.19840448892171503
4.217069264245287,-0.5492698580712999
3.80681443671917,-0.012230522914910133
-1.4821236661076467,-0.536490186496036
-2.863498203995145,-0.06741732281225347
0.7213626724887789,-0.4335237840202864
1.2434425950173218,-0.20979817981173696
3.1612804346303545,-1.1163505161200127
-1.2159664655726976,-0.5811815961085468
0.0691768925448655,-0.7020830091956951
0.6669221831429012,-0.852926189634922
-1.8872602428833598,-0.1563059147541328
-2.080264918938265,-0.7098498054091671
1.4671209274503594,-0.6800276170545552
-1.641906078039666,-0.3968059956176976
-3.0806694018539758,-1.1387620273073362
3.3146595096326603,0.010668261825823958
2.038724916355516,-0.5991430215777075
3.4977807772801475,-0.39077161640443925
1.7444193113577748,-0.19113997109225386
-1.3691105344005825,-0.37987289983526606
1.92689886583518,-0.7322642871770614
2.1199435589546973,-0.4941285822023177
-2.234181413809778,0.5297481127246582
-2.9827139486457175,-1.2212379959158088
-0.33961585351915663,-0.32801839301102625
-1.485249732571167,-0.238883825782474
-2.5535882161052994,4.400826708785913
3.588137815019449,-0.32015933695647464
-3.142040884805581,11.283743869841928
-2.662847404165473,-0.048504178330907484
-2.899177884626628,-0.6199345732759118
4.175257663565021,0.7190319115557856
2.76918014524562,-0.7341883727378593
2.313669718548409,-0.43064714990053665
-2.3774065763872394,0.4806261554397046
-1.3948251834152596,-0.2706987543850887
-0.3287571019684144,-0.4886546879532684
0.42133888042305934,-0.7368387592747352
-1.4573017472453975,-0.823326660663338
3.482802017757612,-0.16451220041000383
2.26407189763148,0.24271604041940803
2.127568463724771,5.102913564763085
-2.2323060234854912,0.4115439016271523
-3.0446973246256306,-1.1875227913202167
3.8599036662900166,-0.1337126668372928
1.5548529904939736,-0.41702767362588467
0.11535606072688334,-0.090732009071578
2.185905327560967,-0.41308233535892386
-3.197163676455181,-1.1086412404957826
0.739641158526098,-0.1854838524858192
-2.8578290356713514,-1.0498394873651424
1.9548583747759456,-1.2034588690912906
-2.551850365451872,-0.9128658995713739
1.9953507148121954,-0.626674624853064
1.4983621136791252,-0.7197426358548188
-2.0538950044521234,-0.24584009249598407
-2.731696086687331,-0.6319516723956551
2.521543709743952,-0.01459603753818324
-0.8961048606766515,1.2756732483133555
2.757826206500266,0.15347392832295767
1.1696906335981505,-0.4671509073174919
-2.466992185448212,-0.5045709808254033
0.8989493496437583,0.2722178454316513
3.5834398729081784,-0.532923309714105
-0.02930931317230437,-1.0233437419187952
0.5635747342112835,-0.0373777416654905
2.0345541161528033,-1.0496256165269893
1.7952644539127327,-0.3766354230854077
2.595650286277373,0.838404775002606
-3.250635841688768,-1.397217476667032
1.7982456508578208,4.8943118429342
1.3467506690117321,-0.09766678372739838
-3.5111671285885486,-1.2209449041590459
-1.4494095300221532,-0.7005395319882914
2.2135894045932596,-0.7323325937305806
-0.3073356083398556,5.58087690755641
-2.178662808259813,0.0318844833175104
-1.6577108046544196,0.46850525484697075
-2.8455682290655315,0.05453683792944948
4.703637371248291,-0.3015773729438489
-2.250066301574483,-0.5616687952402342
-2.0655708704482008,-0.8503996724148466
2.262012026779089,0.18085162407693312
-1.4112800185656527,-0.02784796985936234
-2.767085768569268,-0.041504287715754054
2.675116088362198,-0.6668958734836411
3.6432316877847604,-0.28564112294267024
-3.924937351080515,-1.3507670413681045
-2.532959080921818,-0.8922690773877412
-3.458519037464288,-0.7618037753265292
-1.7150353414365858,0.013692707024542415
3.7757850310408627,-0.15337409274911792
-1.8746071357857768,0.4153431462630856
-1.0913309485710272,0.2802554067858875
2.9829947903109875,-0.3274306462755246
2.8777862831462264,0.8357219076401482
2.214662048732399,-0.06904447044249946
1.8030035545151457,-0.9057422946368122
1.7226687380137273,-0.09893724331364374
2.3294041034116777,-0.17961485604668512
-3.518896593623592,-0.4702343263391606
-2.055488668592521,-0.2087455003047983
0.9921185967030245,-0.854415426486252
-1.9394452647549956,-0.8081085765417612
0.782635687060426,-0.9753305963600707
2.694479533950654,-0.2369919406043927
2.3572091011659886,-0.6712959788198989
1.2732158762157264,0.18907487742150983
0.9225842731275745,-0.8270078011075118
2.837652410770856,0.4203774906279432
-2.3164508636412933,-0.026639500972258263
-1.4825664736671973,-0.03696791158628305
0.38004948453254395,-0.5083618617050548
-2.727455981000189,-1.2505461379034468
-3.189755948592643,0.03178406578150652
1.2700165932354328,-0.4354429908332446
-2.8087965442857317,-1.033897811521432
2.538218492929799,0.07783696872859555
1.8890438488946297,-0.8355867072962305
-2.1786426895204296,1.1148690421153773
2.3991535743623134,0.932569450821218
2.1811413324823183,0.10601036696886959
3.3616402517828714,-0.5728449774596925
2.837743572552131,-0.5447618943397772
-3.579172585897073,-0.4295756396553302
-0.46414702849395467,-0.03838604113257127
-2.0355005526452397,-0.36321971470460745
1.6411845552318693,1.140313398815808
-1.080999903688946,-0.7205376012608445
3.576889844524415,0.12355899592807863
3.3815988175681873,-0.22416386872668115
-2.0174663845026153,0.39986191855335657
-1.7906891777904583,-0.8841675221256022
-2.494621390234648,0.3245688143483488
-1.9001765297115083,0.45064029850987175
-2.577399714239816,-1.0524321047281657
0.6165070900018199,0.40193775019374306
2.5975164334076397,-0.7514931845575886
-2.9433813904514263,-0.6650412662932635
-2.571269439915623,0.09506889470831506
1.9864054919039014,-0.6356306384160458
1.9549715740457994,0.2719101669258437
3.249616087169874,-0.052420572198487794
2.8102350655653305,-0.12235771955268779
-1.9397553619571595,-0.8732708593200385
-3.2360826915275887,10.608881448982581
-1.715390544338407,-0.4138928215702371
-1.879723680312075,-0.35249893566633683
-0.9645598639672734,-0.512113595203386
-3.11459489263719,-1.3523821734040873
4.136385450776187,-0.14637323101051344
-2.618360579092085,0.7047456630036978
-2.8434474749261605,0.7989543837902399
4.451853003912889,0.7035111413525125
0.18761081524983694,-0.6448889673445226
4.657531699245948,0.3151937693960193
-2.662376991998656,-0.6785045608191671
1.2780773562269883,0.1017781577677278
-1.4497699525646182,0.07734748958292999
-0.7441466833688335,-0.14562744045126075
-3.1991646873021167,-0.5957301846056424
1.4739260987677427,-0.09782842193673472
-2.1820944849204054,-0.8698018541677125
0.6762455494181098,0.08692760263260288
-0.14820660131799845,0.3181425008512136
-1.3418795244154686,10.507710553035036
1.975231935321506,-0.9198029131397075
4.957349002029501,1.0331466137790413
-2.231793828045245,-0.27846038971630527
-1.8682251556708027,0.3202585242699681
1.4283263705057645,-0.49452178914272626
3.2973198220093876,-0.3371840434483511
-2.5683232595394263,-0.3584415461117799
-1.8805165815198768,-0.4221893454661782
0.8594162552470943,-0.18243049154872437
-1.030566594803858,-0.21572453568041955
-1.4709677081996977,0.27377076635873854
-3.2450407044466894,-1.2379225673640428
2.319436260100858,0.15907117148108146
0.6473154140523302,-0.8197098498287311
2.122467428377944,-0.43644573719754715
1.9756624321167413,-0.5812358438291835
-2.5977910359335716,-0.8422237490887898
2.0819037928741895,-0.7891088040540546
1.6431016983856441,0.2814904131644188
-3.2068295806031535,-0.5330691870535269
-2.2561201749867617,5.620896954007186
-2.570782802926736,-0.8811703541841828
4.69873152235669,0.5338360129405882
-2.8167031830265614,-0.8375949943117438
0.34533167687049016,0.12194306923704086
-2.1733865490849245,-0.06239734446310546
-2.1382148166331585,0.4635256761818894
3.757576320436395,0.08150377824813348
-2.288904738223263,-1.1504970845239202
-3.100959140536005,-0.5414481454562501
-2.2719933658271114,-1.0346555806996558
-3.640080610786636,-0.7849286328222135
-2.922601114785545,-0.83083072408616
0.48273306897977264,-0.5727833839283097
-3.128969262967539,-0.014189974998410161
-1.9860925407127936,-0.23782432362383318
-2.4077616589664994,-0.2312339426106749
-2.7084205372335486,0.2695623908446171
-3.21199485816593,-1.1576133270853528
0.5428284398849146,0.04427990599702049
0.8616706125365874,6.184032594994761
0.09968767836419626,-0.2502656272019925
0.5033436196490578,-0.7308849151121307
-2.5389838375233573,-0.621843759750695
-1.8690264312828093,0.4053571609739312
1.142069692380192,-1.396800409483686
-0.9467424646115337,-0.22016830854983732
-1.714268440415194,0.2281258524877909
0.7008851120834366,-0.3331667366657214
-3.1870697745511896,-0.02235906418687212
-2.673813285917992,-0.8405977082067052
-2.463494238005951,-1.0898137987943233
0.9568211175577376,10.928607721861717
-1.52855266497287,-0.684775089230239
1.8069973842083689,0.5119731303044954
-2.6015739393276442,5.50921802008274
3.37895320516176,-0.5134514364687289
-1.5855121944488229,-0.002037851643947575
-1.769589737557135,0.1501456924581588
3.7713095249601905,-0.36565765972299397
1.6135437124396328,4.94557707590213
-2.718500996651745,0.13216674703945513
-2.726426994015054,0.2643001859473779
4.3359020534514885,10.311456077466804
-1.7623297045969806,0.8062426409486944
-1.1598798592901731,0.573291298480745
2.260649406365719,-0.7852194513840236
2.2265882754095747,-0.6205059328224706
-1.5595932364481866,-0.05784584768334728
2.8528213760124466,-0.3022844364415035
1.4139547130034795,0.21452527479470826
1.0887673370592468,-0.899328649595887
-3.7606477841814603,-1.0718844393631726
-2.412322734873012,-0.8780757515835459
-2.572473368542198,-1.239370622650922
-0.09340521898130004,-0.3580544133801136
-1.3848452686036292,-0.46777015590324084
-1.8174789926758463,-0.12400564010237422
-1.5987317307305209,-0.11035540371928698
-2.2552388125512377,-1.0786064494910086
-2.376927796611868,-0.8041107921569023
-1.0705500860583927,-0.049564801310621305
-2.2018667307845528,-0.10672692237259385
-1.5192049691177316,0.8897046182018731
-3.0086281209231642,-0.39013663617356636
3.051191927014734,-0.48002153324210406
2.3138477055335627,-0.5731872193137229
-1.1506152335757411,-0.5688676765188013
-2.8449563530828827,-0.6772340686869947
-3.4679271799544025,-0.6246781631020842
-0.4438390809983402,-1.4440527187061372
0.73537658362886,-0.15825172580888125
-2.866627463279952,-0.3457537813476768
-2.9131781544646023,5.866475423701697
-3.3076209097430946,-0.1848478552665294
-0.8479515542225957,0.18406840806168365
1.1603614948287544,-0.893901330786871
-1.3615645809929926,0.008568270623274312
-2.2593739059593245,-0.10085096834098467
-3.018055543338867,-1.4873431194746893
2.684066730484624,-0.5749138839524183
3.038301285216621,-1.0075813450746862
-2.9207984248750973,0.2228163273261928
0.7276895842632735,10.795726598719858
3.3066789913613284,0.3975980890163823
2.170524959371806,5.884833526383333
2.6633125315702193,0.18972436313258034
2.213844842228543,-0.07476594582645217
1.8258416664605046,0.6456222628382944
-3.137075309181555,-0.8483701409246044
2.99872617462776,0.3821138323076915
-0.8643950601731554,-0.6377175771679725
0.963833286043995,5.186519604707437
-2.148668840969811,-0.25323720318335424
-0.5358911966434473,-0.5311258880844313
-2.967557713225669,-1.121877824858998
-2.590399339947873,-0.6714569092476893
2.364287951531738,-0.2996649837984833
4.630558647350275,-0.16236109860161826
1.0293018180844409,-0.8552045192701282
-2.5019653529565176,0.07075637421837187
4.574963587761873,0.20476959465961095
1.8979089985410647,-1.2607870611976364
1.8289856507188111,0.06298310933535659
-1.834252987952315,0.3913828802955707
-2.9105857189745343,-0.461852718342643
3.05846800448242,5.122989989120919
2.3157934878615913,-0.026587662380198773
0.3483764512235157,-0.2712372897717728
1.813396996650512,0.16347896489993516
-2.639446832399833,-1.2424738614783721
1.7601204527916172,-0.5040467940483837
3.406645016258417,0.30514509263015654
-3.183390657027076,-0.6180447919655421
-2.392674031453549,0.39276125198529604
-2.5098651304758417,-0.6116131842688034
-1.9582714019958947,-0.0366447894668744
1.3228563418686912,-0.5621660748519021
2.3918823361699975,-0.5513550831915222
-2.412061609030339,-0.9666525190439084
-1.949917963400053,-0.03221194140823464
-2.307376309962802,-0.4409466362436829
2.4108209719581146,-0.456496197665449
1.5038035732143338,-0.1224113217580297
-2.7989391421637,-0.36457041238112514
-2.6511243468193273,0.05555689952139338
0.8113005188397073,0.1840004343502064
5.248588117018995,0.4531510300302926
1.6237822516125562,-1.4722615570080293
-1.6602628886904651,0.10091701260485583
2.067825909676081,-0.6833753289877182
-0.9463270639395527,-0.4153129864622228
-1.9781959492069463,-0.7197421794462824
-2.8662491293064125,-0.9618423297572164
-1.745978666756349,-0.3125552763659234
0.14453507485298703,0.07842146386009943
1.7898887351155233,5.436142637789208
3.3720985691281276,0.4718816875508934
2.448508496574307,-0.8305110639890185
2.6460127348468268,-0.15311238393909596
-1.942578305136899,0.6115845488506481
3.0396523151462707,-0.3064248469514153
2.5864073008368256,-0.7893844165894076
3.5218123779037684,-0.5601632012745167
1.0018027783961663,-0.4565887593028948
2.384813333739597,-0.611311501041015
2.3142798736649666,0.23637407966503904
4.037062404266672,0.006069975550682098
-2.634584960617468,-0.6329037642645553
2.827829561896589,-0.2066071341574883
2.0806888975068762,-0.8383870554344087
2.452691852263438,-0.2065620973603198
-1.9072729171730616,-0.044733348877647634
2.5964678422278213,-0.47653874530711526
-0.002908994468313581,-0.7756139342445679
-2.927874979781804,-1.2643788287414124
-1.5616528706294237,-1.0932015023782045
3.386125402105017,-0.3474562918940597
0.169541329103897,-0.6381530725003552
0.9096361019245415,-0.6018412420318096
7.336137062018775,0.3965825926362524
2.7678522763356956,-0.5520682903039302
-1.9451179694084444,-0.4191845384117088
3.3097574966654077,-0.5129023035885093
1.6919772581233974,-0.5086592622528517
-2.462116458560943,-0.9504063021219002
3.3123112105894337,0.3436889400996528
4.283321316817275,0.418140917061251
1.43871354368088,-0.39217098323357313
-2.7393119867817846,-0.7743320510898072
3.659597342331455,-0.8978425196493556
2.397280717634164,-0.6263557551414269
-2.0490758346137,-0.10196676423777246
-1.938187669081536,-0.28035754025647325
-1.1995847205135686,-1.3367062383697823
-2.8233685816808327,-1.1642076486666537
-2.372778657470364,5.3440210014615595
-1.500545562588202,-0.07285306777332437
2.24704491798438,-0.5075436685923316
-3.0281881379753353,0.43147480613466455
-1.634695865889601,0.33619843027868573
-1.8700196170490253,0.024589193565203026
-1.2100961588353984,-1.4638206198032966
3.22553316190915,-0.7256482875468073
3.7912247830489263,-0.16951926594196262
-2.2602299225776097,-0.6729762746443742
-2.1182398032863654,-1.0739648036414704
-2.610729011394556,-0.9982320690137279
2.321433665158369,0.4319905472605416
-1.712881541051194,-0.7406748898789105
3.206976082468282,-0.4486829994978791
-2.2395052129160304,-0.8269426480527154
-2.3773984377771313,-0.23749725336256963
-1.720660651662127,-0.6357297928772612
1.858615039609544,0.20966262342026837
1.8746321127363625,-0.4165837760575993
2.7189698224949876,-0.12999955746596878
1.9299005296177594,0.09060940627802251
3.443914284347028,0.9956966697104273
1.6525649956867001,-0.8123538464753728
-2.016369570845816,0.15118743645592578
-2.346406709594446,-0.8239686124333974
-1.3666501644966818,-1.06995134440478
0.2240730886988678,-0.03835035359359469
-2.9126089684597694,0.06798654630023
1.2123502780192834,-0.508507529702285
3.3732147214734107,0.21148353863897906
0.36847840320771474,-0.7540532729738968
1.72449024750729,0.01768337398012473
1.907934341920206,-0.9175074338005036
-2.8409970249698477,-0.701500958297196
3.187362199191617,0.16241127905068445
3.688996950152522,-0.9913791964148322
-1.9675192124752028,-0.26473923952771306
-3.17443785417984,-0.7016169305637509
4.354615859450004,0.5041099513022164
2.9250681959298364,-0.6676281678648108
-3.0763128021863753,-0.9718465014452216
1.6149381364037523,-0.8466619655976564
-2.654363013786118,-0.38522635105741826
-3.255733034370921,-1.2439126389551276
3.5773177869493114,-0.8060098637252953
2.5308880182627647,-1.1337668084972257
-2.071539226252343,-0.34181172203532756
1.645263837260197,-0.6928540212975949
1.1724213328170274,-0.7476394952708643
2.925424979905458,0.43964817600670797
-1.679752608067892,-0.5881717352561815
-3.2284485974888946,-0.6267988757926031
1.3352875331329255,-0.7117455960015809
1.2473175662997822,5.694057503695141
3.1887213976561655,-0.7627349741891586
2.971694509980346,-0.15823765217998817
1.3676874589496426,0.3031245496878525
3.9491067712117256,0.011831697270114442
3.717757752259017,-0.08784201623879952
1.4770027512075519,-0.8027161335827543
3.3608501557007413,-0.6760666653034487
1.4768768928198863,0.08330960934781247
0.6284052547441604,11.68180123026661
2.9840203171282775,-0.4254295852545646
-0.3319019813056231,-1.1273297255608845
-2.0629288779473187,-0.4454868353444493
2.756257328485157,-0.5255012231921932
1.0226277474061745,-0.2778391443222027
1.189193333961225,-0.7149232574986543
-3.483100054910847,-1.2309705357859895
-2.7495461081545094,-1.2853003637663036
2.1235979061742625,-0.8443647888382197
-1.1884123891599687,-0.6893154422298468
-0.04483386185434854,0.2137936795250995
-0.9237468690837944,0.38920362487309396
3.411097632515598,-0.630241055970416
-0.03964637389397562,-1.0448343300682272
1.5942561079355726,-0.6123034638129956
2.654196255745042,-0.1906327228424303
-2.61412083380828,-1.0925575875931932
2.8218962025184164,-0.10901150262765674
-1.676422049502539,0.46650556814290084
0.9016226362323801,-1.0708272657077758
-2.0228941369634814,-0.1599625526764893
2.481967629954374,-0.23292290954953032
-2.966318361323789,0.2137518371389334
1.1882580322115148,-0.9289860222826216
0.3915657056337254,-0.2966504716822531
-2.1634261096724363,0.4355995351739205
-3.0201905129247986,-0.6012294521994637
2.1182770830023645,-0.8999336576274297
1.6214471809799225,-0.4588206046234234
1.8641835917988334,-0.5203569600577551
2.0104377501032853,-0.29844759756183126
-1.9389182091217498,-0.8271835131923786
-0.3660729063106692,1.1255586442410037
-0.9894291700817864,-0.3737694512824084
-0.25211972312597225,0.01610684247421442
1.2437228403366587,-0.3735810358170432
-2.2124082530676654,-0.7467139404817217
3.8256030345238545,-0.1449579416101832
0.9764524834903988,0.1453915746234395
2.18057800028584,-0.1559452097184639
0.22536823305121254,5.266011125486119
-3.2764861691892873,-0.39052053798386815
-3.0180325372137995,-0.4531885668256795
3.3603068335364217,-0.4015400845835139
-2.069129550304168,-0.3027403909295091
2.495347526681462,-0.4996855279657585
2.4833841019663967,-0.3826012730095176
2.7225357978693214,0.12375023434637533
-1.9506619283375557,-0.10483851770372499
2.1302839031242278,0.24926972645110843
-2.809574656265202,-0.9656968580829501
1.7427005962240263,-0.024304237092129262
0.953134966132183,-0.37471502472504187
1.997768370499375,0.2437119066270666
-2.4187436716795543,-0.6003004951479648
4.800844477543651,0.02839120834380734
-1.9916620032018393,-0.3016257512332103
2.158601003124043,-0.5949523607659775
-2.088879113672565,-0.790950436369541
-3.5304290472437,0.21979875045357342
-2.3489103397280227,0.543507205124525
-1.3326926276425415,-0.3608786422624969
-1.825269913557386,0.08877472349078161
-2.7448640180774486,-0.6967669042448021
1.348636912854091,-0.15887493364960234
-1.8220839703438678,-0.5859182496165766
-2.4805344103094473,0.6271708518654835
2.630265394537603,-0.9381787554052361
-3.4985763496642006,-1.4117006146536741
-2.8557723796368006,-0.5924294861424357
-1.02721511679301,-0.3415102925842796
-2.6544826134885127,5.141966255245248
-0.23225419509860143,10.923240109242604
0.689474219904331,-0.1058902965160863
3.1515620779326268,-0.05721375916572559
-3.616724568641459,-0.9074470276055611
1.8838630034406925,-0.43213370258394784
0.8916877992457916,0.5056100949554978
-2.6291073821466386,-0.6264155895026285
-2.0340295618072934,-0.3634168592267698
-3.0047855475738,-0.7234415204573225
1.3732955042555537,-0.25869239521446513
-1.2892063997545515,-0.5935832158692397
0.5763029417201233,-0.7880629504158702
-2.886398755780905,-0.7846376934350675
-1.2128062489405051,-0.8736695727600443
3.5897218993901294,-0.06482697792077781
-3.3107886352372224,-0.5957217062819288
1.6777469365437236,-0.7515656255325542
-2.728313213065893,-0.7660391222919148
-3.1221101831628886,-0.7654185293105166
2.0909640456043546,-0.11973051153354072
1.654513108784733,-0.9236748504407927
-3.233019784594861,-0.7587636056278421
-0.5990685403083148,0.2170101968585498
1.404952635496214,-0.6594242141318598
-2.6515287542558315,-0.551077874786123
-0.624179467936271,-0.7921628168556037
3.197123097320535,-0.1946211560447664
0.1763333684049894,-0.562987072340682
0.6358073193437775,-0.9724844624267217
-2.655398684127302,-0.8657492575377215
3.1661754519060543,-0.16045526480615455
-2.8110920616967787,-0.45071893026507354
-1.9962446058208139,-0.27601309478610614
2.1626034203237166,0.417247761479246
1.7596376588879812,-0.6525299664276693
-2.393698572968635,-0.4246042187128037
2.7545627664370183,0.49857170115276755
2.4546537279930836,-0.4404619083633326
1.3026716926429238,1.0765273531314088
-2.6374199079528173,0.2472045973068739
0.9129582859203299,0.4899005671054561
3.1611181367021985,0.0952315159385651
1.6330351887591184,-0.42486944661128323
1.1358230606220436,11.013638240547252
-3.176765884409536,0.9196169605412258
-3.2997194753328496,-0.7821902170016771
-2.6566903271784033,-0.8201217272684771
2.4572681889441648,-0.8210248474069027
1.5555991786321068,5.461221964058933
-2.8141552644229835,-0.15771071869983871
0.7718206339273271,-0.37787211582862823
-1.9113762849240048,0.25159375268102263
-2.6593054913987753,0.042311674843972205
3.2658867152855446,0.12286360133481178
-0.5041832772378851,0.2323626211068097
-1.7091085749282051,0.0688615679961931
2.1707853957410435,5.275374407480142
-2.289161312177156,-0.640768251255798
1.6319126541027318,-1.1071395200300185
3.0796037757178323,-0.4400846687400753
2.502447837846193,0.2595375375382901
-1.9610766125005625,-1.3351197814217899
1.2770231343736929,-1.177769909829576
-2.4918942744960977,-0.15003511354964238
3.22225605668156,-0.06688217023313554
0.7865797646977538,-0.2604961451364212
1.7701335574660035,0.12511067222350353
2.7344349244727235,-0.9697452957587702
-1.9504199017861983,-0.6504669189444219
-1.1103857512331994,5.667255866372061
-2.3580556815469125,-0.2637515661949193
-1.918202316542094,-0.4726111434492018
4.1100750912680475,0.17910016587132882
3.12902609499619,-0.495151918509775
-2.5655979823160817,-0.8105207229148699
-2.425697876480306,6.035849227281829
-2.257553289694091,0.023727042396542296
-2.540873755525709,-0.5028450933103706
-2.924829684244522,-0.4149229529186917
2.094180190230599,-0.5557663148048916
-1.8191444308592426,-0.6265986259643752
-2.3588776442321504,-0.3310489481409857
-2.439192191936208,-0.8498629190827823
5.630965547821054,-0.25558324282800493
1.583455031510875,-0.5636695117453585
1.25102651755648,-0.9050765567292154
-2.0489012598665544,0.22825428577399517
3.0409301522785364,-0.2976045500680178
-3.1543143813246206,-1.3804396609260585
-3.5381873537872366,-0.7227098405002294
0.18918717749636974,-0.4373704498616282
-1.3368826405839023,-0.055798143364010906
1.566734157597335,-0.9906450557617622
-2.1341533648779434,-0.5783152763008609
-2.2305762705999608,-0.019402190450098285
-1.0192344896043715,-0.6329215181521105
-3.2745269440779237,-0.3598796670674626
3.171118042419943,0.11562592217345041
-2.34347293755081,-0.8497351016638048
3.732182516322372,0.12360370473960273
2.0509948880657918,-0.4344650595315938
5.316612043329371,0.23007190052034507
-1.569896588688022,0.3601683581155876
-2.826198884299961,-1.342216479743184
-1.479546544661833,0.020229121214230674
-1.7253165192972948,0.17629431545672444
1.246866137194385,-1.0374376264773315
-1.7217384528602515,-0.9174561775163517
-2.5766292346664885,-0.5519051935830199
2.57310073174353,0.11775800683666687
4.1637902751258355,-0.1944612465886589
4.214591037711322,-0.1224727060341148
1.880372095336535,-0.7761801518793707
3.2905244664808575,-1.8847614410624125
-3.1229893094424965,-1.030349207905702
0.44062148257958145,-0.721524405826311
-1.1032507827187312,0.29031373432723684
3.3008695374311032,-0.5213306897404172
-2.8764070089003275,-0.30829800530344775
-1.7415323240397578,-0.2546377760785326
-1.8178441509140024,-0.1495292538164863
-2.574313018390784,-0.4324897390162225
1.6204388990071001,-0.3666797472351579
1.6135194959548163,4.79141622149208
-3.13292999356241,-1.3003960851668943
1.3303077854086294,-0.17093116249788307
-2.2087041133308447,0.45226056950584
-0.23415728156175364,0.3323236853952611
-2.148769094465887,0.03287199506604657
2.331096040733489,-0.819936385255816
-2.6546076961226652,-1.2830496055968905
1.6621232176647063,0.47855760570617967
-1.4942140043760053,0.7770265826335655
-2.3956860617038505,-0.3682194583153647
2.3724844256743776,0.31349531164408445
2.5821224397808904,-0.16046916397715208
-2.6299486315631517,-0.018413246337984808
-2.559397596709728,0.23727564263891485
2.333851598489192,-0.03109173534588752
2.556051796529798,-0.47287053985145877
1.7999898743124605,0.3773474708108386
1.4851428046206578,-0.40929551508838996
1.3037293997164108,-0.9975377766913649
2.298544491583761,-0.6083851005206294
1.7555540502831,-0.050047771337105466
-2.789452829744968,-0.30375468470187744
-0.6354103516852447,0.27798274134196377
3.5048647254953025,0.4034339193551831
0.5446343183777174,-0.1989128710868108
-0.7789851988528864,0.21225726581556378
0.33290394395382106,0.17894836695303315
2.7472213951793805,-1.1079810589595371
0.518877325538305,-0.8537610189761768
-3.061577683782715,-1.3285987342144814
2.257229433751469,-0.8342113765394672
-2.7453610801743698,-1.0166532222782503
0.03359243158129285,-0.49441794385408033
1.3457149773517378,0.2701267502311843
-3.1667858214522684,-0.7330211500113176
-1.7845462224159832,0.5732758754142572
-1.031702657894897,0.09193503035372572
0.9849439293360308,-0.2604431839913662
1.243089876410571,-0.8245407576867456
-0.1683389590471807,0.1139981444023809
0.9132767688910278,-1.0721700913025827
-2.819739955240009,-0.9187387001304603
-1.7030618400463202,-0.8165198813339103
3.2854994707728964,0.32088083177326143
-0.7834515941192031,0.18138339979402082
-1.642777930786564,-0.6673504983015655
1.6681046090320342,-0.33344124985294304
1.234510444478407,-0.8918487441377466
-2.5995226590666975,-0.5881501436230113
-2.273837209065868,-1.0239602611708076
-3.3669138771704628,-0.6119450850852058
-2.9268618819760515,-0.24239451959787614
-2.3222685463252106,-0.267956057962603
-1.2490045161989942,-0.5589267109268975
-2.157108427629941,0.16109870212176555
1.7885404007076389,-0.9867932212545439
-1.3269429403197235,-0.049251567513037726
0.8498361317050459,-0.7051818135604304
-1.5517946043376294,-0.2843361752007691
3.0925195577496436,-0.3275205144204609
1.953629381862975,-0.8947400991009785
-2.8443460890064114,-0.701891636794277
-1.510187241305654,0.27901854118394215
2.542763095927228,-0.2008020184114793
1.2101503021090443,-0.4448019880160543
-2.8113163597779933,-0.6491343284975625
-0.34583483148660316,-0.22314841271903654
-2.484038922528661,-0.47343305300149396
-0.24152589823399745,6.1105185468940935
1.5681242177441512,-0.543257531140141
-1.6417468515517628,-1.0942195643157868
-3.1178609622630793,-0.8882715993206364
-3.300600993477802,-0.43779037400077864
-2.3469125041051813,-0.5882841436433057
1.8431995678731137,-0.5471824358967825
-2.511503527004772,-0.04259877809348756
-2.535234509096214,-0.05172745298980103
-2.544808820208143,-0.9048261318902973
3.7321754997167442,-0.2092632924676768
1.4633246165421614,-0.6927744180888757
-1.7660664784687088,-0.08135497660964838
3.6201883894902833,-0.6291291780307121
-1.5269615024941576,0.12048382338720716
2.806279188994048,-0.4922367979681209
2.5010636519941674,-0.6380164004395307
-0.8319945494024574,-0.3420810297387011
4.004944690051165,-0.6710228231003296
0.1991489204884476,-0.6815522204534276
-2.836101906434782,-0.6288755604974623
1.6715182245796818,5.56917686411981
0.6815268150343392,-0.4097843562380154
-1.7283793497920457,-0.7116341190681305
-2.757020694064721,-0.18480047292799537
-2.585636712534429,-0.38665944840611016
-2.748528108417833,-1.2045120981238444
2.8054803396622914,-0.23976199345119223
4.131412580991244,0.1437406168088466
-3.0475477709142638,-0.6460752318421976
2.3838867881995767,-0.900953923831397
1.9447808229464292,-0.9690324747247848
-1.677847705895945,0.5770480012395123
-2.2368692086286392,-0.45330049331249217
1.2137691084967734,-0.00928056725957014
-3.024148871234572,-1.4661366190006038
1.1467222218192905,-0.8127624328955594
1.1451284535325437,5.146708246983196
-2.983409099102169,-1.3241531743690738
-1.031726810800193,-0.22587689040156053
-2.7774700499855998,-0.6753440618304085
-2.7193754982412,-0.34136989509842075
-1.4020518742531414,-0.2465112466855566
5.619821617625094,0.01180813785258337
1.5384860993625729,0.3436370828259033
2.986409699579985,-0.19662772170717488
0.9128573134801101,-1.3145848846913903
-1.9665085771818203,-0.06763347209191382
-2.906163882908943,0.5275926586343518
-0.8070744532302742,0.6419247695486451
2.2289137922571967,-0.7651123613414563
-1.9720612190257727,-0.42254322155872864
0.9277146374818505,-1.0243376206567472
2.250295021661001,-0.8917680785400739
5.354970320331293,0.9046637281278685
1.2103332584609627,-0.20200740244587542
0.8534164733672192,-0.11885489769372232
2.3889597537592313,-0.5376390042883871
2.0678436150466175,0.2962781510515378
-0.867446789147762,-0.8317097573934216
-2.3978989293890782,-0.4259763638189534
-2.069853135413208,-0.5208451156318669
0.6470781557697268,0.5671815262513977
0.9039051049582868,-0.2746215351673921
-2.99369572000704,-0.24526282769567578
-1.9838241187344363,-0.1127754074366325
0.9753856481063109,-0.3099004085171343
-2.4729850314122594,-1.279677687403432
-1.8261982195992492,0.5000298944364868
-1.591927700392911,0.8479225132019509
-2.7380848534803524,-0.7946253440993702
-2.1456886946315477,-0.8518162441541122
1.9394933302265605,-0.8243496444729763
-3.0322827748569274,-0.6984266671558078
0.6559042205706987,0.29788510793200285
0.678909223445065,-0.587048069544671
-1.0480429322058877,0.1259562766847756
-2.455595164839456,-0.6076168201910348
-2.036434807752861,0.04339726257612243
1.854401876623863,0.10348347203485292
-2.4242404231076753,-1.151772755628143
2.375603853313148,-0.8386251797514004
1.4809168338354726,-0.8574828931319691
1.2123607221927128,0.007604976487154654
1.8582923421423905,-0.6226740430816212
-3.6278380628534155,-0.9558534962464353
2.7795905779948167,-0.47168162432662414
2.5324663817651634,-0.8511947584035987
-2.382146645453918,-0.7416310836607173
-2.4707639940059054,-0.6880942159780012
4.847578766071758,0.2975072422629889
3.480431899673665,-0.07375451730772996
-2.3363743287884327,-0.6122863519235572
-1.6816361023571855,0.07144159774431609
-1.7032371974528084,0.06655985920693883
1.6076357698043597,-0.5692121921846319
-0.7618459296194922,0.6774020325037765
2.9579097477332654,-0.6580603663185494
-2.530999656528256,-0.2657579489878587
2.4967929400284166,0.14133485505224377
-0.08440336905987031,0.04972451394978347
-3.1322620156817926,-1.013473218236396
3.8181829262623874,-0.08960324173079122
1.6684344174402486,0.06297636105138701
1.6601131029792495,0.28373332519914907
-1.7554135099386228,-0.35702249348125453
0.8197361163300538,-0.36441675201432977
-3.578070954320931,0.20450049097318454
3.225844303127841,-0.18759116415612917
3.2214185010044876,0.49212820285370024
-1.167566662263432,0.18265860454351354
-2.313620215267885,-0.3503171115126981
-2.5511719395947368,-0.09005394607507197
0.2668332154313827,-1.2759961612570256
2.3459183699931683,0.20995208617092664
1.0080291443316898,10.828825545681696
2.0262236097649557,-0.6840251015892276
2.537421702428973,-0.7998879517394493
1.7983365193123475,-0.22477178273455978
1.6775734829404165,-0.009679929332684429
1.4006819509289798,-0.4372321489177385
2.721172130308117,-0.5756559150860127
0.9060160216524343,-0.3645216722084485
3.5644371406672857,-1.3660721244799923
2.670518924056325,11.366105152687563
-1.2295436619662026,0.05291560339643349
-1.5479624963705536,0.8511215002289777
3.3293984249860107,0.055422492359216306
-0.49975933899459485,0.1675055775462709
-2.196721409609907,0.6454361433529946
2.1337953327672765,-0.9004109499908239
-3.090554310197892,0.28496156152597074
3.7082571390491976,-0.43127820960518864
-1.845351492245766,-0.4490974280437555
1.4035461723107117,0.5066260070877198
1.5719119515019075,-1.2202173123602185
-3.623170098406271,-0.9201980000385497
-2.7822913379815355,-1.1550206235408755
-2.3621753944775183,-0.8810797195482732
-1.5351002735776027,-0.749600043001894
-2.909587307028581,11.256558017429171
0.7783842885186149,0.5447451503054392
-2.9818848520009356,-0.1254231269999371
-1.3054613901886678,-0.380167090428306
4.6622695541427275,-0.17604168954936353
-2.5638127734363736,-0.0403560613925736
0.5241562988809322,-0.4339388566380367
0.6680743587934856,-0.7351366481184287
-2.5763088452490597,0.5434796797219514
-0.007946774567838572,4.6363546088897625
1.759146839689431,4.856242387375825
1.2110777107685229,-1.0348366975410022
-3.486602836785057,-0.5350424886550064
-0.8994312957692915,-0.07938380827189842
-3.6297813379367576,-0.999497067601733
2.7209525106278765,0.18344240859616046
-2.402557870720407,0.3810896808369681
-1.9027802584964895,-0.6275064136595144
-2.4847058163337232,-0.12560808435564588
0.7571284309556501,-0.4508922440081196
-2.350342788723475,0.32435654227414473
3.829788581103179,-0.4385080838589592
-2.8578121804806376,-0.5350925946003854
1.0630406895421431,-0.8804580821816681
-0.21494049978434013,0.723700571046005
1.6672822215991112,0.14931308246184763
-0.8010442295362632,-0.13619026663488396
-2.6075011925452998,-0.09628335953087122
-3.5808868541857506,0.7042592642584607
-2.2701039120325945,-0.2794755687601367
-1.345973484469391,-0.5283637346763557
-1.8564066762569982,-0.969616339203313
0.32547110048881345,-0.3931234085940135
3.1540545977871504,0.32895288029163827
-2.172191090679159,-0.01331274684659587
3.6777380877547117,-0.030475543788695627
-1.800451399746736,-0.42895671911802424
2.313347361449147,-0.9395948295990925
-2.6528377191407446,-0.06914614253473325
4.413324471316458,-0.5438711224985542
1.8387719026735152,-1.296515453002785
1.6364068990863743,-0.447898151849354
3.126450021390245,-0.4952275388942364
-2.1191368767652983,-0.33656750850098294
-2.28999792371802,-1.152936512845292
-3.0658407099822056,-0.7303752649749826
-0.1442543625467747,0.5566887186237877
0.25776476571632956,-1.1599610946955856
-0.24003413858923836,0.3082621941414111
-2.104614231205624,0.036195485277179876
-2.793317803901013,-0.33225413191381437
-1.4407558298085825,-0.05878969844721261
-2.882606401926645,-0.7507167830931921
1.8309731808199885,-0.7466124623217257
2.306005970038494,0.019643223015579827
-3.259641250333886,-0.4742917811750742
2.640956764740741,-0.22846305667445674
3.7931700292966277,-0.431171605814252
0.2354327269909461,-0.3565174962330924
-2.367971535216059,-0.2517631763158624
-2.2001541882897317,6.043591506274324
2.909121942732017,-0.6030990878474085
0.6425999461819883,0.5915321992384981
-2.684974166058511,-0.3518926249076561
2.1063766893692373,0.09930302009728123
-1.6927108377971272,0.2743073571484911
0.06921183551788893,0.20047923154043876
5.609793673487437,-0.05424344233510819
3.9914637997417204,0.2605837604068398
1.3400942894850771,-1.3465618659548089
1.6002717980882688,-0.5113556547688509
-2.326277390355222,0.22237258279959968
3.037998379761212,-0.11795930263463536
-1.8510885031776723,-1.025458989827852
3.2235343745363028,-0.501577018693744
1.6679989326415925,-0.46602084646311387
1.89018956590852,0.7075690280452954
-2.044707485249789,-0.1683253685944341
1.5356372784890535,0.16866573619436082
2.9571666916036636,10.69603278264823
2.654906741750196,-0.5145882272961311
-0.41448657442917086,-0.3773511677581219
3.0470314249977433,0.4477028256542527
2.1388850593622397,-0.13509428773761567
-2.6781220512468003,-0.5477450797049254
-2.740077203346535,-0.9852329306359038
1.228208443638807,-1.225639228950091
2.5692824194261643,-0.9047148694356041
-3.43167734708809,0.5905168179334929
1.114702365115277,-0.8737051697454488
0.9072483952169882,-1.1235638735151885
-2.078369884664157,-0.3264515859113051
2.1316772604879257,-0.6161909149891388
-2.3906673063267836,5.6421464848451075
1.6931637800182109,5.679802958529419
-1.8834026284643788,-0.6386374933323216
0.986977521113555,-0.9290562057733296
2.5216223561382995,-0.5658408504031337
1.8871468087589343,-0.7125867880878529
-3.2584685467687926,0.24157455536823877
-1.4949750684924148,-0.5666800531718731
-1.8420752009674335,0.23309642306586584
2.5505183056086866,-0.21965053507140117
-2.6364181099634814,-0.33425468088072946
-2.496883525694121,-0.344386197094778
1.057953522542045,-0.5126184912255342
1.864764861801285,-0.1574939384704356
-2.193821762008239,-1.0914644067659955
1.77868763995064,0.02371751667596791
4.023293378744058,-0.6946863832240711
-2.663654144426818,-0.026998821322051954
0.903392190183603,-0.4246493044609205
-3.5860643947297075,-0.3762275761490715
3.128231731276726,0.5119565343162422
3.205906435493703,0.33968980208790706
2.0699089285455754,0.06932412700075484
-2.972000906767528,-0.372494344792533
-1.2491956916566846,-1.0014823896914173
2.7190089965430673,-0.4344691129330415
-2.54601424233644,-0.7625666833855558
-3.3420117169890147,4.657239579725218
2.7225488216994522,-0.1374019631965452
1.2331180971616056,0.07024054085174818
2.558276845142685,-0.5180119540994701
1.178311113841093,5.31975614085008
0.5623151637971954,-0.991114293713913
1.6868843531437456,-0.7895937846004139
0.660890074928142,10.746605991271995
-3.6080326630124797,-0.8402577123941062
0.1239996001620706,-0.337574627266197
1.4762577581734069,-0.9358837915974288
-1.2297544021637348,-0.34085991021311196
1.7251456123334226,-0.12035896397263332
2.1779223916144543,-0.10193108404859512
-0.13823796614954043,-0.19253203608252586
3.3550364094519787,0.28174247089713156
-2.8197325369699713,-0.3433041583395402
-2.939659464052068,-0.5980777496698888
-1.7274659188855912,-0.27200858054551424
2.3998436411965995,-0.9206207166301401
-2.49638830027741,-0.6190732830642143
3.2053991486773348,-0.1084304012121095
-1.3142136707719576,0.15618249258093905
1.248376349660826,-0.38749129200983734
-3.2464694602550686,-0.06711769591842386
2.45182519535639,-0.30395799509492705
1.5398406825960684,-1.1652868907896226
-1.8075307866520693,-0.9702770694244008
2.587193369768353,-0.8980919605442091
-1.0772382974782622,-0.20668531704715032
0.913552535939489,-0.7962707950629524
-1.9486509509235355,-0.26254087388554076
-0.39919223400458415,-0.34621216717355874
-1.9415771650057219,-0.7044440217221616
2.233478631578898,-0.5133240246619248
1.6702657454455725,-1.093589878008198
-2.381591956673371,0.7087772588811335
0.40219339353467953,-0.31886265200455366
-0.39172244268881357,-0.6895322093759585
2.0784514797555484,-0.17679180557596333
-1.582715206991124,0.4711242629895899
3.4392461517448853,-0.05778042779377634
-1.688759289874822,0.6588763372994072
-2.2752068271521577,-0.08917669366904654
0.0453921245460239,-0.5179803054786728
-3.4364641000514218,-1.1672591647961847
-2.4285600426329905,-0.9849431654388314
1.929581919614423,-0.24388642461180418
-0.644638031935399,-0.5655569676551219
2.437056930897297,-0.4325512745870995
2.3428733452982486,-0.7124633481095057
-1.9572895751774317,0.7908129863966555
0.42974753135309507,-1.0301894500486126
-2.2560752719515667,0.2171019964960684
2.161027511725885,-0.7434572550888341
-2.625280596176836,-0.7339463528458392
-2.7937573769038266,-0.19577519223885598
2.8620760538934937,-0.21983834139343458
-2.8167121409782405,-0.047161822754149825
-1.7261073838168628,0.679925180527735
-2.321779519376579,-0.6571550790447818
-2.4158976536404575,-0.975785294419909
-2.274401739001335,0.43520713301708175
-2.0605705165679655,-0.3098026871846857
0.3493827197049476,-0.3440190775508916
0.9032348797805024,0.2539849732154492
2.0143384038665086,-0.7337076777610269
0.15183085221783757,-0.8559680643519286
-3.5805821855895825,-0.6121814503039585
-1.808759634581243,4.810023288960786
0.4808447895546476,-0.9511413759164271
-1.280195038489867,1.1764558021607163
-2.0323806353811693,-0.29077581522346213
-1.3367057100449,0.2249509034595498
-0.8457983227330561,-0.10114577121980617
1.6351315586447581,0.297047434419317
0.9539072291728375,-0.018235089650706367
3.2330964800721,-0.21011917016181583
0.1534395194614832,-0.0735087886153849
-1.7357212110488318,-0.22237838257301767
3.8982007179765197,-0.5007744903072109
-2.8855196077516876,-0.5226143136487668
-1.1465588181584145,5.449591733315963
0.6738256072318476,-1.0271561888859735
1.1275493880403835,-0.1430974262379253
-3.9456969294654285,-0.5165360121807614
-2.6114148610866237,-0.25293659361717763
1.1993544960552827,-0.6813874311927604
-1.8587963799905873,0.2220521466942564
-4.217968480040055,-0.9167574616408952
-0.4290237644513573,-0.11615529976597677
-2.973323120030892,-0.9170699869966654
2.323775863589722,-0.7617961078826447
-46.362007869646156,-25.105759155709567
-1.0255609074854677,-0.6852259923007055
-2.551313512773784,-0.710441456513471
-2.875446821279974,0.6140367208845022
-2.7396938192925124,-0.633745480209593
1.1359334064730764,0.23003477704182887
0.7795180716379669,-0.04856248122783469
1.9033161991595424,0.1748552333262532
2.080314223441947,0.12243985956953601
2.7595880350363937,-0.05083521159000264
-2.228579983695799,-0.1413924410821849
-2.1479185953549793,-0.11492134421484132
-1.6796432446720821,0.3401877431591886
0.6305706064158846,0.2007632541724804
3.29770341846713,-0.5888762925402189
1.620346661695297,5.091141210138211
2.3571683397386582,-0.8236269211967199
2.499657248400411,-0.6471463072760419
2.7358625873070928,0.2821745710854367
-2.1734778645646577,6.040812401111937
0.6296237941232569,-1.0893660391419788
-3.505463606222226,-1.5627948599095551
-0.743876321693097,-0.7048079446135803
-3.4531078016453716,-0.5803879352821354
0.31970366649451654,-1.1433787827522786
-1.9394943443687134,-0.5643982502459689
2.5831959080671165,-0.10355355270537243
1.5742111485352208,0.42098447623835356
-2.901896821033748,-0.5076811520467164
0.8715902279740302,-0.6710616876472794
1.2043031887481457,-0.05288849701040583
-1.1466969484169318,-0.9173825651504658
2.1116957362844055,-0.6975025884409453
-3.3119044468430094,-0.5940221598922643
1.6195662199682694,0.062174424355044326
-2.8690549135865333,-1.3088433599015044
-3.3412624816355048,-0.1485255981623167
2.189005549634307,-0.8269484862445752
2.486219854236086,-0.7329421195841923
-2.5148213105690167,-0.0744784954758412
-0.11449621641870276,0.2899622776272506
-2.9002105835943786,-0.782365261631634
-1.5548082405780552,-0.8409586516823093
-2.6433804501532254,-0.5921295381328069
0.3820520438966354,-0.04139112621160869
-1.7590030579881588,-1.1180001239550323
2.1077405970886205,0.37954394428594235
2.4287459998905128,0.19907769453591645
1.4667537456965314,0.1084323271626769
-2.323903053074313,-0.43266125034449293
3.2422436543389583,0.24885146792900983
-2.2407919180979303,-0.008275959543907842
-2.3825176062171844,-0.22394562738351054
-2.056183934489834,-0.5166427916124252
-3.7405621026057734,-1.1686635717245457
-2.98977075691166,-1.0497439206839552
3.9166999717256723,0.3132349356258921
0.35237836964479186,-0.8488957677792339
-2.28313262225535,-0.833235990427825
-1.7335543371232074,0.7975468182284539
2.7158976772642265,-0.8639127782294614
-2.594243013833687,-1.2737586424383291
1.953372395836773,0.9026947136435975
-2.7631785930394366,-0.6686215786194527
-2.281168769641325,-0.25539221891970426
-1.4174538574660702,-0.062214389619892556
2.21180426961178,-1.1146515749876982
1.9201937077171887,-0.40757663374702563
1.7160473472795692,0.016601861624303865
0.24824955024429354,-0.9405427026693182
-2.68119540384975,-0.02609841594248303
-2.4744489634403783,0.3399317892837717
1.3296788490080065,-0.8815917398313706
0.7948483183779688,-1.100931676188435
0.4818675693063702,-0.17178158386383882
-2.2430536307157856,-0.6016865788429528
-4.208083388984263,-0.26550508948782103
0.9683975323198307,-0.7597002110005994
-3.1452302974396,-0.7383504923641909
-2.6332048611805803,-1.1078940536955173
2.418377341255149,-0.2489289437051613
2.636026311382775,-0.5826751550247701
-0.8563085773942737,-0.3552965815224151
-3.1408008769154803,-0.7643429992717298
-2.6590050842328106,-0.5790901319181259
-2.7218620449924726,-1.356067895632911
0.06611247946866944,-0.144097044377075
2.530067204513154,0.3755234221811719
1.865722761507421,-1.0146391317849752
-4.023265375645621,-0.5902574981440756
-1.5395075135607645,-0.3937374084314563
-1.0283425873687524,-0.1381554936144246
1.94366445768675,-0.893051840607736
-2.821436762243683,0.15088820508573417
-1.8437241378207516,-1.3163338061884555
1.7156905258817288,0.1640694528251362
-3.022609464127762,0.27572328861031736
0.9880779151498612,0.37450075953634615
-3.1825950538666965,-0.7954344563834435
-2.5694002840694967,-0.04890820603905222
3.178701517362179,-0.5950778141410377
4.4421720231399116,0.1735162708842723
2.6318603095232214,-0.20373338642762895
-1.743244987523315,-0.035237182553048044
-1.636156822539627,-0.37813550879103236
4.629743145870928,0.09036017683604353
3.0319503984607112,-0.014266571201771952
-2.5426624702359537,5.797432327277647
-2.5097063183889086,-0.6660529116120794
2.5656827773222375,-1.0679624722896885
1.850966674762577,-0.6581191374041662
2.7680849380499923,0.08829200950712296
-1.5278066460023736,-0.8932673168184381
2.280967318150852,-0.16895067074991624
1.8276841749029598,-0.14592243462308976
-2.565841920970012,-1.0624667077322494
-3.215221664927838,-1.0302122296659886
-3.7415941128256422,10.822617422539713
-3.4517485317293835,-0.43409723907898234
0.7176630514995254,-0.6872006909538969
2.3093661395841125,-0.010696245998687556
-2.9777063671860655,-0.487287353490949
-2.01401543166989,-1.0304819962677683
2.152186967230971,-0.6063855183502808
3.7306701304475416,0.29576410499553707
-0.9665003524383498,-1.1652212839308065
-1.575323752505456,-0.3055290477584002
0.8443033199874982,-1.0130180027227431
-2.314211180795161,-0.510145662606225
-2.946435055480923,-1.0210176189100904
-2.159442988878754,-0.8830565297288447
-2.6410605574146655,-0.9532154759498089
1.6146444662696258,8.298524574106407
0.9418498050470122,-0.7631923200042188
2.0286302927388675,0.06756250404447066
1.3852656781872004,-0.8579975033026732
1.2674119453292527,-0.640255789220871
1.8648586214270375,-0.7206167301864094
-2.0336946094608552,-0.006705204568688262
2.9978065400335527,-0.5257870180254847
-1.7951290861902203,-0.6259803376872765
-0.637293719251472,0.24546765641519902
1.1322805536657872,-0.30496317641842974
3.523027256625338,-0.3814197493116088
1.7435887512822932,-0.0017303368756998235
2.0554796801629487,0.10833121159704417
-0.13169668557937458,-0.5818231307520136
2.441236644889681,-0.1449164811641255
-1.3796023443182917,-1.358727906135634
0.4795843836998306,1.220340309801779
-3.2580582297071916,-1.2484299420557423
-1.8113757597826599,-0.46074073848181435
-1.3717802751714372,0.054906264861880286
1.5037609732499468,-0.9377231840992414
-1.952080586783075,-0.3011061571203956
-0.10405544109723218,-0.2758950278980916
-2.1509491334865003,-0.057641213149974786
-2.747890004096819,-0.16355529892530002
1.9931261982826824,-0.6432755857070032
-2.238433431377522,0.4419629641650223
2.8664539033696506,-0.3283455071082258
-3.1561613150458876,-0.6862171744869401
2.7119551719247923,-0.2587611738047013
0.8508053845156374,5.127082139498322
1.432842457070838,0.2737550293027706
4.145852543163765,0.5804871701394632
-0.9249652382582108,0.181453364146669
-2.5941260081278554,-0.2638039949082781
-2.2561491239944296,0.26113201544180553
-1.9831733290412503,-0.9418717058610113
4.40220912582689,-0.4939003747205744
-2.109154636140976,0.11853745001921509
-1.7419988938677584,0.7263764580679567
-2.1961086121082873,-0.12690910466654562
1.6940351998883187,-1.2810411951804126
1.3213930322333816,-1.20007524232668
-2.526926753486993,-0.7906002085898343
1.911516528281431,-0.04980564037817044
-2.882314350443301,-0.9638346658761119
2.1781864846365213,-0.6658577640506629
-0.13318600889395277,-1.012655359179361
3.7110698978520578,-0.2920819372967187
2.702885763132811,0.28800137265090814
-3.414918082628498,-0.27258149561962736
-1.4720087341788413,-0.07069257229659578
0.9861497441641854,-0.8294005292813833
-0.16251729185915623,-0.01059546241990892
-2.1159479125991063,-0.6371549174655435
-2.826035389824482,-0.7749612872659136
-2.9128801051778606,0.13300853099668153
3.794083250441839,-0.4636174773876178
-3.399555805233574,11.223547803978184
3.0495764334574855,0.1083464610496987
1.9949803387105054,-0.6024859323950147
1.033918877201302,-0.4565274639765739
-1.305924826967221,-0.6256476678765148
-0.08001725355240628,-0.5173724475146806
-1.980983360775038,0.008437151537519135
-2.1448927364525545,-0.17797411723314255
1.3327838927976339,-0.7948757308878361
-2.5265138903652975,0.1106119216995872
-1.451973695630977,-0.7325531591160142
-2.1525554388572457,0.39346235006564284
3.463632076474482,-0.8193802218068252
2.665131410485864,-0.37814012048321594
0.6525284172585718,-1.0522063586896921
2.128855231132652,-0.7152331215769562
-1.2501811245091403,6.794673840762183
-1.6370591243027137,-0.21615088563617718
1.4187084128073049,-1.3164288582474561
2.17601652794313,-0.20537898985343644
3.2489482772290663,0.7633850918404331
2.810063614090704,-0.5988346433227135
0.9000101706119953,0.013428060726880502
-3.0915806998172566,-0.6679446183428899
0.37263503668313924,-1.23698650942875
2.731917884593925,-0.2670229009952527
1.706567282674686,-0.5379971114450904
-3.263334626022648,-1.2900081976277251
-1.0645368809382592,-0.9367841265989454
-0.28749572136338647,-0.1750183395005173
3.6616595292379235,-0.9686186355676254
-2.7600666448884206,-0.4496741929074841
-2.065979501125936,0.021208483681639932
-3.254632270618731,-0.27494074932131113
-3.6302341844277626,-0.37855633193749527
-2.0941931017934428,-0.111557105060962
2.2171210525410148,-0.2917976718741678
-2.215475246818058,-0.1949382763740519
1.8563543376403022,-0.36969840802627757
-2.6299413083277563,-0.30360385321826827
3.2978365316875893,0.30051787105179883
3.189166868691273,0.08381913727875812
2.028888264809437,-1.1078125987709928
2.135503233688474,-0.040959757093351264
3.29825078796308,-0.36895928135586076
-1.0055089495409368,1.551881652425042
0.7193140756745209,-0.6360172111012011
-1.7293176428414734,-0.3604982899604674
-1.7014969057712743,11.15993522712995
-1.4567759076331535,-0.9861888452990035
-2.339016663594734,-0.9838261984931684
-2.84818309499658,-0.40128959569503064
-2.9457952456391507,-1.0080120374462778
3.309820431958896,0.06849739703216656
-2.9426543258353,-1.184304036651396
-2.054686456837802,-0.23680989188565163
-1.263134248585289,0.014925223708872691
-1.0911439205899929,0.05140956584689173
-2.118281858144178,0.04552067507147868
-3.0048668504934626,-0.3303442500194736
-2.5957374223973972,-0.0014647869980487845
-2.09422540975587,-0.48948656424998416
0.28009080173967343,10.890765732669268
-0.7616475373937116,0.5919803032177297
3.029755241430258,-0.28473071116424753
-1.5671168437021066,-0.8377331782388764
1.2847295061740038,0.04330438947634611
2.0636253163354605,-0.026741655006048495
0.46966070301540075,1.617337806780221
-2.981906887661276,-0.11293716462733178
-2.503088812865136,0.13311994493980134
2.120689461702866,-0.48780424274562717
-2.498575707342307,-0.04452554514648983
-1.5511602529575104,0.24902789496769115
2.973388912934677,-0.5771075667666549
-2.601106860579956,0.6378888105476136
1.5710158189461285,-0.6964363914590074
-0.4784295263385956,-0.3335181177097009
-2.6379888945241987,0.06288025238452469
0.3114753862490546,-0.47993978949647353
2.0874364961597363,0.04790978711347878
-2.487976120474215,0.10516873307976696
1.4293240522759394,0.5575051223836611
0.3513977910784909,-0.9892936080121741
0.868698578972315,-0.5010455142538012
-2.5709197667867305,-1.18107053605455
2.2103679218332313,-0.192418598555576
0.08776471821465318,-1.125419206730038
-2.9773637830616373,-0.02852012669886434
-2.875416811862492,-1.1448814900566815
-2.9136430062702976,-0.3841145101914187
-2.092388276390282,-0.11052918202161977
2.6133880127813818,-0.6233801334467166
4.441065769748633,0.20416197612689624
-2.145587134181253,-0.5045254967991535
0.973139180530333,-0.5347882401266243
3.524033923588734,0.11053420605402664
-3.1666703780857683,6.192559105692755
1.2883211021017076,0.19184193908365574
-1.7665144147483416,-0.21097734306294436
-2.533646164674079,0.20576347343298781
-1.8799176169331424,-0.31633889553638583
-3.321720313791783,-0.4630100229097036
-3.4484583887585756,-1.2510906256492196
0.6386673373350381,0.08330377042070482
-2.6753815018892904,-0.9805536160772936
1.5770300455954651,-0.8754865235937017
1.9522409115997839,-0.6370371311323895
2.5740198303901054,-0.07122485061820623
1.6118682502872472,-1.5062713369982486
2.850859535837601,5.381135454737695
0.5031752088179713,0.25003020515875424
2.0906103967067042,-0.3137029340876908
2.518262927395614,-0.4791634309012769
-1.6648525479736402,0.6918829664756926
-1.9765301943348426,-0.033586034639871934
-2.1777499711046215,0.37900850431276173
-2.1349232261670834,-0.1678677215288669
1.8229505945841848,-0.0222158730298075
-2.9153422736734274,10.72347413698642
-2.4759782625509827,-0.23339483945845982
3.79003277748826,0.058750540983964004
-3.2977016593614836,-0.37973543660398484
1.9027742017698945,0.8780968005687154
-2.4210021047192365,-0.8377786751662617
0.6479117768725214,-1.1034363499478612
2.950235462193844,-0.6701657723543556
1.6637989218675722,-0.6133280107076996
1.763598612671481,-0.3816697320570512
-3.218528147156167,-1.1450197142203584
3.3795023871475913,-0.10045586281112003
-3.064004992530492,-0.9381875104970054
-2.4507765483796025,-0.33972949512936873
2.867591940054541,-1.0224132514990585
-1.579142078820939,6.076860954344711
-2.325439186121219,-1.1378023024430177
-2.4835359063189046,-0.7547294022900778
2.0698149041286595,-0.43229321176295754
-1.6841689973463134,-0.19919350180646483
0.7332427249628001,0.040375523858651355
1.5980753557151393,-0.45342610127537647
-1.4048920129983857,-0.09641161910968424
-2.675489500239588,-0.5440302178783127
3.7357502406373286,0.049357138248513927
2.5158136418150985,-0.6772960137989011
-2.819459326462757,-0.4456251907412744
1.5480918098839813,-0.10165878347597058
-2.488814172562211,-0.3739275272353228
-3.724853460832229,-1.1487511831820638
2.7715273532539273,-0.7723171124699856
3.3120775441516948,-0.9019299508328014
1.6294658339667714,-0.9294824997170457
-1.8869067995450444,0.3325283734479982
2.164984052671898,0.21325808519816547
1.6143001353019302,-1.1351631760070657
-1.693086427728486,0.05399743299880723
-1.711190650655658,-0.2878682421831192
-1.6947216739407018,-1.1036831882893963
1.6280382567131635,10.47207487597719
3.7191856773367706,-0.24941648541863895
-3.053869219267705,-0.840898158741796
-1.1780521621884152,-0.8241915260147611
-2.257397764027358,0.41486823179528126
-2.399896558733805,-0.1021747013353082
2.9964081447558994,-0.25138460843219496
-1.836139809882656,-0.5979694470099903
1.1441362399346484,-0.16144834869463648
-0.8311060334108317,0.42479782305027836
2.0562708671314036,-0.8463028894153745
2.881064145669141,-0.4805404415846277
1.5342140496950856,10.347389747980607
1.3705056539959937,0.2150215641835354
4.015598788142708,-0.34788008598613823
1.656596712812415,-0.2669157822673444
-1.8260309383399482,0.34136179271995987
-1.114588110551485,0.1567178997214381
1.157023790513077,-0.6777564273770232
-2.5708018958757246,-0.06813769322689854
-2.153111971574232,-0.9015177701280245
-0.918364620130328,0.4963903141373427
-1.658205416237624,-0.7027069304495311
-3.780761211204514,5.755785496190465
0.760085401947545,-1.2520977303571605
2.357320755607756,-1.0767091416228842
-3.507693292389362,-0.6606439890868021
-2.8368722915356708,-0.8966730074322711
-2.34538538570337,-1.1208278262545555
-0.5635922915245248,-0.5114376649448819
-2.6085117228539083,-0.11421837087049352
-2.0884021652685645,-1.487123524960972
3.1903799524430254,0.10533624193075025
2.675889236374268,-0.4042309290274629
-1.3989149327542132,0.20999184923087685
1.8755359452555262,-0.1600479216770205
-3.2149840944752275,-0.6088900791861418
-3.1675157840701593,-0.5213966516244809
-0.9577868243180359,0.0909479140361715
-1.6626647496906433,-0.6372605701462366
1.9566834582161494,0.1406772412653891
2.588442619508534,-0.02973885075465011
4.699837711554941,0.7104533058663325
2.094676869215214,0.2050702084177781
-1.5034570092621378,-0.34769293273308943
-2.3994497793111176,-0.8692013432827407
-2.690693706392765,-0.8769330216793814
-1.8318069393081702,-0.1444311012475795
0.30364614777465615,-0.15425135052548683
-3.2833203612961874,-0.9255521997447897
-2.9902698844579003,-0.8010526240242316
1.6579471528911744,-0.40888902189767135
2.6356472418189876,0.22863607426243368
2.034050005172447,-0.22298558319744474
-2.552829969520164,-0.6430605649033316
-0.8061999477875471,0.5300519771344121
-2.141744052932213,-0.6507199742065128
-2.4215309902029976,-0.17074360416868867
0.8587226267910104,0.23219347639460772
3.158833423676982,4.570225532407042
-2.5177094304428147,-0.8943369202643173
1.8127613667268965,-0.7153477332924951
1.1754790180803398,-0.3790591650027379
-3.6696552557909037,-0.6492215221309646
2.361733811384725,-0.864743378455214
-2.2332454448335315,-0.7834186493432391
-1.55486300092608,0.5917577826116288
-2.781164535613258,-0.3769540689370651
2.2052808543877673,-0.45977420952298304
-1.061306047859469,-0.057653444115149326
3.0229808830185645,-0.06434046263931771
-2.9464060627788435,-0.6912301045848717
2.611795166582392,-0.35015014020375196
-1.5519211943834246,0.2260616399557199
-1.9853609134251948,-0.5248130442256674
2.3819096102946893,-1.131283194603793
-1.384406029296745,-0.4891133296622454
-1.9334002473879734,-1.1493386968082149
1.839185527661862,-0.6482824523551032
-1.67895533140948,-0.34902642141647
2.8886094998189322,-0.7286471220586244
-2.730506443338992,-0.7472093414532731
2.3166370696884484,0.3587969046368788
-2.408141952990109,-0.6793121602448066
2.9607531098705056,0.4773074830307324
-2.486373412175982,0.17171003563855222
1.8621368978838544,-0.8168656224942731
3.9009512731843086,-0.1791932014028719
-2.574969795317048,-0.4064297649654569
-2.191900470475222,-0.4885576894946738
4.9892259062259985,-0.4188297928080571
2.024653882816773,-0.8947852201896825
-2.892856757339979,-1.027398090110882
1.0569649858374603,-0.6605925949793826
-2.0728048084993635,-0.3480976926136321
-0.49920732882955976,-0.8096689497359119
-0.09712051221912375,0.30237975042819887
2.4100434819659147,-0.2901553488483683
-2.0178154655498566,-1.4956970917859669
4.693430950619191,0.2300776688626726
1.3047441378191285,0.016790959611305188
-2.1949602872588447,-0.3274174573738495
2.603813039126325,-0.3024119984627743
-3.171340441680821,-0.16474638709438205
3.630113434810936,-0.23968875451269592
-3.295691765251009,-1.0869554731692725
-3.1889796707776004,-0.7752358880006991
-1.3016022978038717,-0.05156199953438823
3.611941319524628,-0.9113835659119365
2.451256419131326,-1.1617053821806176
2.646423420961489,-0.5321391200423007
-2.21643527465777,-0.33514121488157694
2.0153045808373027,-0.5713411866721857
-2.5067630013150537,-0.6304152717928291
2.722360190786273,-0.07494843210842224
2.6775404247504704,-0.18937067573463076
1.9001134913676432,-0.13574913875749622
1.9821918868476498,-0.7281979182860765
-3.5200181357201554,-0.5481429335781994
-1.2036285482458093,0.757510214903519
1.8510868964879936,-0.6362816633063666
-0.15525863347271102,-1.206171423431237
3.4488945887272866,-0.14829319852820186
-2.9263360233050455,0.3318094419286773
-0.4689993169851819,-0.6481865564941989
2.229942027916513,0.3845747339829741
3.902953730551061,0.1846749399699526
-2.8620384410488784,-0.09415936448089732
2.819562961540975,-0.4547988957916008
-2.1984790781239245,-0.38366406813893783
2.235979971202468,-0.5280042117655156
-2.431563876068017,-1.286432521499904
0.05768785490695036,0.026505512504429028
-2.6570071144985867,-0.3999995811212909
-1.8306351730693793,0.059028312335962806
1.3393935102948937,-0.07874141275968567
-3.811500793966418,-0.2771761594911553
0.5564131003560426,1.2068232305423015
3.4781887783898857,-0.997962775669021
-2.4513206279892517,-0.41862815154864824
0.8351879452003022,0.04301456934157314
0.3381323646228038,0.4006351308044979
1.2583810377484344,0.13249174982592365
1.1894610717345937,11.497122491845916
0.7732981973703358,11.126547257855048
-1.8493899498252881,0.04529737426410764
-1.1170596941912434,-0.605893988049645
1.7777388527145,-0.09199729915892112
-3.3041242441165566,-1.1044688205883153
-3.2128641028017264,-0.16784483353703333
-2.512847633795022,-0.1458733836515942
2.223873688188066,0.1179341786389218
0.4348523096221386,-0.08082451912692559
0.5418610999890846,1.0136824331416143
3.335707705120747,-0.006270035683522209
2.0338377631355056,-0.1392246759719634
0.6467503777399245,-0.86615210175651
-2.205548634911104,-0.42546314391107865
1.9032535277862332,-0.4487610670986421
1.3786426115073498,-0.6331203932773428
1.9694085066934885,-0.3633741267483066
-1.8717833208748496,0.18523194126589013
3.0552497223044104,-0.18810639283366062
-2.198033959043216,-0.12068663111374547
2.7838735017030682,-0.43910985078577236
-2.2555292445570663,-0.04221093358647838
2.553951838977643,-0.9622192096123562
2.3063439530325587,1.192840274198162
0.7221269673790406,-0.7988155432131014
-2.312813997573899,-0.11330635875033673
-3.4442426708939764,-0.3435450862395922
-1.4011635312040962,-0.08183551923656904
1.2466650108851312,0.9893476571211884
-0.5443009998814642,0.18770535781951833
-2.0900048863026903,-0.4274927524691201
1.6256357813725386,-0.27720508580622466
3.2680872673167256,-0.35979531934668524
-1.588521576225353,-0.769756374084026
-3.071636309401288,-0.15343579628487214
2.1684544924640563,-0.9628521957745171
1.3817830862526435,0.6872715357424836
2.1441056475807834,-0.42107651504114024
2.321370709092426,-0.44807841599504056
4.8597540527384115,-0.184380053389583
2.0786032099675062,-0.6530252364813629
-1.3853350497434882,-0.5166832469086042
0.7934350173723818,-0.27699449341140614
1.909007278763426,-0.46802883203978873
-2.317560501851443,-0.1371675318485858
-1.9582971526093584,-0.16176230254325383
0.2823165599067663,-0.356304528526217
1.920713099084874,-0.20756597374806934
-3.2189793470914454,-0.5644739624378188
0.5241289343408437,-0.43878202620648266
3.574885640791023,0.045170251433631986
3.024853677320898,-0.7277020582565845
-1.9937175065031614,-0.18825397015673165
1.6917727116275252,0.6400804697471648
-2.1192921122643926,0.15319308758819883
0.05963798266214462,0.15354209411679506
1.0026897974524194,-0.8260155664135462
2.7502528856090978,5.078779669899629
0.6538972401742681,-0.9780665613417199
-3.329358163251689,-1.1882082664995333
0.687172734663736,4.542502293050843
-1.0023402497142988,0.033273164333171526
1.1348287402667387,-0.5196348477232368
2.709419707537653,-0.00944280167656216
2.0564553106449677,-0.06592693989376937
1.8678363194384455,0.5104613067176963
1.9919085564699,-0.7739672130613406
-2.2038465914269434,5.4822108739643465
1.2456085484257486,5.158829519191542
-1.9923544581374817,-0.12998773465553523
2.150234086637046,-1.0757279323366893
-0.8327429010726985,-0.3859807215545674
-2.214217418112558,-0.2243362586008966
13.823673588610276,2.744349238866804
2.2619991400052157,0.2972004954086299
2.018744488224093,-0.37513765966834706
-2.0875650267862076,-0.6663949922871804
3.355826355875593,0.5938462096392587
-1.9052640588012797,0.14528719865135276
2.1818326558430563,-0.24955928844336092
3.416815118126954,-0.1427113631779394
-3.145131012754938,-1.2183010261903364
-1.042265245127662,0.8883571439118741
1.9195020152739866,-0.16087917731587545
1.951272916269431,-0.8968837758055817
2.727346452337967,-0.8570867971481188
1.6613763906592072,0.15479792539901197
3.713592511019843,-0.6501092157076533
0.07947112067584264,0.5129315942891121
2.2220039937070837,-0.26249435573328933
1.6858721672076054,-0.7592897204311198
-2.362893960874563,-0.44549325530025946
-2.19909201409424,0.37509681194189964
0.8538561716720994,-0.2399167789515639
-3.4023237896178906,-1.0094831019798656
1.541711900032736,-0.5266324763095456
-1.9038891174306214,6.15814672474691
2.9661119873068893,-0.7013272794224257
-2.4579958811001217,0.03132377167474661
-0.22786276624714827,-1.8588801412947302
-3.4092304807162845,-1.0248285663396388
-3.034652460832165,-0.5847124904639375
-1.4853542474170331,0.227556412134535
-3.1804380397073206,-0.5333706921492646
0.116442846757049,-0.09178258765511307
-2.27809594016327,-0.886645248885359
-1.8209931112385347,-0.2597365453093247
1.9505411808595756,-0.6671589160161646
1.7357038334978447,-0.5234283286931715
-1.6135210503672581,-0.08804770493403251
-1.9118371627839228,0.4957215955871997
0.3571940842807898,-1.0135582105058234
-2.7696313222271867,-0.4232190367131802
-1.3794733221881386,-0.6739555078565698
-2.081351621635131,-0.22682378105736256
0.6102324300602954,-1.1986252251327716
-0.17046970656936605,-0.3461881057642858
-2.358458447631632,-1.281996979811256
2.398529397004336,-0.6756556482362874
-2.417446605252408,-0.5646478594943791
1.0759000660028006,1.2376997163111059
1.3188750872347144,-0.3090655890861385
1.3327398991569184,0.1553152778896391
3.546306822845465,-0.2060467835789124
2.5586430431653198,-0.15200971298547658
2.223089832227494,0.9284113346601084
1.2093617397586558,-0.11080972241997189
0.4748608033538574,0.6149619612981057
2.539499317048686,0.18627716810216577
2.123058248205131,-0.30758617742004124
-2.5783820890260425,-0.9233624096408698
0.05473130950283575,0.22524978332137366
2.5811754492399963,-0.00047223226815980567
-2.706672999515168,0.377291164234734
0.8975344415521603,-0.5729562081182458
1.5258006247135436,-0.7211665569113003
-1.7579489267301913,-0.419733458424404
3.0038446487457957,-1.278532525358601
2.7865898857110727,-0.6618529672985836
2.1427285620894203,-0.6415774123663068
-1.2417106251105208,-0.3886604986066624
3.0490822868554166,1.158425458325117
-3.712678630333652,-0.9890580315953064
-2.761970685364172,-0.8873087698921941
-0.4191633230533865,-0.9127618178356988
-2.304769295722966,-0.1675372249350165
1.6437710729691017,-0.6784528475551064
-1.8788370227492621,-0.4966600387996404
1.2593583305216114,-0.47826006447269526
0.186812028157513,-0.25278923490704014
1.5475693077190436,-0.5143486045564185
-3.485816562578842,-1.0359846642950965
-2.259678871036808,0.7051660459629056
3.1575339766398653,-0.07490101878672097
2.468165809567795,-0.20498398551818967
1.2184846267511957,-1.2462925826183735
1.688555654563086,-0.7044141117509624
-2.4826230455576117,10.653252311685224
3.419511905431729,0.41167530809684394
1.5716659699408821,-0.30765949260151143
2.532187411898267,-0.4919548427262903
-0.0993123912148338,-1.1915612513454161
3.500481680997708,0.7805930799901463
0.43149025023617416,-0.9662338665964165
6.133744606063295,0.18817242925948585
-1.7966867348563014,-0.4305651229211474
-3.2543783251474445,6.031125885804829
3.0631096238478173,-0.764393874991133
-2.7268845881558517,-0.5034766829929186
1.9644599812742123,0.45670572909025614
4.1386469070315455,-0.8876508053108575
2.1774776964284257,-0.4695589284387703
1.1600258292123822,-1.2085948930263277
0.5027891118072421,-0.9971222243249903
-2.1034369559009187,-0.29559014725235316
3.303725575940608,0.6400682774843763
-3.651829138184758,-1.389157481176999
-0.14384393473665075,-0.6165920554859972
2.2526442319846476,-0.41268784704195455
-1.3250576070654658,1.3658340536197435
2.549312165717148,-0.1430842315700606
2.24155445665819,-0.7902770411834895
-3.9433025371904624,-1.0115455503995474
2.132987854465375,-0.2514460070045849
1.336496826536264,-0.16310971118673231
-3.095038322622754,-0.9144045441699815
0.9413974717178476,-0.5488718686957078
2.9104493701566825,0.08685854236761155
-2.8719520698341356,-0.29934739801137034
1.955838933025309,-0.4397599228507117
-2.5848887293292955,-0.6310724676590561
-1.6036812399340465,-0.5418082248094761
1.5901619491173942,-0.8903449529345056
3.8212432327500614,0.07888290175131527
-2.2513795037081876,0.19803467466870836
-0.2512647382747139,0.47582573218369145
1.7216360894906773,-0.0685498147615485
1.467388474538875,-1.1204777797530272
0.3030405827724929,-0.4081192126927592
2.1422810520095315,-0.21026638895920266
3.8523085065679816,0.0362134250504673
2.989381931339149,-0.3146337822732164
-2.9055345461192075,-0.8679545263819881
1.4650419281273706,6.0670403546631695
-1.8041902829049805,-0.6362089115591005
0.9199534556204491,0.4724890558656214
2.685589968962437,-0.9151736323523911
2.052312555534916,-0.1478170418463107
-2.84938584478104,0.5085198796266603
1.4907213830090569,-0.4493105951424167
1.5314039873085366,-0.2510179602848978
0.5152641858813247,-0.44441568512560353
1.9138141073717698,-0.506677195316371
0.068845882705351,-0.17275313938884493
-2.8932896187932022,-0.5851877298236805
1.9816447478140138,-0.4341825473199235
0.6687782102329903,-0.17805269912016927
-2.4042010925166455,-0.3328610198009615
1.7092540373459322,-0.4975624889927438
-3.2180665568154776,-0.622719254258922
1.963404197444173,-0.9696160125072261
1.9235489322273138,-0.5215448672033859
-2.556782939612995,-0.5870113404024949
-2.321176102237266,-0.3012768048586877
2.808381415274467,-0.6494729074898559
2.20104343541824,-0.20571219517447845
-0.36595475292810287,-0.19284117998645806
2.458896619493972,-0.04368592947956685
-3.3272225147846535,10.35764618244143
0.2577794306408626,-0.6307466726636387
-3.823797169792474,-0.6535554923665171
-2.3604151428990754,-1.0701502335573514
-0.9731009633559349,0.10237881674694196
1.3945041247765058,0.16193582086176414
-1.2435494248777472,0.2134676110916783
-1.9720986438361974,-0.14128737604145883
-3.0905818807072807,-1.3571727234665751
0.9355781015102053,0.09681994953781917
-0.9152480805920608,0.17667821142524384
-1.3321013254842269,-0.42842353593873655
2.976914659925849,-0.15182152897925813
2.424073255759184,0.2205370806463994
2.0711960319853477,5.538271132373226
-1.0424021428726713,-0.4736999208289888
2.244066944803017,-0.9545195960083375
1.4765326216463337,-0.6392454519390287
-1.3205667378380765,-0.25870052222900564
-2.300642034431154,0.03391464599214329
-1.2444476124730552,0.07788752592828042
-3.113574298745701,-0.8882949670345157
4.3224028897710705,6.605315891546595
-2.15317446366623,-0.5893913484670864
-2.3660648945596057,0.23624810770498403
-2.5938421402348766,0.2269400857147776
-2.3584324293307315,-0.5437118723867822
1.669509626029627,-0.7113588148644054
0.8589073977037321,-1.4313474614653952
-2.794250881314857,-0.18091423466480408
-0.3896708573220638,0.4198286537602431
-1.7989671713345607,-0.6127697222253039
2.298892879871644,-0.9267974874073918
0.922143373740251,10.916722582472472
-2.2943957336426135,5.927355796560872
-1.8991788652672201,-0.5688494812730196
-2.468230209464392,-0.43397483155651617
2.165600320421692,0.66854964574355
4.444889513520006,0.373156166080957
-2.6105984155726185,0.10167682971549377
1.5595254692728189,-0.676373983379801
3.5340697477460314,-0.24227088131536909
-2.527694491558734,-1.0197736801431143
-0.3448645073680799,-0.408318069645495
2.4735358644794427,-0.23460149059957094
2.109327406159841,-0.5312046720962313
1.751302298355201,0.4130400631822675
-0.7825091741246838,-0.08367457079835208
-2.8529061786582233,-1.1118360545406514
2.8159316561515473,-0.39184043092031573
2.5603094612608834,0.2078627924335849
-1.3723145079898824,0.06794147933220764
-2.412505718526924,-0.7788959052053063
-0.22437489348892978,-0.5290392133673522
-2.9976898864027706,-1.2303250078661327
-1.966961368299695,-0.7405569276661531
1.0311215074099584,-0.41113061327472644
2.697972011734627,-0.3699683708824351
-3.213392020917938,-1.4811883080431154
-2.1825733978893744,-0.4147925026170073
2.639801278984501,-0.10598751073178453
-0.5597723506704552,-0.7112724604398379
1.6792217481899945,-0.09410851397059242
-2.34368675357401,-0.8680097427547617
1.5953481759708568,-0.9947916982090748
-2.3555375152449822,-0.06789119890648936
1.5898410478406386,-0.8290092347455558
1.29945705771098,-0.7886946015867671
-3.1937547077565402,-0.8772340235602992
-1.9556494843988215,-0.35482111811531364
0.7286468306548551,0.4837254716780502
1.9986705390703992,-1.0753352623893822
-1.0579868015528344,-0.08858005040895658
2.5455248796121412,-0.3430794925005267
1.6602597703412352,-0.24232792759404972
2.5747476730555348,-0.5845383616975923
3.2311274196275797,-0.675347813982224
-2.757765574316664,-0.3639668842089119
1.3968671137345834,-1.1703398429847438
-1.3181631514991903,-0.09037775520074245
-2.0611149447666843,-0.5422308809827769
0.12675954952053373,-0.46914869312709206
-0.8251395054124244,0.5769600297106217
0.3982743187584076,-0.1933788223158572
4.7148437640003795,0.5432255399991085
2.0477811551385865,10.063414252577648
-2.2138754717381035,-0.6641984363520634
-1.3813129111471907,0.5762268580756845
-2.7186518684879624,-0.5220282181441664
2.3725686222961424,-0.9411053405583045
-1.6557745416734821,-0.39576439347590653
-2.8258358312654566,-0.5305136122813635
-0.4517304427641116,0.1306010398304719
3.856741144433105,0.07704771848666939
-1.9624553180298232,-0.27626609228632804
-0.36248634601373086,0.0491436099688828
3.9309829765067685,0.01421771692287858
-1.060593034737292,4.753181448397564
2.584423440703138,-0.37771808665910844
-0.9649091779675244,0.7071999698356729
-2.675258382235703,-0.5847485888750092
-2.2011257593514646,-0.8959940573979526
-2.6263331454364107,0.15574024083752122
-2.8626250896524175,4.391326059801849
-1.1366757283700395,0.7214171134339523
-0.6649130079282769,0.3312518380755714
-2.0081593166548286,-0.9693484691315177
2.1230930668536057,-0.9685122838896968
-3.1546869032006706,-0.7829161498219381
-1.088447811231828,0.19451680479187203
-2.777903244542651,-1.0910184826282177
-2.6256014024608723,-0.1540317306142752
-0.19433911035735116,0.10567373962467172
3.3827742369366303,1.1627640493291445
2.4927057243401456,-0.31562950210916446
1.4055680364764016,-1.0626726074954667
-0.2247587974624199,0.03736780472244501
2.2260611284894285,-0.3095907577269792
1.0214099223629047,-0.26161766773561723
-3.3168919270580486,-0.5618040015978083
-2.830194603084008,-0.859570667350979
-2.3636305154943233,-1.3748778831481003
0.5901419820212016,0.3000164905421496
2.328532263533527,-0.8651481653086847
4.46154271297006,-0.6274007999697226
2.484909357643805,-0.8419250279657288
-2.2716939805468774,0.7743329516868408
2.5102047336638513,0.0015464169391372444
2.6406620345408816,0.4515899089695163
-3.4000514737907235,-1.188232741323554
1.6315336819634443,-0.7101290864308148
-2.316794293913658,-0.42412362324388087
-2.612275844524517,-0.1472372932734706
-3.0985418604187123,-0.7585268880619975
-1.7994742677976125,-0.5136125472436424
-3.5117160166975974,-0.8100531285660328
-2.0168022161850736,-0.35271837485516044
2.8011300725734714,-0.872992916936981
-2.375588445706035,-0.44186247480061
2.7921735962495196,1.0068598875145456
3.6691471672924627,1.6279848320468406
-2.0749614589533167,0.27288129631666247
-2.9051103560264027,-0.9084469994243191
-1.4419266446016696,-0.308298314359723
-0.5772511439968384,-0.4028816521749517
-2.2310418140315917,-0.7708931454613966
4.587461754840409,-0.22141125428066533
-2.588450916644466,5.528516814832378
2.7966112358075543,-0.8651932496645495
-0.13516259641352132,-0.6024578751534239
-0.601821394272495,-0.7993828483382736
-2.8086965580254413,-0.9907372403829429
2.47729990487803,-0.6103603538249524
-0.07354387405465433,0.5587954931373313
-2.9350762525146714,0.23608383843082245
-2.2986447105819736,-1.2423060717512155
1.8252469537755667,-0.6294457467005562
4.224774426842067,-0.0683451804533405
1.2247066273027012,-0.9209297189825045
7.709958406676158,1.0987877765832175
-1.8269419036190817,0.20812615532049558
-3.063630279601397,-0.633653406764207
1.118593839174369,-0.615014190052175
0.8948629913365588,-0.7652897628761451
1.8734161517123962,-0.8865611296070657
-3.1020002135859075,-1.2650538580143886
-3.2478551849327344,-0.7093900406277642
-1.4489387449055797,-0.5582019625748943
-2.0049711092301377,10.580121542215219
1.1815869383553803,-0.1243153734029803
2.721944691390231,-0.8375968222697148
3.1686426436817525,0.30991038326821047
1.0694154506578162,-0.3266713691160157
-1.7477034612976978,0.2314490991048138
1.004288825786044,-0.8982360594685576
1.8446319614526314,-0.038343970280926135
2.412465974760179,-0.2903436660394064
-1.5243093771502414,0.40111021110246364
3.2655467328388577,-0.7572427862406735
0.8828339316278342,-1.0118719926104802
-1.4054038520159127,-0.045393274033510296
2.683144939485717,-0.15812747733213697
-1.0149577241599923,-0.4756214837687436
0.8122967807760397,-0.3118328759751257
0.6721746052676653,-1.0602154763038472
0.23463844803221592,0.7255438032907268
0.705631469913794,-0.18065581937956524
1.8067423880572577,-0.1865705142857367
3.3677295138884276,-0.5676893581406389
1.4021413669530898,0.6854874448262979
-2.1058588325955316,0.38629165155518314
0.9387703167988454,-0.9937062602802167
2.7084713207645943,-1.1381459973306687
1.5062159078615012,-0.10152784236451586
1.3887277300973413,-0.3985756564419353
2.013186432421578,-0.6681238801857944
2.6929772534082455,-0.7944131524719132
-2.3415441715351153,-0.5277038241242297
-1.7096671521754814,-0.23183386726760127
1.6615579928594757,-0.4683650473966058
1.5723133129181097,-0.640592684003422
-3.132921846514519,-0.35969749646105803
2.0605910978403084,-0.10072070225293665
-2.2662064927996948,0.16030219072902216
0.7146563851802709,1.014075910088819
2.5782565772840695,-1.0213510969437325
0.19125439077411224,-1.054572655724578
2.6217056399796435,-0.780700460739266
1.5205806217625109,0.3529545862114342
-1.9441042327576277,-0.18121301748251212
-2.9862562377497492,-0.33605984053631555
1.84131302500673,-0.48851990867633976
-3.3403621457328856,-0.5991068555511322
2.922808920410487,-0.10566312048781837
2.783075943550193,-0.3708280820894062
-2.221073625272394,-0.11089166244488147
1.2063260288042228,-0.26257653071259024
1.0982098038402288,-1.0249155921066029
2.9738985812329366,0.0826685053413781
2.3892409880469,0.2763428732306785
-1.7865557309396298,-0.2814806688773971
-1.8220687804150963,-0.433006217480617
3.430691382686979,1.076552232507246
-2.8906515843723324,-0.566748529041597
1.7973198645564832,0.08807828359748568
-2.3890066991460515,-0.23579600676905058
1.695151054929404,-0.64283561943178
-2.542001341970002,-1.568418982425033
3.4886441853315326,-0.3848271975521788
0.8192823715213273,-0.5932164489771018
3.2204195965381524,-0.3167079721804792
1.8926048043468993,-1.267204600087267
-1.1773186860016087,0.04940513647832741
1.279575551905457,-0.11425906855048185
2.5586215701360095,-0.11004815201945081
4.2166047268841185,1.325295267448024
-3.0256418250354775,-0.904714671243555
-2.6566510739730993,-1.000149769590972
-2.510868563954958,-0.36368691994839136
-2.1248519421000043,-0.043789926283614396
-2.4887688865165702,-0.47146571300522977
1.303722251406597,-0.05955680050217688
-0.2922210505647261,0.03724783932698324
-2.3264866878406614,-0.19990100061825675
-0.3970015779408223,-0.5838559852805123
3.088507045261585,0.42851841112955175
1.3100080990483949,-0.881432332271511
-1.3598770630141304,-0.37803508874651637
-1.9020119731550762,0.17072132101374357
-2.07047352763782,5.3871250991195385
2.2050263440322406,-0.9236155366070367
-3.3038812285784847,-0.8301292067460191
2.9618477879815255,-0.486342203615947
4.353162207519193,0.5545462019475967
1.5209132681709907,0.017781704985909568
-2.401490928799372,-0.5964847701563057
-2.5388193555949576,-0.712051541501094
-1.8053900981886954,0.7711740210379158
-2.2066241431164393,-0.49148017780914843
-2.2751836247068193,-1.040556433537296
-3.5185704161842284,0.8867730931830055
-1.985835989194442,-0.0647718921096651
-2.5025703424407895,-0.665513180211166
-1.3706799151983293,0.1551145886453675
-2.940235102013856,-1.1647134743454024
-2.9930058529483445,-1.0820320035354913
1.8408243518974443,0.03501027958091554
2.4508920877918308,-0.054160137145531875
-0.202793918329475,-1.274809004306199
0.618114077382617,-0.2440017131534384
1.357016479145485,-1.070078583549251
1.1917486590395026,-0.4110882303602049
-3.3939211437031926,4.760138916454811
2.814701848913287,-0.4907719048965234
0.18272420549970017,-0.4742003021671916
-1.5039463910949784,0.3741712720550103
-1.171502209265777,-0.5920914170424896
3.0948474437213647,0.3881132219822291
-1.665691579060601,-0.3618509769909492
-0.44267481493203303,10.507040797101956
-3.912947121126552,-0.6629676784808098
1.2395223163562885,-1.1074242230333946
3.8038181012246035,-0.7279566429172674
-1.1948850180212047,-0.06978689509997639
1.5609318164212345,-0.5576321117481504
-2.1231218554718567,0.021562215599945943
1.6266804889773967,0.5480258380444061
-2.8227678564614145,-0.3739358781067775
-1.0800150921013278,-0.3569191438513316
-1.9094416278914723,-0.15785679880454823
-3.0592156798558787,-0.06997601302302472
-0.7166310958350686,-0.12381453284125479
-2.8731125732493363,-1.0211508992832004
0.09891664466899402,-0.5421395721050947
1.5689116265353062,0.324533659720694
3.835299394926572,-0.39853460624576204
1.9487769347097048,-0.6930150950044783
-2.6249557116801214,-1.2115407677548078
0.41690889364629724,5.701721875821249
2.2288585199112454,-0.1221495430803085
2.275418062451557,0.11608393667261863
1.2714012275928648,0.4735735340936023
-1.9967324396737764,0.6929057304021479
1.091381709002282,-0.8313391296880988
-0.5573168057454311,-0.4029181380744399
-1.282343538653257,0.2157806871997737
2.1946258483528034,-0.4577931291522195
-2.2802895289664837,-0.5343555796670638
-1.275874141083311,0.6772433268874999
2.245553562518166,-1.174636558529349
2.4377310147766966,-0.3784841663107867
0.9387584243219008,-0.0558664555042352
3.2543014457992796,-0.43565300690791325
-1.1423999287538147,0.394104830025418
0.9338564888946309,-0.2672675240541177
1.5897579742061527,0.6620847986232236
2.3220090600707946,0.7232685312529992
-2.5619987673917484,0.1625150790049885
-2.4984530735616195,0.4187095832792969
0.13336845655957313,10.294538202212422
1.955329896974518,-0.10915114865368608
-3.409581334889218,-0.8118784848693807
2.445602160894538,-0.670404156156837
-3.1501887886792694,-0.6674498019445521
-0.3657721457938676,0.16883022230528907
1.705388808443069,-0.4283090368685359
4.925097499373726,0.32566859838310913
2.428252156122651,-0.05797837992494011
2.1605686371651402,-0.3640447365531255
2.450678721489768,-0.7970951318143568
6.582014002712746,2.2721523442949603
2.0470596390218967,0.07448003075459714
-1.8332072221290745,-0.17127375757658414
2.830528024987517,-1.142813830094359
-2.370775686944303,-0.13958618063118372
1.6974656074177716,-0.25506422432291026
-3.315030435800512,-1.075526668442337
-2.506350358721027,-0.7235323074974984
0.0017536392368455993,-0.25486372489369635
1.6599914980683395,-0.01562941118912896
-2.601778268125846,-0.9310236570129877
-1.5982331988895424,-0.2122807551850339
1.836256095760051,0.44596647504107595
-2.1211644450174107,-0.6894770386280246
2.9949517981149665,-1.2470530084699534
1.9303888512995533,-0.8515079477139262
1.618062388256318,0.1857985705023476
0.7169915325618438,0.9070145481313038
-1.3876272033802597,-0.19606669978050936
1.1248787895043035,1.0441461851593434
-3.0003571759991154,-1.1399366872637011
-2.2192616942640595,-0.44666983176677133
6.175307003470136,0.5571268571636376
-2.9366856857988948,-0.9500559795047316
3.1393259705622625,0.12756924340233416
1.697787023344545,-0.5789613075682666
0.3088474699648086,-0.1750454600547644
-2.252073461966582,-0.5490814371996424
-1.1252476920716616,0.011094210075493513
0.11428820429583988,-0.8821788736628423
-3.9500801796286913,-0.882589900702564
-0.04513334109177502,-0.07181303216892355
-2.065075418322854,-0.09439809122291956
-3.3188425199266605,5.541636490832762
-2.4960720501861973,-0.6935453173906486
2.0217895632109193,-0.14398831409563595
0.7037867808744268,-0.6509422168536502
-3.2510064538117933,-0.8022329116251335
-3.0370707543456175,-0.11017434185324143
2.6682699185114247,0.9194653841036429
-3.4718037620240865,-0.4190686434103009
-2.6433427255856508,0.11945279992386044
1.287441090295706,-0.07866073030575961
-2.8773617724574065,0.19203305067978546
-1.7840465909619698,-0.14037175014779288
0.794360181797519,-0.35192413185681937
-2.3364730543996606,-0.9707101490122242
2.9157923137491375,-0.9671759390088631
2.1116641678657846,0.45505826028255636
-2.030018906034116,0.3042846426125817
-2.297308112976262,-0.22047123528709617
0.02519310297886454,-0.8555527573228814
-2.683272522795515,-0.9286502280037163
-1.9723872507137867,-0.1689941112355409
-3.431730849764955,-1.0130883342280341
3.002668762878632,0.4083918368028064
-0.39363713878675183,-0.7620006030399353
0.2759809599320612,0.34701493801336686
2.013648713383896,0.082275529358179
-2.481713472648675,-1.1675665227358218
-1.6015864246174272,-0.5368604812400412
-2.2155813382800944,10.30307104454119
-2.7738962058353587,-0.3818898724382582
-2.399609258457289,-1.2651975847847639
-2.0717705409674654,-1.0189696309183085
-3.4808259307005733,-1.1712011390804606
2.4253634300483053,-0.40267120707405063
-2.23004274431598,-0.2282469736080142
1.0539435104341588,-0.4105504960973722
-2.6672091264429367,-0.40569691674198805
3.440047295517023,-0.6187478215235253
3.9286494687183438,-0.9699823247372452
-2.125428884955422,-0.34883098413741964
-3.6046966567078167,-1.24670942089693
-1.668471993340251,-0.3400420632432849
-3.0112197456240013,-1.0504283038258948
2.3746462411851463,-0.5340003933544888
1.6658753902398646,0.3696152936466767
4.084718207669091,0.3794031535422124
2.000479313202501,0.1291798243530784
0.41189430628043877,1.1859778942794659
2.8166174141212106,-0.09900513396160628
3.7528798337793554,-1.1138894291330133
-2.839783850350465,-0.41736975998160003
3.5982231823499626,-0.7710580265186731
-0.7534542709267293,-0.1021991711659922
2.4217205694303043,-0.43176250806274985
3.0513273357636734,0.6481033053950394
1.1205505530014008,-0.9357384266009385
-2.799307542097243,-0.7340169102064555
-2.1202312985486964,-0.0626277321423964
-2.3007559487739613,-1.0017074635722012
2.3308389354518866,-0.10313706317279303
3.8477203643942177,0.07023925092571376
0.0009676457630987949,-0.12106342591157948
-0.6348933022932945,0.05700449152774875
3.694389567346914,0.027237934987565198
-2.627974453476708,-0.0021890930445714668
0.9572899165383391,0.4428965264536073
1.3956302717180722,-0.5372193280632594
4.128895992398457,7.132824442428712
0.33638756363765865,0.017573889836968972
2.963283907256252,-0.47817621574343216
-0.8909079002087861,-0.24320298636974183
-1.835757966670168,-0.30347643622340653
-2.5893816486377075,-0.777177980479082
2.0656633638295983,-0.5729827225800799
-2.4944277465390314,-1.4179784857403637
1.6248282067788724,-0.1262245118553744
0.054198128949505125,0.09427316606839461
2.2321193041208627,-0.635592717622203
0.90553078499101,-0.44489671821042104
2.654783189959017,0.6693067909473135
-2.4297267426246036,-0.2927627818504161
2.8719824799298417,-0.7453418775064462
2.067940978751536,-0.8987349577400252
-0.06842365406363098,-0.6933618428131367
-3.3265601868459207,-0.8814586571143297
-2.918774983218375,-0.6470600737222415
1.9786729581441556,-0.1514441817803571
3.1657982570219048,-0.9370138786647895
0.23009860068425517,-0.9633291465265565
1.4775413688819306,0.2592314576715513
-1.7570037952308661,-0.3355878899167061
-2.4916533752624104,-0.31648008878761336
-2.8947824777897053,-0.4712228340175542
2.9554846354098876,-0.2748485515529285
-2.522030766639985,-0.7656793307085691
-2.6656592825731584,-0.37598487901906114
1.8633922476446119,-0.6781083755108652
-2.990520712977586,-1.2550722716973026
1.8911040794837644,-0.14056988286964378
1.7524404891337382,-0.5741813432844924
-3.4541989951797993,-0.740594847866393
-2.0624037381117932,-0.6000301542070432
-2.647668405733425,-0.37038462759631424
-2.4361221640265898,-0.07798773312098647
2.7126518860988518,0.02310768351137697
2.9212294627368984,0.10546927902029501
-1.8512238064244537,-0.8245925996330944
1.721242159119244,5.446518714078432
-1.669480992734803,-0.3100734105089482
-2.6860751545469417,-0.11502243320249134
1.2228349315428286,-0.5684046385280526
1.723172684060813,-0.21861311692929267
1.4974120602896164,0.22713369348668164
-2.5045827961902765,11.380423255619283
2.0395474645029634,-0.9557419933116249
-2.4532968349355078,-0.08103672664260222
-2.094724609437225,-0.969274148962451
3.655172322981395,-0.2393687113956849
2.8909083480821445,0.12898898249292923
3.1369155400383693,-0.4305529155823861
-2.4030175279455652,0.02592827127924143
2.5400420532912436,-0.6574328917824316
5.697317336341953,0.2700555431304804
2.4161192951412462,-1.1378001272613636
3.5367935818058402,-0.12677143180383701
-3.129888043960563,-0.06938638816012418
-2.1955900149158563,-1.1288077976145479
1.0180082532533261,-0.8009243254456971
0.9677716560531713,-0.13315717521127587
-2.194689570985472,-0.21901588200422475
0.8674676077731268,-0.1617328848364966
1.9076349599443432,-0.3439619575010243
0.7740139396207347,0.05282507500782792
1.6106905920731815,-0.7267055077493748
1.7668431739891908,-0.4021519502154079
-2.518259562178897,-0.9797852729093754
-1.9549625387817884,0.1618116153914346
0.8118060568446583,-0.041926040426322926
0.9272279424240316,-0.5128797684775248
-2.9521552003835017,-0.3641744214461397
-1.8173520745707084,0.13312429482202276
1.7748748031695274,-0.44006470098056044
-2.4008549524668714,-0.696350927400909
-2.1023566312435693,-0.9206334287646684
3.0191482300630827,0.12690979573488367
-2.8004390104768255,0.018189163289605594
-2.532282416965441,-0.49353275056875456
-2.904166961265292,-0.9071939700585739
4.060597559212107,-0.05321814360222268
0.18008677518130636,-1.1966038067159968
4.384200321171218,-0.10142591753998499
-3.852161396303662,-0.848904165890703
3.256711929807749,-0.8483524538639551
1.3844528240801846,-0.5710683649206391
1.7284953326536645,0.24296719026951613
-2.5973451795959646,-1.3544119355229167
4.456922676996692,-0.11313086061272676
-2.566619771733812,-0.9818188443408913
-3.496774219970718,-0.2558350366488958
-3.416840914513387,-1.0077129550171458
0.5481998987036172,-0.3012941585550912
3.6890739368535326,0.19292863884773437
-2.0472987031684124,-1.201037269834571
-1.506157637839068,-0.5917764555217717
3.296662114095621,-0.21309021786052648
5.037490419303172,0.5528940185622706
-1.6445372006591543,-0.7903631059345664
-3.2180196427687315,-0.9571110013637486
-2.6812337427414232,-1.450357915326946
1.5251926581250397,-0.106727651321421
-0.1996045183039316,0.009675148136837656
-2.7267303522740463,-1.313637290632414
-2.1984660608596194,0.15011396528768842
3.7411640843264142,-0.39612024943819296
-2.082868571362183,0.10916339426400837
2.1768551111084102,-0.74455865369775
2.038822768947082,-0.1239939807606524
2.39705054119612,-0.4360498259470677
1.4299272390165823,-0.18809914939597663
-2.3199498984762483,1.072768056075744
-3.3802651634394296,-0.7003163429706194
2.2203355283115807,-0.9093794379619473
-3.6377287359767605,0.15166707567001833
-0.7333324817616531,-0.4439995606862325
-3.2375335793402114,0.2374469101164963
4.924072153394692,0.11463657075864392
-2.216640705667078,-0.42689966877792235
0.1080009008965215,-0.6032813223164167
1.4882644463156227,0.2925227123601085
1.1209685403523602,-0.37795053318329186
-2.9079179494149456,-1.1763674109142412
0.9418534023511159,0.07847504090521447
-2.565550446499647,-0.8149796932638259
0.44266053385099613,0.041801065953100305
3.1509090068486714,-0.38342792555701927
-1.47704558752181,-0.07301742677102305
1.7736297438906115,-0.9891746139355122
0.9962299669908837,-0.9129503908734934
-3.0052218348201873,-0.5782462153922561
-3.5004602387236354,-0.5685001950332548
2.487480360543263,-0.05136133277509104
-2.143277056918949,-0.6744922949417642
0.6670104613538913,-0.5611032853261926
3.841488091642615,-0.20852447790278203
1.3798043667567528,-0.476156599407067
1.6350258200240955,-0.7919688463201746
-2.8926209370557605,-1.0031784526639107
-0.9035178216505467,-0.15714756109632827
1.74747700713587,0.04063120451058301
-2.9107318030477596,-0.2855809200390524
-3.7666339588833817,5.584763457597365
1.6758777283883641,-0.8229915082766183
2.8622666782465207,-0.570974144572323
-1.8925253060145786,0.3090038872191778
-2.83195447799984,-0.47919304578840527
-0.8720391916443444,-0.5871515132308586
-1.9424667440519743,-0.7091646196799182
1.2987855442835874,0.27649496073621216
2.700139365616045,-0.7844401109340499
2.172797758547887,-0.37797320813168234
-2.6424210164027526,-0.6174394454495128
1.1174862781851187,-0.5716437253454447
1.4046852412730442,-0.9100681313713833
0.8446444037273428,-0.6784421586399197
-1.3592303636532284,-0.35033555432124475
2.8644591718596972,-0.4075815093590158
1.5051041280451412,-0.7142464129647277
-0.5457416725243152,-1.0030153703332787
-0.6044081684951823,0.28427709366402787
-2.009142354388889,-0.7924104244304949
2.4975915394162693,1.3379385349391744
2.0006165544470385,-0.2894514802380513
-2.515865970111043,0.16713261038419244
-1.8702696842183257,-0.2749497774265105
1.9998836949342773,-0.6947102645073293
-2.2949359340010416,0.37010637639818383
4.616814148401664,-0.36078391436246576
-2.0252077618268034,-0.3113877053445725
0.280869012258422,-0.5837657389791143
-2.4758459174406635,-0.7013096793050093
1.8023014449116408,0.032339332706703326
-1.764310650510345,-0.21159956855434464
1.5832137125984538,-0.7654854913949531
-2.876976654120501,-0.3726819777289298
0.7276773269523208,-0.3364488099487877
-2.7620269015131704,-0.6609583113697539
2.3130397463248977,0.5679495157784492
3.6454755680494046,-0.16318247100990854
0.5181885799669217,-0.6751838977147642
1.2604393614014509,-1.0233262049148344
2.8498310393527837,-0.5315283140111707
3.1004509001087484,0.3374435906939084
-2.695900313968355,-0.686017415826913
-1.3110589994819313,0.5736722989035388
1.0958130180989447,-1.1766483963277274
1.8777581054448045,-0.430322202112236
-1.9991022521260793,-0.6570599302163734
2.197659737877332,0.4805327860141998
2.388004230132325,-0.0913380219825915
-2.9408870715285422,-0.523708063381091
2.451140978047676,-0.749974133277627
2.575315735172937,0.5895621736909737
3.12815774820918,0.04692677258846076
-1.936938126203602,-0.36234813466787485
2.3553492640369056,-0.6062770822076529
1.9062881965293195,-0.44344539684708956
-2.1957859640629853,-0.2941328471998396
-3.6070088380735124,-0.3805290031648943
2.171626496042269,-0.460750633368012
1.859478617322503,-0.8138159947099072
-2.939842975675443,-0.7475558795399819
1.5983933534095622,-1.0412805955375544
2.0888700525807815,-0.9423458764086526
0.5674100937659855,-0.05259990208555027
2.1270515061485704,-0.6182475410880927
0.9111395355862467,0.6154746728820123
-1.7956856470269311,0.1065121306275679
0.8514239285625897,0.12251965740155724
-0.979061619015389,0.1657525615850771
-2.449141818797879,-0.1788505960191489
2.190601367939305,-0.05998277244153623
-0.9451020428900432,6.0574994917164044
-2.4836967851420657,-1.140854428841289
1.1136504313238984,0.1610971255325039
3.831736235537032,0.12404622153439743
1.184650117560495,-0.2761421104413966
-4.067881349620072,-0.11480223363394901
-0.6861879769295504,-0.15239923881307596
-1.8952504399648962,-0.18667492222745707
-2.9902568975897696,-0.5130905349466517
1.032831152109193,-0.36323951268366667
-2.8754215055797245,-0.6261128575528705
0.7257976746832934,0.04010512366464581
-2.717189458506466,-1.0443827333549904
1.1954785479452064,-0.16262085370709436
-2.331391091315269,-0.23624904010305522
1.5839829480606267,-0.5191809403677028
2.248305842415521,-0.9497305417394292
0.6497999501954573,-0.26327101383933454
4.118985281341247,0.6243529881864897
-2.8021454257258815,-0.6489905964119848
0.6209574263176635,0.8105193551255058
0.1187053539984549,-1.0083002762883853
3.9335622172059925,-0.43093928926153713
3.791446193345072,0.38076569766844287
6.130126512753885,1.2893150558610988
1.0207657867854196,0.08306844554103572
-2.063379361801208,-1.0021002447622593
5.012138095890764,0.8720338937003232
1.7726918195995824,-0.7213250640676973
2.2296057018822397,-1.050110614906584
-2.4733348007865694,-1.385397947537331
0.936899299927751,0.02950195951202941
1.199790119715554,-1.1866821682115418
-3.0230497462053854,0.015181627475921854
-1.5309330187229906,-0.5476728011652144
0.057530109600648166,0.022721944098759182
2.9847665914483414,-0.5375337705017517
-2.142021522917019,-1.127179116725504
2.1347877458300144,-0.12126161685422218
3.166011409444465,-0.5493680961779475
1.864157958368932,-0.7549001676941808
2.5068992777718817,-0.8848934960110498
0.7660403904491387,-0.6798821987492154
3.4827275628716654,-0.630812456940329
-0.866286736303742,0.11189563118113446
1.993979934412144,-0.9543171011295745
-1.9001348648857739,-0.8232608458315667
-1.672660861599739,0.3285150882459042
1.5626845631555397,-0.5681381129551119
-1.660344893075535,0.1845141469471838
-2.8986826361445526,-0.2969362902281187
2.2634257375569913,-0.499965075538054
0.972741155703085,-0.08341410250840509
-2.4753944138356396,0.08553946944067317
-1.2458777279332187,-0.3316519560311657
4.230894149565034,0.9994505096532119
1.2583155207852774,-0.5654982842143272
3.6924882329277513,-0.15840754485598815
2.396476391661016,0.979256673400875
-2.484137123346527,-1.0477436758231295
-0.6686586311843451,0.23540067164162623
-1.8836850393104223,-0.8783952409993733
1.284387693078651,-0.6145208058585009
-2.889289809613612,-0.44835813034121536
3.0925855773229602,-0.014162951865529043
1.6302786537831477,0.18346829796152395
-2.5325513620221702,-0.45864672296044745
-0.19669711098430168,0.7754417968495649
0.5945839278071733,0.13438228982141548
-1.5069561852608273,-0.29884717380412307
3.457682541680835,-0.08776640370774547
-2.779762566010725,-0.7537366686780145
0.7033528886058987,-0.4723980246516416
-2.6523482976553403,-0.7876825916541992
3.9612411478030465,0.23941421664404566
-2.237483731310806,-0.0471436490274006
-1.4304313749255713,-0.11854811963211606
0.47254330801667455,-0.4870490710355835
3.6882662919853115,-0.9062222845781954
-0.5467143454755277,0.6822329862037516
1.8108815040185449,0.7604001616248396
1.0954524162441144,-0.4997428803586843
-2.7754340952019287,-1.0714234984371847
1.9703783093532197,-0.9269495113878962
1.393073883471067,-0.6848645755040297
6.729027653040343,1.5586062848650062
2.3149115429950435,-0.442091037797053
1.5961125065629147,10.452893171144321
-3.4590381944240693,-0.848249771643739
0.3657907038203341,5.836799725890061
-2.4382753848969947,-1.2329419745156822
2.1559632172278005,-0.5705772191004328
2.361639374827209,-0.6392255209833784
-1.5996659147634382,0.27893056083523604
-2.4217119525890602,-1.3009159868975455
6.111563936732994,0.28288091349081174
-2.577701443106087,4.690695273324698
-3.0102470106453074,0.07861248140501749
-2.3047717369373593,-0.4030409461116177
-1.8327432067964111,0.6992207068123454
2.386898663182673,-0.33170452581836424
-1.9459290699766831,-0.28402161045064495
3.7177667803548604,-0.3791509301147952
-2.254753580716363,0.16006017397513347
2.646542488921291,0.455183345076173
1.8889087033836813,-0.904787341733405
2.6574174503733463,-0.026992169580520572
-3.2510216070305917,-0.9516497417686764
2.852627323381167,-0.20661109627273885
-1.620726772001095,0.02294995994310641
-0.7386682370059932,0.6931929327791625
-2.533310319372581,-1.0946773649479673
1.4064858117659396,0.4757794390131139
0.5601725988631466,-1.1260743484361517
3.3091912448807568,-0.7454154702892636
-0.5158024265337983,0.24833315186159008
-1.3456561701066763,0.6758608436377874
-2.0987628597215555,-0.2326782574499641
2.7897829238935783,-0.6333201750375961
-2.338880659419155,-0.5624636550407012
3.0081572500680758,-0.20354833601306158
1.6144239309568955,0.22722049774269035
2.39140943262153,-0.8842492430594151
-0.47098398597900093,0.3058433353461171
4.358244909936041,-0.5918731363503049
2.9644074363411392,0.03399362746059995
2.0756425870082706,-1.1445415833611665
-3.2710844794055878,-0.9230087549476398
0.4351763318066988,0.010221344507283089
-3.5481247283631885,-0.6847839279840088
-3.413050028023165,-0.7495537639118957
1.9378988844886371,-0.30799143490474334
1.528363777515575,-1.0247186416213179
2.190416158760483,-0.3857177161632535
2.814512769771945,-0.4517870371814806
1.6013696635924095,11.082471172269187
1.4613077887264538,-0.9700116079778673
1.9283732149827932,-0.315901935038258
1.0776839251599626,-0.7757293640396713
-1.5115824927117782,-1.068944600360031
0.057409223961481265,5.621893119196591
1.8865940973957902,-0.2904864998575721
1.5043330206206882,-0.6006028370793115
-2.6823933986226094,-0.10503805205682526
2.816238224702755,0.3348862989208218
1.8572067021908811,-0.1988523946379319
3.023245718284998,-0.20225213230569813
-2.3995773678568324,-0.3413013784957839
2.2258895572249506,-0.6419131814737189
1.4277575218877838,-0.07120825347029903
1.6325615332663426,-0.9748186916364692
-3.6679322894916413,0.19019383657512143
-1.759789916574353,-0.19768600802655978
-2.9576132805216657,-0.5720732049631316
1.4659980288765935,-0.36401437407261866
1.942413168577675,-0.20770151866493436
2.366355442330066,-0.12030566788218672
-3.523222613765314,-0.9746543320695245
1.2303941222835082,-0.7050602152023902
0.7238881799707586,-0.03642223522995046
-1.3012151537403092,-0.9923002002118917
-2.564572235259511,-0.19295673020424395
4.31491444360733,0.03630328962590993
0.9499466108172622,0.01886553243017094
2.417528644419968,-0.406701700331682
0.3812732052300327,-0.036361857587544524
2.7015757709602024,-0.2760475975064798
0.8514531192407724,0.10809963775601403
2.5387022129285692,0.06471502271603906
-0.4874635379454394,0.4052065519609093
-2.298727795469537,-0.0824819357654489
-2.589187990774633,-0.4724729355414449
2.1152447843588713,-0.138291903540142
-3.797483184230203,-0.10783096681304166
3.2683040772958325,0.9216187804214632
1.370211767938083,-0.8376142371914918
-3.776748452473675,0.2300980416953213
-3.162263062830272,-0.00772581972970835
1.059327977381242,-0.8780431387030099
-0.31953084433848933,-0.013310936467086122
-2.280449180392194,-1.4343796514391374
-3.056789433971009,-0.7658383918502194
3.6286278248528556,-0.7865093955566537
-2.2892796534801225,6.401252417901088
-2.0280828531279607,-1.4959538146780569
1.6837249696332202,0.5131076549900244
-1.567085615776785,-0.07962622046561982
1.9862472674242606,-0.9560943445096253
-3.808315880225671,-0.8942063310433637
0.3833573452404466,-0.8492181610663878
3.499322629673705,-0.26871701123456293
3.799709999655528,0.6340238008297061
1.6329530939457952,0.44832919269864663
-1.9494714209296686,0.3215119577714263
-1.8814461385754206,-1.1757635755000093
-1.6447301844857696,-0.702985272319823
-1.8848700937184035,-0.15413589960128618
-1.7053336197417093,-0.8969905417120722
-2.722503985870523,-0.2722880813191593
-3.5876459298618886,-0.8953984362118127
-3.2570897115675743,-0.11903663920513707
1.3289941311090079,-1.4209546659667112
2.237144667578687,0.11474060505296642
-3.427372786384375,4.978488827970846
-2.295781380782862,-0.8969556949746228
-0.16264304865223264,-0.43222886711094144
1.8200300038798882,-0.17863349910895096
-3.249033668114599,-1.1650776059812225
1.4017514395118005,-0.9978458527256264
-1.6505279657630807,0.29523638002403085
3.028406277032446,-0.6557121641771981
-1.5453585726262864,-0.2910449626677359
1.588113216807216,0.1580742954212989
1.9275277741215113,-0.7978844998676278
0.2286516251360298,-0.025397847012493376
0.5044040795820911,9.684230103410275
-1.8848086077531006,-0.08183374918305533
2.276869133917669,0.15372491898813148
-0.10548732723998032,0.056896962571284036
0.5559724752446078,0.40921161441498516
-1.609074475273898,0.08259107454705374
-1.7901254841814997,0.456763681479382
-2.1276609482196593,-1.0657129068762827
-2.1820566982725316,-0.4445727663070791
4.623806067349112,-0.16752260940976657
-3.3113732880766524,-0.19366069256184215
2.321386712228469,-0.8770861970191377
-2.1667853517084317,-0.8615632797538509
-2.5452727322699467,-0.4653108823927128
3.928909394625554,0.6025910434705242
2.413159316673623,-0.6249341738178399
-2.541277932405908,-0.4807569635348481
-2.1171695068691987,-0.2477206027183925
-1.919452715356164,-0.7795113690389793
2.0114262594894634,-1.151583093161565
-3.7145969080186214,-1.4639450985802027
-3.319833723051252,-0.14335816272963156
-1.1130551557004282,-0.19576699413559975
0.27611284150178483,0.6937027411094466
-3.052374902376205,-1.4439490724963988
-2.0894342425579504,-0.8906572677575447
2.1290276094602705,-0.5718282165050852
-3.0819644339112005,-0.15228437062748543
2.774453765638542,-0.1750830039958198
2.845189984515536,-0.3288106136757399
1.0807230079626533,-0.560752522452183
2.036495614741622,-0.17185133734122035
-2.9321930321969805,-1.3999269516665092
-3.014989240880117,-1.0683245444083918
0.20788928685662558,-0.4333411831205708
-2.167113334666097,0.045279950483261236
3.2898905247865717,-0.6259784223560954
-0.6834621104002923,-1.0524333167740638
1.983224023569372,-0.5792916743957655
3.0588139028604067,-0.8656157395711744
2.930809900666607,-0.640143603618074
-2.2502255345524382,-0.17833197945406148
-3.2411545809925606,-0.9361791396953042
-1.7970705428142715,-1.1260662577477174
2.2742373902386954,-0.922655014211012
2.8073983800009312,-0.4132299405020185
-3.2162607640216763,-0.1617568207231301
2.879394628182472,-1.285074245890022
-1.9027198358605473,-0.20950537084708995
0.3218386589553812,0.021265633977631742
1.2925927536483555,-1.0220777701399553
2.8423961374743456,-1.2567113673352621
-1.3740439725884661,-0.2848843987234842
-2.6881245628256925,-0.9295383229216387
2.9679561037349087,-0.9617766162795611
0.5746430723021384,-0.1027317694737892
-3.11691611064258,-1.27771291145803
-2.661949987015842,-0.37900850830900973
-3.186535555005267,-0.7451882435229419
2.9424628768504975,0.5817013000213525
-2.3578722472845577,0.01583865768130962
-2.7038713760360134,-1.434825460122502
-1.3258962526366873,0.29243709952434316
-2.1715153715347113,0.04233523646774158
-1.6847060251627972,-0.104780102113465
0.7880289507484581,-0.7245318967498138
2.9346720239422095,-0.25907848204534806
0.6318615230195299,-0.9036895906062803
-2.8717957437825072,-1.5945412457954216
3.1103054652811886,-0.6585348506635065
1.026789088422473,5.909556865350043
0.9382014982712107,-0.3924121747531533
-1.9421941275302752,0.8826014366089464
3.9317611398892254,-1.0796067839054728
-2.817658308374525,-0.46534329703732946
0.407964915153459,0.3693847236052031
0.8037378439076525,-0.7051963018295277
2.449386605609169,-0.8846426297416025
2.3434803638382875,-0.13728570930808634
-1.666729503948937,-0.6758003065188539
-2.413481665742146,0.1860822811417143
2.224614548344024,0.9187087428576105
3.0832876035989902,0.5734810643778863
-2.2575241662973564,-0.725255715484498
-2.0349417313803935,-0.999916339451159
1.7761217064285835,-0.15814327121858637
-2.423366492954665,-1.3167611272052973
2.4897008523973043,-0.951062936721442
2.2285368925133224,0.47201076266841085
1.1436544201419558,-0.4668415149525946
0.8889061918492912,1.1641859151008236
-1.037689015739872,-0.9985687433886878
1.0797601845623763,0.8553490873665962
-2.9533264742592946,-0.5230681723474068
-2.238204834160217,0.26112354856714237
-2.6549680196353966,-0.531024532457045
1.8520355611032628,0.5115482125278703
-2.3472247393913666,-1.2735760719147762
-1.8653168093373769,-0.5675671663344372
2.087154376683675,-0.8430402781057739
3.401965630413978,-0.3773025036598592
-0.22855722476147647,0.4960125118320275
1.502462917001251,0.42309120100899494
-1.3065038857019486,-0.20990120660171976
0.5238626662985583,-0.31434321677550964
2.4049012959288047,-0.2853870308222617
1.74225250077022,0.11113883486732273
0.8400587596255549,0.5551359962279682
-2.2017715052389057,0.07076702570000416
-2.585554888393078,-0.8761815805898562
-2.686645109473244,-1.0775360374679965
-2.8340400343802075,-0.8172813713032463
2.777416652960351,-0.5626078652614014
2.5541912185387416,0.6918876491375201
-2.909858793918044,-0.36352958333469
-3.547860556670472,4.990240254357996
-1.1972778267314317,0.1177498836533106
-2.9683595100268234,-0.8098019420573763
0.43089385602017793,-1.5385084611846207
-2.2805921242992073,0.09953713865721883
-2.7868215884858807,-0.9196280420030754
-1.418866837088347,-0.24694827452348064
3.113280672508958,-1.1539919102544083
-1.3606059035582287,0.187098849104382
1.9848273343538287,0.17877378583444564
-3.0499580643981776,-1.1685532277420103
-2.1285057350871455,0.1464377685803805
2.4716072835067546,-0.2794243248768571
-0.8548470957334551,-0.3114270825471995
2.6593606609990386,-0.6400502068610607
2.991733903883674,-0.4029861033629339
-1.7236399155999975,-0.057781550629743654
-2.3953500983560647,-1.0861836626784678
2.6315930129509417,-0.2279005591622976
-2.3340989629303035,-0.9594072797745061
-0.5650766248887152,1.2203934147682534
1.451912662810467,-0.8896230209233535
3.691113863139459,-0.39611300163119345
2.9717668910183423,-0.36922240228087666
3.582956751898314,0.052938295387843254
2.3597454484280167,-0.08226048293610955
2.122575401562247,0.013029697380923114
2.4761289656842047,0.11391928628169884
-2.7681816006371007,0.07444597658140757
2.436293758707106,-1.1915077526814695
-3.922057255394782,-0.3338876557347554
1.4995833981012099,-0.37939210144976593
-0.12502061160310482,-1.0275677274349788
0.1610133780449783,-1.0122237063617952
-2.858954736742846,0.22465221471804128
-1.6885863518047861,-0.9206213482708826
1.2573922080166204,-0.08451647156143502
-1.039987137782559,0.7995368116887557
-3.3163194302357275,-0.4006023734031281
2.1287011457125855,-0.9125096167038098
-3.39090715945907,-1.4142947980481748
-1.3312327483964461,11.047296314115837
1.3698461686943955,-0.7739866755500473
-1.962969336134189,-0.7757856677738512
1.078155997270932,-0.8632239221211232
2.814580615910019,0.06561107948466509
-1.3236727536612558,0.1703360873211974
4.144905365964146,-0.43944062789285443
3.0690320207012323,6.364674147175219
-0.5948698334765945,0.10577090115547308
-0.8456053132314172,-0.659217261410967
0.2759167310441707,-1.228897030294495
0.5450489363893904,0.9777734081372457
-2.654409575086288,-0.7268025529516162
-2.407677725182174,-0.6298990492212432
-2.54386310723862,-0.3460703962355639
-3.0091710642120475,-1.3855069463755019
-1.9616621162750258,6.020860690781745
2.5359720670889505,-1.1636561016040572
-1.986354069675242,-0.27363586824282843
1.3437747173679377,0.10171812960926752
2.3843588680766934,-0.27648305669459555
0.8778495552110147,0.37394628268742064
-1.5056072984255742,-1.2940178928089463
-2.1975838474617606,-0.6617865085224708
-1.2558974907293712,-0.20334884734034916
1.890213076400903,-1.002070790709444
1.9222085497468402,-0.5010009690980651
0.4671843533644091,-0.5886157888512656
1.2335807059360429,-0.9680977746024507
2.5314186081299663,-0.5642753417910874
-1.2371551905171931,1.259105921563632
-1.4804146911831548,-0.09319962856527711
1.8573444276434345,-0.39065775634985156
1.7690568094438828,0.14803454140398337
-3.226240948859111,-0.44331909991281643
2.8452900002357793,-0.40607201366171086
1.601738945243179,-0.3480467648904752
3.065275783899156,0.06905310950848763
-2.8499841253839673,-1.1171646646370554
1.9570271399603323,-0.08594649591400878
1.2475368951462769,-0.33440459840947534
3.513456056454756,-0.3296414710187804
1.6017657098190095,0.3957656155421628
1.6305272909962645,-0.9361015643318158
2.148578141984386,-0.5535112529695492
-2.274993384698394,-0.9266155235781705
2.7348090513971606,-0.17250034291247077
0.908686625967342,-0.7922591999607254
3.593742629308219,-0.3796281284992262
2.601896435347465,-0.42327250169420944
-0.8833354455685872,-0.7379786176079086
-1.60328688569926,-0.3621880399210277
-1.4183156407246804,0.32177196830043314
0.3924470625243882,0.566466680830848
-2.018453090168429,-0.09828988589816898
-0.7816356280943613,-0.58888099140821
1.0899312851980762,0.12243210524751509
1.3805686111642421,-0.3444062726793
0.6206075408154491,-0.6310769978933689
0.8743820627869291,-0.3288645952266038
-0.1738725383850995,0.23047860884582103
-3.4254490327426215,-1.3748037541139286
2.3479457882569603,-0.13208223295961852
-2.0613970264259525,5.350994100457567
2.2209963419486263,-0.9965857261726978
-1.025315865042326,-1.0233632012693206
-2.186194968828384,-0.9160401038521532
-3.1856397574666175,-0.4979777058235395
-1.4217911898363138,-0.28496573513316636
1.9340321057194885,-0.12068955255653735
-1.8662659173771545,0.06427455036816324
-3.1129150892573274,-0.9276467716992555
-1.468297304132828,-0.6696955455544196
-2.901607665585192,-0.2771368660316463
0.6977808175234633,-0.779152709072909
-1.9942932044330584,-0.9509182547864864
-2.208464595025815,-1.299230454886467
1.3031058364861345,-0.6720008542610275
2.119431242241743,-0.6843106320813073
2.001685198625626,-0.626180597736782
-2.168452770160586,-0.4644144025738839
-3.3790119201350373,-0.8800640242680966
-2.972686754597302,-0.5684955973828076
1.4925008528180976,-0.3937072716024721
1.1513137279377534,-0.07888944722326595
3.3664073074833945,0.12244429244172966
-3.007100879520312,-0.7132438726426646
-1.8875869434224393,-0.7502872020868899
-2.524305244046257,-0.8187619329943797
0.8193811744958884,0.7805671797334546
1.182006090723167,-1.3225397366620097
-3.2599645601990908,5.519941951744924
-1.038702610463618,-0.05709045304925476
1.3236193838136163,0.03746814352523884
-1.1232686154236493,0.6986506669335296
-2.8785368798128057,0.09135050961023797
-0.9341952023547989,0.018901698524384638
-2.1515610940880507,0.9390150500782735
1.8466873809094935,-1.2488046079291781
3.1605330910095986,0.04179395517333155
-0.18915781450155272,-0.9902252563337879
1.8611316840030439,-0.3715554252643159
-2.7317093310390947,-1.011396194256535
0.7635291562456337,0.045190437806746066
-2.1141518592530395,-0.04264159992916417
1.5435334642396414,-0.9985019735189652
-2.428207234292754,-1.2688198343789465
0.4209834082629277,-0.7003242411421243
1.5712842066910475,-0.6955978676384977
3.7502630677757613,0.0422500653270281
-3.0475226915365456,-1.2123809857687118
-2.860832798008322,-0.5177010878951955
-3.254927611818016,-0.7484805707719601
-2.1070861201207753,-0.6145113139541283
-2.6735730421058017,-0.8883714353692759
3.846845571026735,-0.22578875367782925
2.343645283044278,-0.5806073970464577
1.0672438921432266,-0.43772779415129087
-2.967018858500862,-1.0273571279368623
-2.3479428460967156,0.9090898663238794
2.387187578306783,-0.23202279885086483
-0.9773261817330136,-0.18417033967955956
0.5513435797660826,0.6661255508925138
-2.5972105021315,-0.3875327551310437
-2.836988040265153,-0.17796657734306026
0.22089996882791366,-0.9834643022186578
-2.8571555394245536,-0.7627661210555239
4.0402198471451385,0.30786877812646873
-2.1785868589904482,-0.05049734982633392
-1.537792916703498,-0.15291044943610185
2.1516837251295944,-0.02241765751722309
-0.837130164187674,-0.20372880198834736
-3.2497922274991935,-1.3410955146029349
-2.5782078097933327,0.07081211238043507
-2.628995722544425,-0.5058292775941164
-1.703314131737905,-0.5989768056995882
0.19895687627298334,-0.6109062474331717
-2.5960803308721987,-0.7925821203461227
-2.0527874003140782,-0.21008821465315747
2.340358747927103,-0.17093885088004893
-0.18940971667939532,0.7720907022540805
2.757354068784214,-0.8116555257633002
-2.9721599612313194,-0.7687607852132422
-1.1467616300073562,-0.49340969907615795
0.6889818255020296,-0.5426677572162558
-2.6249427353792223,-0.39283064225936837
-1.789331120237928,-0.08099283972681484
-1.1941579498904025,-0.8165859158587384
-1.4666026224972541,0.6705075888732418
2.4171107093804793,-0.48293438204717076
2.1656498146766774,-1.0788566354098146
-1.6063471558363824,0.14656376960866963
2.079354346286834,-1.316849677568644
-2.5043911770212897,-0.27804659613374855
-2.5616058384124667,-1.3791127907647909
2.422151823904167,-0.09177051262628468
-3.0135020664508403,-1.0880633663184893
-2.8078754642761954,-0.4680161301543581
-2.1092877462997888,0.5865579302319324
-3.2860969707995396,-0.96033011748276
2.8817887265090762,0.03522189320488442
-2.0480826470063764,0.5992572408174607
2.8090990625997576,-1.0591864353119897
1.5984207894952576,-0.703331586200962
-1.8198119264150718,-0.049299390475319345
3.473565651990715,-0.17815740860842041
-0.4963716918436201,-0.7569662664456789
3.576045965147047,-0.003969222791472149
1.7016738057317096,-0.258776980176249
3.465370220240353,-0.7568852301195693
-2.5175806566311416,0.1606404242126873
-2.9476829593239264,-1.3691163485254805
-2.5022840811223634,-0.48866723248444766
2.300804144878068,-0.6151758892998297
0.02060687850722384,0.6381373107933836
0.5008655444393648,-0.4573672182388386
-2.2393995880967075,0.12292806462311308
-2.826771657577979,0.40168485502679946
4.691101224509513,-0.14968451346938147
-1.8944372056287038,-0.562982459683815
-1.8005517570163616,-0.8305693748423563
3.010893158288074,0.16016654249155338
2.2354753838481156,-0.2989717587925675
1.8856105973588064,-0.1399827787050341
-0.27857816297643834,0.17877524899246108
0.9145815752464196,-0.8644630359648252
-2.242810014886005,-0.2887695921402337
0.9460503422096208,-1.5374027370918328
-1.5091852166243538,-0.5118069903290053
0.027431153752686926,-0.6775820247928722
-1.7039276459625274,-0.598348562889554
1.596586728869146,-0.533520280500866
2.977220438490738,0.000928732995524783
0.6743202110565601,0.004557511176605318
1.9125926561056936,-0.9256898901179395
2.0391857475243653,0.4969137438547843
-2.874485851229968,-0.47266352963818326
-0.39527338999849854,-0.26897568770173547
-2.9479085633684443,-0.4299381978852332
1.339331246715116,-0.09546923371295636
-1.775446554130431,-1.0916522959366162
-2.8707218912392065,-0.31244249984407935
0.6282153444660953,-0.4044458638423992
-2.9872522538798743,-1.0590838212809353
-3.158528578937523,-1.2789493266691951
1.3647634152359052,0.058777932427296946
0.5892222839945681,-0.8554787071909424
0.7850702112906025,-0.24784446769360557
-2.0885598645439947,5.229712096239137
3.6512696431968967,-0.1530486880093934
-0.2007918264962634,-0.7760120667354459
1.8626291796168142,-0.35411326484114847
-2.7171349764847665,-0.9231865925295014
-1.8794282034846508,-0.7645285750134329
-3.2179277228614875,-1.4895638243567895
-3.653781389232316,-0.8835153776883913
-1.5210514420561079,-0.2538756451523741
1.2422087380780626,-0.5675373716744545
-0.14333383603504896,-0.9377816516597696
2.353038287606568,-1.011593988106319
2.181786552215525,-0.23934369231035366
-1.4651348759882834,-0.7862443995388328
2.242102294330188,-0.402821842245408
-1.5219813454325017,0.0817507803512711
2.6487298585702646,-0.9520130328795873
-2.713895672023507,-0.4261082132988371
-1.0521155140177094,0.2642587762741816
0.12215101765837613,-1.0517437279684994
-1.6712239150523776,-0.4273875097454816
3.3754348736513093,-0.5625521403328709
1.5999362580873617,-0.7324511126896652
-0.9350071248777861,-0.5113502210119497
-2.186798003786233,-0.34165534210699
2.0070917517836944,-0.355515816988
-1.9925816393587716,-0.12002816081832163
-2.377786847643593,-0.21522750007169753
2.050711000728367,0.15318332407054808
0.7135498277256157,-0.08255271850509602
1.9503188746092854,-0.8758151801771558
-0.6435566815844557,-0.660047431189958
-1.2188693877778956,0.08742966464262023
-0.13147829226982433,-0.7879016678934954
1.2902322661949033,-0.21898195449953597
-1.8530851296529196,-0.3236918055122885
-2.6801042822540673,-0.010845754772877837
2.569802005903125,-1.1192337956486242
-2.1990150887289337,-0.46515508530519245
-2.272082122204558,-0.9225132517408731
-1.2951195695172768,0.2450305477214912
2.327049491694484,-0.0679593222789807
-2.82004802047499,0.3244433558046211
2.372775415591309,-0.3519598033562882
-2.658394118973437,-0.920126427079488
-2.8694988406307864,0.5928270339970801
3.3521618655404715,-0.31196606959752954
-4.131239471937748,-0.5155569235141672
-2.8546427403684747,-1.1883264861801157
1.7108720534668664,-0.5567908312194162
1.3646556231156235,-0.7624852030812435
1.7301685778929323,-0.9922318958692566
1.1810680885057294,-0.8010727127014697
-2.310632095247488,-1.0224386702004038
-1.6801520024859018,-0.8278094396547842
3.0020141094953,0.010331101136697201
3.5641182287928825,0.43867422687566976
1.727658846448781,-0.1858895687035327
-3.0422443800110974,0.06836925706383763
-3.0368394645354075,-0.4193521657497166
4.031391542601209,-0.34278676405852093
1.711632957245782,-0.2808949255744537
-3.2474857652043942,-0.7451376103869823
4.263135664676688,-0.3272701904721382
-2.714387230462322,-0.45327144325554886
1.5946971690850902,-0.2663107588944189
-2.342303826460081,-0.6836626498912621
0.5082438337222037,-0.4704886231687735
-2.593984548934896,-0.3765357574434793
3.23765628000482,-0.38479402833370274
5.922460126950193,-0.2635538094263765
-2.5602216868146557,-0.8715179952835858
2.999306816859159,0.037308738830741345
3.8717680999161024,-0.2544312647657082
-3.186935400546013,-0.7675916436703846
-0.28191610296162095,-0.4972016655538304
-1.0774799236437207,-0.44801886453648304
1.6655884081491596,-0.1635556368522146
-1.5428262154439707,-0.05142857328812012
0.5409787488758503,0.24641031041968503
-1.0519828287142179,-0.1644216535959704
-1.4606507519921372,-0.6652398892799929
-2.8509421492665417,0.3733374813769436
-1.6652215864782314,0.1942896367023029
-3.2215463689249835,-0.6874289260891003
2.059185222475336,0.21082372762513768
2.250312830560437,-0.6565411742396968
-2.2230154474650763,-1.1204818182750607
-2.842722258863051,11.217705824686806
1.957780963704514,-0.5986464983667121
1.7121283010013797,-0.3801943461245422
3.114220382209432,-0.03826949828799653
3.557546729139468,0.12566835386860142
2.5999329838329728,-0.2681340357353232
-2.457141252157353,-0.6314042952827764
0.20238450468005156,0.42810717837642326
-2.067982641184026,-0.6510564737018459
0.9928728605805778,5.67821519382213
0.29272076425392735,4.531972531270493
0.6307081637568673,-0.8790631965637434
2.426594589755895,-0.1944079070420973
0.20345255813359855,0.0023353911987805303
2.206796592362878,-0.43940498791259736
0.5153661592831479,-0.9830928063748385
-2.2458629131204355,0.25680148511952383
-2.3866263458696695,-0.41245398996593513
0.8907183690046597,-0.3980903021890651
-3.5449896358524136,-0.9886953159096687
0.9085651433264011,0.03217031650434512
3.0364953775187375,-0.23264499176257533
-2.117500912034775,0.18700394088254943
-2.4308364745932516,-0.798761687610274
1.5001902485502119,-0.7311624637942431
1.6835254786324723,-0.8778014861567494
-0.7623706760078443,-0.4410896373423839
-1.6223639469880782,-0.4256782671747487
0.8955256073217257,-0.8917698403998233
3.351156276088707,0.43761158932647165
-0.6086981211449889,-0.10201978042103166
2.9885372617603143,-0.35662603556536804
-1.3672462397036058,0.17247089438757976
-0.11161994795757578,-0.02036643586824178
-1.7986537972201246,-0.35208548274680135
-2.381209811641708,1.245206900837981
2.867065528126463,-0.41787546454761215
3.380070934320509,-0.20366759315950114
2.2989825402419855,-1.0960146933529673
1.860939227003338,-0.803505566769474
2.318404761201441,-0.36496563905189805
-3.2332331458166585,-0.6511521402013832
1.7732889333585318,-0.42432666043375294
-2.2608600144390185,0.18637536420141818
-2.8213610371149684,-0.42360563048507355
-2.6038945037317385,-1.120909565234474
1.758452522440224,-0.2171651368843036
1.2004998192731333,0.6081955847920104
1.664274753690058,-0.25451960889166625
0.6179109687296606,-0.6775966159572923
2.395047305597991,-0.9829097327754837
2.4697157905597056,-0.6772872272829042
3.470142655942007,0.08170060628823074
2.0388555698302118,0.33131231520985516
-1.9598143428677461,-1.0271819299790845
-2.5450895136221185,-0.5909814652302334
1.301291153315461,0.4565030216309075
-0.7436581315224077,-0.2953580231030118
2.0028822575302696,0.025862999835469618
-2.7782370105601633,-0.6337109672815563
2.855219905624409,0.1154990037099501
3.256303941178039,0.07224605775085396
0.27077642614009867,-0.15984200543248403
2.429953039127857,-0.36995382348985095
-3.2587664483875733,-1.303231840833872
1.5292691510340064,-0.3509135986042474
1.5103582692581632,-0.1310162537552975
-2.800495888217249,-1.3895505740613712
2.29807182362762,-1.1727501071798203
2.560639580389971,0.10126543093411161
1.2504374875768844,0.16181646176824313
-2.812600333291751,0.4448150275406932
1.6678116320510217,-0.1294307515730352
0.40032187882025216,1.1558362532501474
-2.8417992076158307,-1.0399137699910037
-2.345348444284687,0.2432276517612149
-3.025165679625198,-1.0475618067484467
-2.660389261338571,-1.0860690570424805
1.45966557477698,-0.3580244160889824
-2.662102787080984,-0.6525242559189244
4.561450644109631,-0.7368503496117461
-3.0384334002128903,0.49744955761316034
-2.7453027768461977,-0.8853892310765372
1.8276878998850266,-0.4253541750224508
1.7248065999053468,-0.023960207526155693
-2.875007405601538,0.130301846195074
0.2610961969653587,0.4169286123085269
3.332110536152004,0.6720359778173635
-2.0220799166716628,-0.9133195059901895
-0.8663279267187795,-0.02320388454548554
-2.7465537145118137,-0.7438282816609469
-2.783747429073236,0.25796201997547374
-2.7623724479214804,-0.866943227359737
3.2477136191885947,0.4549366701935668
0.24925893528319934,-0.05972892252740359
-3.541979445634087,-0.3294420676303467
0.5712657735479668,-0.4014426778935328
2.5913611053444687,-0.4209365189101973
2.797037923394586,-0.34663208430754017
2.121931773781513,-0.5646988543092025
-2.4050956067964586,-0.6294046701647898
-1.8482274911772312,0.4605636172526612
2.313087986698555,-0.3932243829889197
-2.3407808316589724,-1.3223933909575578
0.1405160611094434,-0.2188290006181934
2.6501050397286634,-0.6603243309801556
1.7854461698264577,-0.05224977548906835
4.903416085148736,-0.14349146650077518
3.296904870448056,0.17019608980605114
-2.084521601945964,0.202417409996925
-1.3651105343883172,0.27223732358219277
1.4433317088490796,-0.47888813423466403
3.248698178469419,-0.797691100059135
0.16529839928331938,0.22119150241057958
0.15646896135581892,-0.2039148249515678
3.204802166058046,-0.399299474818078
-2.3224433982671466,-0.12444238049050621
-1.6275601510969555,0.10550787446032947
-2.055901584224126,-0.05353911849352761
0.6797490428163143,-0.12256684406368396
5.010472213416474,-1.2376238060500906
1.5808527009004922,-0.5417348282991483
-2.569835829678396,-1.3874246723776782
2.697091910415199,-0.8322485806400135
-2.6798300994152906,-1.2910567330691762
-0.2487306772028384,0.3375499927126875
2.3236447977834787,-0.8840565282068156
2.080691244903459,-0.37311413595993276
1.7191026856130303,0.1417523462866681
-2.8540032068256402,-0.6767738678742097
0.376967741235952,-1.0158464951514825
-2.078067389043598,-0.10036353791379138
-3.5432603246837533,-0.8703869231789373
-3.180103262659318,0.27707926686546014
5.687143356571295,0.9481806781437957
2.707509321515964,-0.16414778394404966
-1.98521534266632,-0.13941739107421516
2.149272428451916,-0.48870254303681326
2.0486795423843924,0.6197570383048966
1.7761067807026574,-1.063547822578881
2.2662885657933702,-0.566481538221127
2.426927740393357,-0.5403492524908244
-2.785187266963185,-0.338392114674355
-3.2784111633568878,-0.7615178361543302
-2.9750005189289404,-0.7967005161347591
2.0517180351031934,0.24404572313602302
0.3696412873189898,0.10007356770032777
0.6663816295382888,-0.6337506902435086
1.850135557718866,-0.6518649308457686
-0.4481572422403011,-0.6347327014398285
1.66178592558235,-0.43975372421251907
-3.9517060632103083,-0.9123335097455711
-2.3483966146619264,-0.0198102575912198
-1.8071141568337525,-0.4919883718928849
-2.8387814965653178,-0.8127168238045654
0.09794435034054241,-1.018477145746366
4.825770415978834,0.5372226121267512
-2.5536480551159912,10.860105478503952
1.8790587677528119,-0.7818306914192003
0.841078469408312,0.526859291481981
-1.3058214197690468,11.101732219864804
-0.18121180920612484,11.119068320206734
1.9353572947429103,0.6191654540995838
-2.8476305641912276,0.08949077951071618
-1.8709420787015416,0.28674263447248305
2.560616349386599,-0.276302085188621
1.2178919260772783,-0.6028632137617531
2.2762456017958477,0.09631367375459929
-0.9648851114025361,-0.054517771117149956
0.313732083029885,6.427929890803266
-3.073638455386708,-0.8709887030244053
0.6496780363453869,-0.40764383730707293
-2.3814392218616534,-0.6760589554298633
-2.883185699445552,-0.5965081327264394
2.3617164357609384,-0.5612168692306321
-3.0324709317669667,0.09734101562804667
0.4339332632633055,-0.03938830976640796
-2.4103079074924496,-0.10214016566706613
3.343222644821442,0.02311671942370044
-0.9462367555054986,0.062091825903902075
0.5167466208823855,-1.542800250330308
2.099803357064099,-0.02775888382650206
2.9709504255613743,-0.8824628137752955
-2.7030432990914455,-0.22382546827873526
-1.3568410268071212,0.35763671123004054
-0.9448489834514542,-0.14756278497099956
2.154625144881672,-0.08433015264335962
-1.894527758444838,0.3522205213438577
4.3505162571340845,0.6390781006807089
2.8775502527213255,10.733181190634074
-3.406627122954164,-1.3641940776873496
1.1893188728794397,-0.4748096357220338
-0.05078009712897433,-0.8366462568599409
-2.31586895284734,-0.5762140751938898
-3.406517817611313,0.13710796774221046
0.18046677263899805,0.2691871359621618
1.488050540773699,0.5125932904129231
-2.6353759371544254,5.735915498968981
3.470114030237731,0.481611348033802
2.9506537902084986,-0.23375140570569164
-0.788093883591682,-0.04999320858802326
2.1558800643430596,0.7709861412036197
0.4054163287136737,-0.9577944986922333
2.356442452049875,0.2870521517193416
-2.308768064937271,0.3126922748686548
-2.8864137781452146,-0.9611809865601783
1.2623711522324454,-0.09059972813101488
-3.098378644196203,-0.9484037754958207
1.7913882922639937,-1.1093180732825016
-1.7815136697033953,0.0030376150863491097
-2.097742005365757,-0.34320983601696514
1.2361987159654706,-0.5743175555460014
-2.08869155742968,0.4619400635306458
2.6192145271403158,-0.7805608608094996
2.0625664682924914,0.09931293839461586
-0.15138608311767307,-0.32330901063147166
-1.3219088444163478,-1.2496596112157163
3.3560764127441183,0.8427748262766791
-0.2417463429089705,-1.242739669848467
2.415681044433208,-0.499781523988048
0.0903054429348052,-0.42884686217323725
-1.5490472743058854,-0.3221940747446561
-3.2228504561911007,-0.1919473160863376
4.221498172412712,-0.08797233846034709
-2.2041728103451983,-0.6701805411460473
-3.0372521336818887,-0.9810746803695982
-2.813878357653382,-0.24478793173990607
1.6020013809494582,-0.48983313317253385
-2.6676102614244472,-0.9692241177483399
2.059815046923324,-0.17003253386939857
1.5684932505963505,-0.9417919655225461
2.4519708496607757,-1.176918458926095
-2.4610480226051634,0.23641871756282182
3.1150355530200686,-0.3635140217751361
0.9865258321348866,-0.03844723575596248
-2.4487513009948176,0.28814744378338686
2.0810064425254566,-0.5472539462123043
-0.5979734229366411,0.35745321429987026
3.076910789254596,5.511961788760426
-1.9406032102672477,-0.997592919975614
-3.3247853571010273,-0.7332209845970974
-2.108323286309593,-0.4399843151985618
2.0838266001865255,-1.376670799589177
-3.2258654877955806,-0.8890511354775524
-3.2543595580686318,-0.8588140512647786
4.608921232462228,0.26836015491420495
-1.5601437079669696,0.16448754439178634
-2.547222335069663,-0.3884127031876417
-1.7056878680339502,-1.1215881699369619
1.1415644507218436,-1.3454245538159073
-1.7325273567097552,-0.3298068888354776
-2.050042091077918,-0.06762353653993751
-2.6845552528260677,0.05285469158369423
-1.439748130007295,-0.026458554808532826
2.923950297892805,-0.05018771055421758
2.7500572061332793,-0.6613424945933457
-2.577611397601427,-0.43568699306996306
-3.3776547843357743,-1.0965461203511413
-1.922292516180728,0.3880631953101002
-2.9978634339458523,-0.3623809494273322
-1.5551281707436362,-0.39965819602750835
-1.8755019012168794,-0.40781036343840776
-1.9592248422991156,-0.047955017952809216
-0.18883574037038864,-0.6619656619424361
-2.866198769160954,0.46256420826500283
-2.912572677173801,-0.6133501563348392
2.567234241783113,-0.17239650674311233
-3.3444519016981107,-1.2665321795135351
2.7641570869765313,-0.40348835954197876
2.469293924989221,-0.4639812293893617
-2.50232276889135,-0.7603383706454768
-1.9812798197660348,-0.4093471395996067
0.9388996243444873,0.08834611805719209
4.296165661139678,0.09269936852229549
-3.4132301429456366,-0.4532259684055867
1.9062031752232618,-0.6430182661408396
1.3343860108729872,-0.7188845948220486
-3.2337096834739594,5.241873701116774
-2.5060871286837045,0.5214312642820402
0.8324761849482569,-1.3829285742899904
2.8458801524726143,-1.1017978960680228
2.285039642537546,-1.338707446915387
2.3432770913308874,-0.43709669953108926
-1.9272164976694834,0.11111605447064268
-1.7927073092636459,5.815530189171369
-2.089998038849772,-0.856557367527147
-2.0984015880147044,0.3055367866276424
3.29850984346728,-0.09027909475534072
-1.673548573785557,0.16162482718045387
-1.8661459180368942,0.5879382430261942
-4.043774149073363,10.903391456939051
2.914369936665309,0.0459533039841252
3.476534841683015,0.06442295599693809
1.2582506796548403,-0.5497209722852106
-1.2323796344595188,-0.4542915817133916
1.6482205676924964,-1.136892678828387
-1.3039625607197685,0.3537323174858847
1.5919234595352596,-1.1911516282032861
2.6813322864582716,-0.7219221791807227
-2.843353028933577,-0.8670446132466112
-2.266441891898233,-1.229614525172431
0.8110968961578786,-0.5315344575369041
2.1000047003205036,0.38092132924800676
-0.9040804641611567,-0.08393008325552116
-1.664982688874721,-0.054692313626050044
2.7191523488690827,-1.0731933042550137
-2.49089242846303,0.2779198817767461
-2.765399717070114,-0.7653301981847058
-1.3660179285636325,0.7616303086833526
-2.595483311157506,5.8058007772671445
1.9316281673721165,0.6088633454112866
0.9542601475405325,-1.1507829911102607
4.95188004904883,-0.06259922678296982
-2.172750514856451,0.16477969656394842
-1.8770549298074826,-0.689329975228764
0.7367390389149119,-1.119315112756465
1.9231327347311262,-0.9518921079826776
-0.9402618093216433,-0.820032711547419
-1.915267325304018,0.5984410351243037
-3.485797837402118,-0.002519541186436525
3.112480465756776,-0.005044380028277578
1.6685635177374838,0.1516521727681782
-2.0219591983337146,-0.4554828165384361
2.3184436149802843,-0.2365562960725758
-3.1344454058700926,11.024537023131542
-1.4812706997383025,-0.6954568586003078
-2.7630288499837636,-0.4363360393453118
1.4080634238817593,-1.1149739759833295
1.520692602806324,-0.17585073610194582
-1.9856832174261059,-0.37246048218208966
-0.27323591010503373,-0.4689781893077967
-1.183229745282782,0.18850269957705398
2.4409970448844542,-0.05855599076232566
-2.3645016175910993,-0.35071870671904243
1.5194433992760117,5.8470173783089665
2.237050688313378,-0.788870443105503
2.540972563030283,-0.3696195837642557
2.898941215501525,5.113725947377909
-1.7431883213527566,0.11208680593199147
-1.4816838483186792,0.296759848869647
2.2388756715829268,-0.2111851631742462
-1.548060860081507,1.580586707436554
-1.7137413943795186,11.149592943669589
0.3168854355488744,0.26350103407237924
1.2935142056496793,0.07626740784003092
-2.3159950514077736,-0.26878519325556804
-2.0106015459360016,-0.6740162366567692
2.030206376246088,4.556706761139938
-1.3461058134653836,-0.4758864773376987
1.3344730675376284,-0.6047366022721938
3.144790039152536,-0.30909032819501286
-0.3580759017614145,0.09093206206150625
1.5286179006940577,-0.8864592961431316
-0.5560512990518259,-0.412624553603278
3.7562847312192726,0.4578135283134134
1.6528889333431973,-0.8409928929235223
-3.192966036522744,-0.6918763150390593
1.1898280788492464,0.2298639868850216
1.384383251185433,-1.1774425439622669
0.5541707226951832,-0.8420865863003306
-3.162058569542755,-0.8376652053906947
5.411361222770927,0.35694766681632
3.676969006510371,-0.3147204807789455
1.9063545765082701,-0.6948317463782735
-1.7146477047683317,0.7645957933119049
0.8776448696286194,0.166668665482087
-2.0133004014827525,0.03881636095524195
0.942793723893954,-0.9332298389956586
0.8549093665233196,-0.4489478383079174
0.8391037355625772,-0.26381661433080933
2.7146889826442684,-0.30671994552744053
2.808898378727562,-1.1138176625493883
-2.635701787454493,-1.1384087744792695
0.30492584554263247,-1.2334060030042084
2.7175756298420732,-0.25550220813410596
-0.8619635182579439,0.5393940594843627
1.1060805096184994,-0.2717260954464839
-2.9104786574175994,-1.0051005599242087
-2.2068981366022253,-0.13197667045591951
3.2663836138248907,-0.3030605194072888
-1.5858339552480774,-0.16970310744068676
1.8667461011848119,0.4305122748062714
0.8902023465458755,-1.0367325057091492
2.749260121413535,0.3291476990884321
0.7191585561270174,-0.15285366482314508
-2.5840320385825053,0.10794215837713825
2.4218564025424696,-0.7804710413537899
-3.35423167082906,-0.2560419248069544
-1.8428679159426067,-0.9790454220207424
0.833824384578834,0.18221554531080894
-0.6834409399432501,0.09942172744058805
0.8808252911527772,0.3610876209480518
-2.312367865433064,0.2587797406629536
3.4624976947046657,-0.3793267500089891
2.019940766821819,-0.5600016187611082
-2.176767314362559,5.851067971669451
0.7967898905817786,0.31501587724402724
2.31944426247907,-0.8810450982893362
1.0351883114712737,-0.806923014081996
1.6808408340620171,0.3357071787617828
-3.0533975923145595,-0.3675566342609241
1.292381321224708,0.3883251383866618
1.627160112854486,-0.18139033302770016
-2.0932679190844032,-0.20264833502763893
2.0046228187028263,-0.7677975136838958
3.012239799472123,-0.5957452703322593
1.5277835723302993,-1.2020122013708685
2.638588723437754,0.1490375038761766
-1.5496530971098306,-0.0978424047940589
2.756662741919937,-0.7225475225066801
2.4590540549259345,-0.8345855897754295
1.7009446432615112,-0.3812835632991179
2.9840366359651638,-0.2997144484986445
0.3674759845940524,0.5437591363898956
2.2317450876752885,0.301149361609547
0.8904539566987139,-0.49361788856575695
-3.120874538773604,-0.321767015685919
-2.2262134023246136,0.08370117609158459
5.891708449119743,0.2356875022069645
3.5744332403746886,-0.6107735757698874
1.7573076680420534,-0.15436427523431215
-2.5842696103826768,-1.0569771901639538
-0.5265895427770275,5.024924904870665
1.9925620200736858,0.12350308853100905
3.0995220088056206,-0.7293922818053875
-1.185816618781497,-0.14488922638665758
-1.976089795670257,0.7357921616799111
-1.1945047525949357,-1.1375132236767307
2.654860953756774,-0.304257709651833
1.336871569926969,-0.8531954828541725
-0.654857281095235,-0.207864304942308
1.5582489985197032,-0.9979033640032362
-1.7683368571331135,-0.33404280010908066
-2.834550247642682,-0.796536200444892
2.228683714618732,0.2621419737677641
2.041700645144083,-0.25883573641689406
-1.262832573440422,-0.24943276653749122
0.6763547661214812,-0.9656168502736306
0.010919395812548999,0.17884753152269936
0.561725738414849,-0.1603435811567521
0.34903719470585487,-0.008763275061330364
2.251516977712367,-0.6108244788718878
-1.8977609845049495,-0.7990034814142656
0.851205524951109,-0.8812109438567167
0.04757664856562835,-0.2681288930160277
2.8570681429056366,-0.7428931300035964
-2.4778590331643127,-0.8866687961023826
-2.7074590429304046,-0.6838424570190326
2.024911502087014,-0.7068430499158599
-0.9157422927654644,-0.15374825016175458
2.743300442017399,-0.08307371599053652
-2.0608988167631055,-0.8370174047639354
-1.7250325489649874,-0.35633440264445065
-2.2614597135106567,-0.9327543439188456
-1.5779393654049847,-0.3842509862556024
-1.3349261730703823,-0.5413123724709458
1.524064325987784,-0.07740622832531972
1.218181697394266,-1.0384176215453547
3.1380770697236113,0.604746756376311
2.1759068722691257,0.2002429211578256
-3.2442038859856956,-1.1947098488970556
4.32970176612389,0.824554702938964
-2.0271132926225586,-0.6822639863773775
-2.1744000990184476,-0.8247392016713282
-3.5685433214365294,0.44492823779977403
2.1657985127765413,-1.027608186925546
2.612336195297139,0.7457195788730245
-1.8885650842112482,-0.9948919485406011
2.5926805623350533,-0.36977408402869044
2.675570892358869,-0.778275833694534
-0.08271145216625651,-0.2554060197917629
1.8530939594818832,-0.3134569327008994
-1.095300522980336,-0.13548914359999376
1.2953778434300172,-0.2606458218012741
0.08709136463475534,-0.5228890217850239
-2.6994689502467493,0.5318316187091078
2.55698893733494,-0.3413522465108481
2.7453254225201387,0.2853036426993803
-1.1100429491753527,0.3335067040889932
-1.0767163997949893,10.630331691082882
-1.412354519211088,0.31281026294120207
-3.0172769913419524,10.726486787744244
1.0310106121251434,-0.690113007247211
1.595681234261166,-0.9613233876866831
0.16704427516562417,-0.3795785309396297
1.9563465035720142,-0.1484470818728272
-3.0834834983730413,5.714826706447995
5.798870295604014,0.5519287219844718
1.2196240649865366,-1.3511360723191184
2.3080186149519033,-0.6307785754458074
1.5340310390426977,0.20372487650622512
-1.6116354448139305,-0.44136321506807563
-3.0551967123420547,-1.1573475526399872
-2.394228927841626,-0.7666677870817676
-2.806663636004899,-0.4745718314418323
-2.9862259889447573,0.05469655224421345
-3.284981786818776,0.07175387241442206
5.017748621608478,0.4387011738582915
-2.1933025926842857,0.34930602923901494
0.8843072958609424,-0.36679088593373904
-2.4400905519978893,-0.05437012939072312
-1.2923458368506187,0.7632125615146145
0.8788646637391802,-1.1152296332976446
0.6313026474362643,-0.8617507495661726
0.9912072853373807,0.0915652054906599
-1.3155660823756439,0.2907442080695106
1.1697004354937646,-0.8172097537771745
-1.9255198387203867,-0.18230002479734062
-3.2320285165560017,-0.782986331216266
3.253964987583837,-0.08562360239519824
-2.110612054261392,-0.29256898912520707
-1.245788598124389,-0.11755921620023488
-1.8556336756583756,-0.2083170059243979
3.70192192403993,10.512211669750762
-3.3797406964531906,-0.8439612506791937
2.54623398377596,5.550617074242676
0.7907983394810433,-1.1779967035015626
-1.930937506744804,-0.13374030250395347
0.9586052748265204,-1.2534084008099442
1.700476800018211,0.20462864763510868
-2.8411863780139037,-0.16697480493486314
2.483898896517092,-0.15762963732308552
3.6487071146318204,-0.11577512583006801
1.931350691887986,-0.02733025237964617
1.9865967150537571,-0.8944365924905529
-1.460202073608546,-0.8247559654213488
2.5026828467412825,-0.3985346637978553
2.150368726283892,-1.0203010715852148
-3.1461551751341097,0.30578466336673293
4.243365212242968,-0.03667999588318528
-2.493980559228284,-0.810879778092109
0.7437096699663396,-1.0750295309961688
2.2648762941562586,-0.6211574661519549
1.031125301425462,5.7277657746510195
-1.8180114509690402,0.46777375370527857
-2.617912963822791,-0.6529543521517255
-1.7334890323828964,-0.15434465561480468
-1.8197622876007893,-0.8807669789055151
3.9128515115299924,-0.8244160104311089
-2.489443218005499,-0.21361688163539125
2.0958995054460545,-0.7094176976976203
4.373842148688578,0.04925729489356772
-2.7926580089455486,-1.1318845428241948
2.7537134690872747,-0.039647971776000386
-1.2671571565589195,-0.04898227845110915
4.620545576231999,0.12320025477100843
0.9481847173718108,-1.062969882681315
2.201866302888032,-0.33382173821468836
-2.8205134485625565,-0.44765331061546615
2.178552299499173,0.41328487960271043
0.894654716150023,-1.0752684492427995
5.151058380559783,-0.2502788553763365
2.9447705759378073,-0.40274951787284696
-1.3946612207462683,0.0375792209283914
-1.3927536524817543,-0.8547483559172389
1.2654195467417226,-0.6577309170535585
-1.6713233899206026,0.46521088047967435
-3.08267152861246,-0.4455733487473866
1.1637607747511007,-0.3031390053454197
1.4315233551994109,-0.8762191426908681
1.9914554627160677,-0.4978928705744846
-1.2382639622742544,0.3204368810434874
-1.330630242970528,0.43557972502024483
2.6622233411092213,-0.8644039603616545
0.5129452490781633,-0.37459230168145075
4.323717731303748,-0.6600021681670936
-1.4171948182696363,-0.809154644740921
-2.4447411190093336,-0.055680949058207314
-2.9044281804372623,-1.803828521616004
-2.106390194474247,0.1155148840496307
-1.9867273654656648,-0.12907021806656208
-1.0714013467907328,0.48651780052550436
0.7158386247484652,-1.0501774215980433
-2.608899038067619,-0.05780702514375508
-0.8780481376375328,-0.34970749303089366
-2.1880873036922965,-1.037953838306807
0.965104109691253,-0.6277602236261891
1.539335327412398,-1.0248581787209248
1.6413241290708211,0.4989686483253098
-1.7169080076899403,-1.031407480885311
0.4130548143415259,1.0511098210276946
1.3271930888043113,-0.35663486549873435
1.6459528132804593,-0.2504517573100234
-1.174758415927856,-0.47452035506332363
-2.241730757022839,-0.7746238926111819
3.948753564352519,-0.2425968287195365
-2.287094436509079,10.868738169465322
3.3782760151858784,-0.7491720580914265
2.3093837760036706,-0.7290105967611337
2.2092453923483055,-0.9844519146167701
-3.6718632887744422,-1.0976206658585725
-2.838696755699572,0.07545591146394477
2.2852937546435834,-1.8629644052355196
1.5273865304649368,0.2687102446685612
-1.6718867920244753,1.2145284172356814
1.9500398992402554,-0.8774895685165557
2.646512579208858,0.17203710740664088
-0.6322347901075811,-0.7558157970277043
3.9507664604559847,-0.41525384869637566
3.7195952252582267,0.27434532438898435
-2.9788142795426737,0.34897883065530894
-2.2356223558894794,-0.1266996593572925
-2.5686485022996073,10.688860575281112
1.6704401673788587,-1.0804803673088674
2.735953437857389,0.1439695851537232
5.119168601307498,-0.0855735174268904
-0.04347262195799803,0.013364553476919637
3.0286665011950737,-0.592810488882039
1.7679704446263387,0.47146338804214216
-2.452282154513305,-0.16271258196156146
2.5045257188736576,-0.8144155317289256
-1.9857207039913924,-0.08046657152643552
-2.4435586564652723,-0.7691115514835727
-3.0411824864833403,-1.274148564817043
-2.3307788858969984,-1.1603033247706644
-1.0367941943666796,-0.23495940627167614
-0.5328642010991983,-0.05324557191505481
-3.4908223649233885,-0.37254556416912166
-2.384954899077661,-0.3429067418076515
2.250028117573992,-0.37771439773693066
1.5292165467449297,-0.2761554071348078
-0.7563847968262003,-0.12480026971893171
-0.833901136385506,0.05970243425824425
0.5402942400741084,-0.4404161627268018
-2.921020077589827,-1.5221782583711638
-2.699823343136708,-1.1670117888140532
1.2861805548050502,-1.1211318083709128
2.5240471026160005,0.17114030920345313
-0.12269712109057955,-0.19705246548784658
2.065169363254563,-0.06337363025039051
1.2221104453056635,0.12409074825325683
-2.5917760029802364,-0.08199852407665484
1.8436815894778984,-0.5515399652029458
-2.391897473032046,-0.36963967584928775
-3.2559477586728907,-0.04856527720407006
4.052058652106597,-0.24020843342850393
2.4432759301602576,-0.5329946668534421
-2.694036193571716,-0.6296952399152559
2.613206979498613,-0.2421643608207192
-2.7100001533153057,-0.11200630022517866
-1.7790096330600362,0.18331534536766766
-0.8940704441232883,1.1346103587662746
-2.6738015959795955,-1.0725957279422516
3.3031657209134098,0.008543827882988114
-2.953332648737969,-0.9536207914889258
1.1184976288951407,-0.7098766750010559
2.5030608998700172,-0.7286442467929948
1.4456513661929575,-0.14009415923154345
1.2864128548129687,-0.484430836668273
2.3102935762370063,-0.3980791410926196
1.1116369386473068,11.056595938909323
-3.813447877979975,5.458855375456935
2.0435714128093925,-1.2019074262541918
-0.7319456352552304,9.593047503709002
-3.3773750962874214,-1.0678845851191032
0.9519550670509983,-0.20205134920238377
-2.9247714944488745,0.17387685719281187
-2.9725512291772898,-1.5318318240369855
-1.3891679737574283,-0.2945984325924736
1.3967870736369516,-0.08711640742027939
-1.9136799829043556,-0.38777390931821776
-2.188945059340871,-0.2622997232413612
-1.643657824460246,-0.42646447240733554
-3.2696647476571057,-0.4753497965729801
-1.6515298124817905,0.09551548060916917
-2.9990461978897436,-1.2596946001318357
2.1216007668053356,-0.7301247337689046
-1.8813430309169021,-0.004347370818472341
2.5926198972703043,-0.8169119276043723
-0.5595540054452961,11.057555003101285
-1.6400401391080828,-1.5070427514851972
3.253058816849144,0.3284786239479005
1.7917575446399494,-0.7432728919561394
1.4596848939434128,-1.3668834577454831
1.8559241014260741,-1.0789041557377697
2.336028497448122,0.6629446699760582
-1.957832517261749,0.41850196661227107
-2.6392166376390063,-0.5380398244385526
-2.3675951769756525,-0.04312358624390673
1.5694708665174257,-0.5057779814307283
-2.249181085788726,-0.512693482618485
-2.223865243015652,-0.4801100003767619
3.0002430362281576,-0.373007446244544
-2.47665753431737,-0.8172021435220175
2.28099900236474,-0.1969899918051312
-2.7546733298681874,0.07221450341134673
-2.735243058412796,-0.4430613787707711
-1.3705108662771297,-0.3078939841833102
1.423650664587632,-0.06044909713430723
-1.6911339934636849,0.0854196882302524
-1.3712406882536627,-0.3689765117086887
3.2704285949860945,0.3543650954099002
1.4777691231728516,-0.976024347019747
1.3068043698158514,-0.3001041091548596
-2.101586656326432,-0.6949173772885181
-1.0255262413532373,-0.18917184011080734
1.2457994662219434,0.0710554165694915
2.3104692427480873,-0.05497712130509659
0.9515529950907663,0.08895815666092162
-2.2796471534983107,-0.5254725015064513
1.0644596257388386,-0.452591828421631
-2.4441668552354807,5.612483368506167
2.9281106776481116,0.5950403565150264
-3.1739138563759832,-0.750139859890795
-3.5093058632881764,-0.7323655417080106
0.2664560580786853,-0.5732514383781336
3.202113970047251,-0.8069570670304559
2.1322299641289058,5.354672460532106
-0.3692543626246055,-0.01168660670613982
-2.4345924060294277,0.5653417629007644
2.3673309925478545,-0.30283299148606396
1.9109088587740546,-0.000887868267773223
-2.654827272712152,-0.8561516499474365
1.4913912459833358,0.15710857901582265
1.3423626015191803,-0.1197792023709823
-0.08301296347904784,0.8428196858429055
3.5197671475179897,0.17009807410311045
-3.833308711156415,-0.957825847437388
2.033613786267416,-0.8160254906901258
-2.047562100930981,0.09251227886921357
-1.418347460892053,-0.21242128942649513
3.7124328889753757,0.004355620882653827
2.3073320121453964,-0.7323275617441211
1.3320538883639181,-0.5269618748185207
0.8470877664525096,-0.3277721291517332
-2.7497114436888173,-0.6506047496236231
0.35941357222252723,-0.48856434979360897
2.256671180087861,-1.2482602768756725
-2.7012002807282984,0.31690494057724594
-1.297309722502222,0.3490378169768867
-1.9139079426587524,-0.5010673720399419
-0.36721905015159495,0.7595336899872912
-2.8215523779216998,-0.16301800412748096
1.4046079087026266,-0.8929404255515402
2.7718797215611626,0.440629975237262
2.5166541219861984,-0.45181783340285137
2.66629931793761,-0.7716898123606577
-1.1330571834696652,-1.3441456716715299
3.7096008490195307,0.613407937423829
2.700751134768764,0.11987514711168706
1.5985504961527046,-0.9506318010708875
-2.400340928687048,-0.40605697015447134
2.4279249419275724,-0.26262142308337644
-2.29754567130735,0.3558504889801793
-2.429275755013452,0.34284216645872206
-2.659385754437263,-0.3877111871794651
0.9601532518230665,-0.712755823007395
-2.1517694122475897,-1.1448423904154774
3.6237810266069372,0.12138042569420376
1.0874626769294056,-0.6708302213047164
2.2013923360782246,-0.14818609990145007
2.4324204310561464,0.4025661454691846
-2.040719614871367,-0.9851927582462254
2.7638220550385233,0.21458561509271523
-3.8367531497832736,-1.3817710632645204
3.564543217611071,0.004783266846270599
2.5427973966374937,-0.008141447893730077
-3.095243756492408,-0.8209807611631108
3.4517782011561735,0.04333077059901762
-3.194630010921165,-1.2378600375151017
-2.6774341449743324,-0.4170557396215708
2.5801102327156693,-0.3750848349682478
0.8233045852355754,-0.2065027038479158
-1.2757877619045614,-0.26949898775008846
3.3698065920409532,-0.485283533414016
1.6155014229446367,-0.23927086554750535
-1.8511324551034583,0.24367707589306795
5.352985963340766,0.34754707720727585
-2.223532132383467,-0.056561704573738276
2.993820358954822,0.12704694776613273
2.8234241777590254,0.06700793744158139
0.8289079636034198,-0.30655488292888644
-0.8929601202338023,0.28510753379940323
1.5892255425937254,-0.4197361134887761
-1.7031548889596144,10.417804304329962
1.1257221912381374,-0.3197278815075045
3.9898303512504723,-0.19178060255327153
-2.7808204215562937,-0.44138742813865456
1.40904409941883,-0.25935688155966363
3.6970784688493046,-0.6505972626222786
1.7799988547945724,-0.8069577060809625
-3.2335085682610964,-1.3553015202892795
2.9017106849678678,-0.9016379423078058
-1.642376117882934,-0.6136750001867597
-2.3462477864029134,-0.7105377515666912
1.048399978212791,0.10389686102687717
-2.0170978153504278,-0.0850423979580591
1.064207348090711,-0.22559072818529696
-2.5556998451358393,-0.18320148005320705
2.7455212922061807,-1.1639416728460081
1.586985810698662,0.17636833662161472
1.8264490958905633,-1.1442176536627928
-2.3815921515205223,0.4692016868921277
-1.2746729322618269,-0.40379869599122326
-4.317894284383133,-0.6198983987060979
0.7389461153035017,-0.7495839365361977
-3.101414345699573,-1.1706521586325498
2.267186355775786,0.10031881380513225
-0.8945393642334355,0.11123472905908197
0.6474696801531422,5.454445701298173
2.6866948135685274,0.18740961811255802
-1.9580151464513889,-0.23543599258699707
2.855806166618067,-0.38726207823095876
1.694171387685668,0.8101751923527466
-3.648366551150207,-1.1107508849096117
-2.4804272646706322,-0.820491821974133
2.33894302567723,-0.6669790764269466
-2.4432633891304363,0.08334093379315695
-2.358191680842558,-0.5697913238284622
-1.917063234765336,-0.2401690499392167
1.8062676920060867,-0.9424113779163787
-2.316488979158024,-0.9255310116465072
1.4937100825688026,0.3044882259688749
-2.068256164039926,0.30457946948171366
3.8487287283582647,0.14119023279635198
4.6399513034947715,-0.9346364565423049
-1.1869673336693665,0.5504647354856866
0.4975724824952531,-1.0338989871132824
2.2158980708556304,0.2815390987071128
4.262426739007713,0.12317469203848863
4.608214593698697,0.14681657082132143
1.2679663312258451,-0.2048857979933544
2.5365872303415955,-0.23916905697246071
-1.2895451177552288,-0.8320010673182607
1.8429170434042514,-1.492964879673203
1.3043071657475,0.09637752634318075
3.138692526652197,-0.5349212271834758
1.5034433251935948,-0.7058182843345636
-2.870998071382901,-0.6259913669802447
-1.086157836507953,0.6160917824917528
1.03795594315405,-0.5273689852992861
0.9917071027596708,-0.3451111241998881
2.3825618297876137,0.14313405068584117
3.32758739355918,0.39564820538259415
-2.2154399064749315,0.7324862410329444
-2.89239780654206,-1.3874920691158779
-3.287676722639206,-1.001441575106121
0.8471280830337344,-0.021831711268255567
0.3825585344161768,-0.5544962162433629
1.4373187863120713,-0.7807932283165753
-0.24026928756483618,-0.6161321141453691
-1.69781673202284,-0.891330654113348
-3.0242578007562138,-0.7287650642879806
-2.056518680147048,-0.3246505413941487
3.9982273656783436,-0.39859362548869715
-2.6772243610345243,-0.44272010066041945
2.284461173886255,1.5241177753129498
0.5205795625320628,-1.0304116626081419
-1.7556235346077125,-0.2983074881835361
-3.006434536864007,0.05645230903059652
-2.1192489330720896,-0.13618701425877358
-2.704517832722051,5.839364053951536
-0.12127967403810623,-0.08644267190453744
0.6699287590717399,-0.7789757989527264
-1.7885187611942124,-0.9216598218467749
-1.0810709804379128,-0.4511740121839571
1.8246911496877147,-0.34425864670403705
2.330789682664216,0.19066472354607833
1.2994421156787779,-1.5102108748044196
2.7355146212575963,-0.22222042426648544
2.4887388502549257,5.499779597927794
-0.7947110632167855,-0.5420184792122772
3.6846008940958974,0.9491439513906651
-0.3524861972838527,-0.6968428079911654
-1.9542192878358693,-0.3886279344586201
-2.5187382888299163,-0.8267976505527149
0.26520556040288673,-1.1222974835460409
0.3279483188845099,-0.36073636664721487
-0.6127204899151057,0.7485748758743497
1.2587447663462432,-0.14910240219482992
-2.393829141953089,-0.24847250800133683
2.972714621360254,0.3565990789415618
-1.5723582073731353,5.00844508911729
3.413350375349421,0.12980814181758676
-2.216562885645672,0.18916428667801496
2.478953374263243,-0.6222396671309878
1.3503944361506095,-0.5978958724337513
2.4504984369891094,-0.546862632458226
-2.6271272654752957,-0.12219402772200519
0.8593258069030472,-0.7696008571744215
4.016635484513751,-0.3309930380165253
1.4590706845367998,-0.8411535706088484
1.142559515108109,-0.8620671065963884
-3.2567811893687644,0.39495514829427253
1.3030722840529736,-0.7640110436606097
1.9738957189919075,-1.189662719019303
0.4555245454022173,-1.033928895330995
-2.4583943705380276,-0.5314228858698352
2.975259962613882,0.32281077634410815
0.08936814130307805,-0.022105786404446777
1.7946635371416981,-0.41798610402112163
-2.2080169759587065,-0.3351763361455736
1.0421867146669554,0.4618445255281502
2.381113059446081,1.029896409162743
-2.4473880974323943,-1.1014365724437323
-1.5278012458629153,-0.16414757009170086
-1.1360043338166774,-0.10363980788401088
3.7200830150046906,-0.2691668303358461
2.371583982079661,-0.6262931552865095
-1.1962308479594295,-0.31314056275133234
0.8759476290601422,-0.42431684395044095
-2.240678491105861,0.06254579641879701
-2.9771039539586184,-0.12536797423033866
2.801100337202749,-0.056593291582434195
-1.6861821291857042,-1.3108814189906584
1.6678282553993449,-0.39286226413407893
0.6983878209759206,0.17256015765540128
-1.5095232083837997,0.04927795072438225
-2.0093222672195483,-1.3052644778074005
2.279854024664408,-0.4443643589298785
-3.111692791743475,-0.45549285790918315
-1.267089343855776,-0.4598982829056825
-0.031023307580087894,4.864942234771847
-2.260338450137953,0.4709360424097328
2.2138207358567046,-0.6189164716241747
-1.7841572318725003,-0.7005434404612074
-2.279829995289735,-0.36923158840593595
3.2046978902452556,0.7924573674421506
2.9879249730826354,-0.575423365837666
0.6822937615450473,-0.951367473563856
-2.576663828034239,-0.6318678702497759
3.0353248646308146,-0.3947804321929258
2.0087721269258867,-0.7122844204474994
3.4007907207750865,-1.2490451220347216
-1.848633609745829,-0.6444468120889701
2.7565895289386626,-0.8373418321882637
1.5136631689001785,-0.382778866183271
1.8289539137469253,5.435711189305332
-2.106971342285178,-0.7106606423184022
-3.0819346554530926,-1.1480433690012848
-0.1489044108911886,0.3492809986232162
-1.5577822654534776,-0.04551664845025761
-2.124315390463054,-0.4950658098213634
-2.6359129674586113,-1.3442705866839733
-1.3437293823482632,-1.037930389735932
2.1711616508180422,-0.8240407491733469
-2.1801669153336674,-0.8016416565412303
4.427922175520224,5.35530708654916
1.0698997986791128,0.1887392467614803
-3.227394864486966,-0.20913566723975904
2.7834089507814195,-0.7356162636903566
6.318384316419323,0.011713008875379719
-1.2002461423381992,-0.3845283064964886
-2.970288537347712,-1.0377942294816287
3.2334412195376734,-0.27679079081183755
1.952175032004186,-0.416221902275228
2.5076179064436475,-0.5024025217768257
2.013083208051596,-0.5638869746773555
4.467153373648021,-0.524574774870504
-2.8076778069394046,-0.8955724006172685
-2.3742902749477013,-0.7080890246744049
-4.48872237880499,0.26883408504641904
-2.526479150969705,-1.1743886457005206
0.9810519444573783,-0.9974766985318613
-2.3277649031642182,0.15246830831277178
-1.5992919016596014,-0.4016300969923954
0.6635122121443957,-0.36642535140615934
2.021046883450885,-0.7680295958061916
-1.7025380306010953,0.3322950912099308
-3.1547921065545474,4.991553785820503
2.56845493570392,-0.3134512393378705
-3.0792574156705914,-0.871682400355291
1.21068329141195,-0.3047481743982552
2.7589906653348444,0.39625223122519165
-1.6389621846926958,-0.15123346611904034
-3.0201174985824095,0.30727729551384986
-2.761668622290882,-0.26401745383621306
-1.4863000660364347,0.3708717092253893
1.4932318948692844,-0.9601456564556629
-2.238248413131473,-0.7326021180349348
2.637429561918614,-0.7607920863775975
1.9817337057197384,-0.4687067768666321
-3.1012241656067148,-1.0140187535779035
-1.8607327632506054,-0.40972888346234226
2.5158021895855254,-0.5893008799260689
-2.8175661752107035,-1.0995302593010843
-0.21236381535468832,-0.8658254568960531
2.1600903571915944,0.11749231066474267
3.6704702627996606,0.6374135185090406
-2.3340644662175523,-1.078874083186375
0.8641224167073818,2.248208265529914
0.5235921751258117,-0.33890638392042255
4.2736678906779195,0.3459408274082348
-1.1048073999531203,0.01031367000070301
-2.7026241128826496,0.16604038971410137
-3.4531163778796845,-1.3169716538621072
-2.315595355331877,-0.9209828580355596
3.6982461748826356,0.8682768228485039
-3.319849325782346,-0.1844552081641327
-1.9810285712264024,0.12115768187800886
-3.27517494919214,-1.0459708429345802
-1.9805024218320688,0.36581729560073334
-1.982855237551257,0.032602850865653364
2.2163038149499976,-0.26364263861163345
-2.285907270549454,-0.7910444706556549
3.094057366569314,0.02963414624306412
2.9861918065245474,-0.7176614023444388
-3.1518153149188164,-0.4450287183148032
-2.558072069532214,-0.9862265348953236
2.6879476678093597,-0.47942055112549276
0.4231800589894509,-0.13503701493698667
1.6325812736602638,-0.714693055151204
3.140763993567051,-0.6861508108967277
-3.42635113161041,-1.0383423332890795
-3.590402301462005,-0.48542324427862793
1.8702441404227894,-0.7005559020585792
-3.4313658750686984,-0.8546379626448665
1.559950409711905,-0.3755054442682749
-3.048417003217776,0.2575968927921555
2.5225692869512493,-0.7777642733605622
2.1189838900175326,11.450981816479883
1.7704760761544551,-0.505114631245908
2.825585825913261,0.02025048851132542
-3.358110571413178,5.213228765750933
3.5083877695109376,-0.5365739766759167
-1.6762399833875836,-0.09873192887043045
1.0635960589650382,-0.11928292692189724
-1.9194683759459172,-0.9462136212718668
-1.1823143849628583,-0.32398181962644224
1.1262977104800918,-2.8591726407132008
-2.775690730861181,-0.3138321274870648
-3.522515658208421,-0.051582573858447285
1.308566710176497,-0.025588216809720017
1.5519659209511223,-0.667533745024929
2.33267884019382,-0.8398730503434925
1.5921343002935817,0.06608493346090365
-0.5715535814265997,0.2729383985227578
3.4489940386641083,-0.3164087013911099
0.29887877888872105,11.00750229357784
1.4636601995628213,-0.17154639638604038
-2.7322227921527102,-0.0705448180415417
1.2290058603195575,0.621563116415668
1.2971404140355753,-0.7848015748813983
-1.4814583592233777,-1.1751181209324708
1.6630254981833614,0.2777855646134948
2.668437512655097,-0.36910195861822104
1.9591722661774646,0.22304189462051763
-2.537894947278492,-0.0484504459775817
-1.5955076659572172,-0.285558842522961
0.5203699748353482,-0.9748687593886505
0.13140510898264537,-0.9879859463381673
-2.029916443738796,0.7668278764519482
1.5074010120439234,-0.5911974939148023
-2.872803825370854,-0.42939696540228905
0.6120937628296198,-0.3129647063951619
-3.369594524381258,-0.99480006042146
-3.014095761289498,-0.7450792307455483
2.565039089820697,-0.5376166849628903
1.3269574002991054,-0.45422212392529476
3.8726326407504312,0.06381049131861849
-2.68765075601513,-0.13165819853140187
-2.3322288337281694,0.31195490838355355
-1.3465278217674679,0.04820876190850744
-1.831265719969003,-0.024842308181502078
-0.4462457833648595,-1.485250463905247
2.4695257880120387,0.38957327648376155
2.408977032813986,0.03458793815822922
-3.313221964504111,-0.768033553829208
1.309738499670576,-0.6438376564584701
2.6453013936945844,-0.43190456581444797
-3.53576591548968,-1.415098891963474
-1.828814619341133,1.1620109732391166
1.178886840667992,-0.7329472340597707
2.8183116810004796,-0.5537110257575251
2.7709809853444614,-0.5666960057185418
1.2707054857989182,-0.5685210941215448
1.6083337798978017,-0.3238758894549374
2.860555699612134,-0.5333202213606474
0.8531135591363321,-0.1847308532840438
1.7655524704101604,5.4727948732936875
1.2390100449699741,-0.8959194792505198
-3.1624528168193082,10.890659359451085
0.939725430700589,-0.10015278140816097
1.7714684510489513,-0.21781517803742764
-2.5086082143171784,-0.8612819156506605
-2.4637745416786143,-0.8467888941499334
-2.9963886200664676,-0.4504539145841189
2.736433739828672,-0.6917700776117055
0.012711180971459651,-0.3426424802567572
-1.055037199002309,0.8302317821656907
-2.3489993669093048,-1.253680449581164
-1.8414303036187951,-0.517199575733197
-2.5362427902729276,-0.4405905615279306
-1.5743704815765138,5.321988631276907
1.2879235950550487,-0.4714811289222706
2.7110268992374054,-1.1171044360000917
3.564721323708602,-0.9141698215117513
-0.30532650696864594,0.4254419108990189
0.34766539743781866,-0.45848292041412675
-3.58774468637368,0.3896496174933786
3.8136962595573767,-0.5833234938749248
-2.38159802051228,0.27415919402258804
-2.274425135149797,-0.40057683881135364
-2.058736656803966,-1.0208850645152663
0.18176384679259797,-0.053850558071671724
-1.1395019580339596,-0.6566830146675514
-2.311401869117602,10.602113369869741
-2.035342798507996,-0.7132960241540458
-1.0625225198953843,0.2232535371177776
-1.92609520934309,-0.51317530344881
-2.5045555031432287,-1.2293583406458657
-3.060445846142875,-0.3811934880321499
1.341895474044065,-0.5186219412435196
1.365838826369792,0.07790024466719188
1.7146362077984931,-0.5739101079635532
-3.408884778538216,-0.5879652572455802
0.5838143010724729,0.5789722150158737
1.6022235416625985,0.32612139196529755
4.139494307547272,0.5943732880133126
-1.7115290450007405,-0.06961894886688161
-1.588812699673905,0.011042496513615626
-2.735214673439991,5.465302618775633
3.342637366970298,0.48710304569556406
-1.7204226330052383,0.4636660912121104
0.05058735855616395,-0.4448299140710607
-3.241086820788981,-0.5968481195029386
2.387495335148255,-0.19468448896389526
0.5320349831821437,-0.1576330594225972
-2.4109736601929015,-0.605603522496887
1.838475724393391,-1.0903322086114637
2.3934693587889506,0.02579603735897416
3.2848563926254384,-0.8481491873216179
3.0167019642230373,-0.32969067082156905
-2.9302200431386543,-0.7236273931208115
2.1522491136617607,-1.1734325179737657
1.1086452655897499,-0.1566476582276735
-2.2638323364005895,0.17985851195217348
2.247861966818287,-0.42960110866354745
-3.0673059104459104,-1.0126791497682208
-3.218249371933911,-0.988242752021641
3.236328648975445,0.09442850733843584
2.369530911773855,0.31114568632119954
0.2705977954706512,0.00479509558028914
-1.4313967650316728,-0.6455221463299227
1.3719809995554442,4.745737102236324
0.695100297615414,-0.6000765673905412
1.6932552629197415,-0.8682699415034301
-2.179018385217678,-0.7671261847983116
-3.137055590349566,-1.2013263708233997
3.64971333736695,-0.04891329743609036
2.050238292728008,-0.6619001052762986
-1.2988682080746823,-1.0157820133409503
0.39916065481243723,-0.20452846961079355
-1.9964533765247303,0.8717950624282392
0.19209667570485603,0.7421736412734664
-2.5447867404646676,-1.0708517248795986
-1.0169504717203348,0.41405786392828
1.591057763210622,-0.20467816743674863
2.2321246108150494,0.016515133394794084
-3.399130194728513,-1.0547444997424325
-2.0207059007325077,0.36430317061019285
0.4921534961095708,-0.561594974549646
-1.7259602970083083,0.22342192390032087
-3.3930783347475755,-0.37483747646836896
1.324938511635943,-0.41871984375289695
-1.5680884335506362,0.8828079071243013
3.246484513400419,-0.3118270394394088
2.7723466427443606,-0.803815459975086
1.9378832908228125,-1.0938330821156368
2.468135424690683,-0.49011420984094733
-2.4555294514002446,-0.6556932680513343
0.9768735535189436,-0.7187452318453351
-3.2018640350332497,-0.10782489089153519
2.286757818328839,0.16809027988142994
1.4488333135741656,-0.8263665804348472
1.2312140476621132,0.6706110472924612
0.6073672443480975,5.509811464217266
0.9238262204965134,-1.0241971880259721
3.5723987943289,-0.4358169281230224
-0.04878529535839751,0.21121673086823897
-2.002057136117545,0.2535696641997691
1.3957107875336863,-0.4861339819983107
-2.7260507044803917,-1.0313896839177903
-0.38284502520836594,-0.35840108873282966
0.8684420332655225,-0.05459632807089416
-2.606782350322377,0.5524025719919163
-2.9996970535393497,-1.2175233478676992
0.21359958428640594,-0.8330954185479639
-2.4669161510701003,0.15451284336228985
-1.2821981943000607,-0.2854623579944166
-2.411936347522602,-0.24517289257703714
-1.8521512655254453,-1.269445623496969
-2.073709391530522,0.39467404598835193
-2.395855189426737,-0.9338068719047152
-2.7387005900436687,-0.18872597734832985
1.1170295976618752,0.31321448742603697
-2.997418059469072,-1.2269999280294528
3.331188747902058,0.3280422527759917
2.197375158509803,0.09022561750152172
2.72422049965066,-0.25286768994621095
-2.755194544796577,-1.1184273308381845
0.3295055028627747,-0.8863225826929388
-0.09018526903055694,-0.4331528423440142
-3.599557529994403,-0.4409425024805686
1.833917092788137,-0.26655397784316787
-2.550885738549448,-0.2895445937731746
1.64651211064943,-0.7524656248095847
1.1276522984168011,-1.4399584275424102
-2.5654101712883612,-1.06751413729144
-2.760799044658938,-0.8674968905911867
3.2235879383585244,-0.6730945066426411
3.535426918067541,-0.23230388943979832
-2.8145505718228794,-0.24113430257014787
-2.6842269997487223,-0.6969522231604212
2.927182099891359,-0.33182096183820525
-2.9588762357226637,-1.4598646832684459
-1.314240212132541,0.128981660622895
3.877836506962991,-0.41475031481205177
2.8888220944117085,-0.09744471153899524
-3.0614842302502185,-0.7228165971180451
-1.762394565309903,-0.2825435379837726
-2.5692584827084994,-1.1690406919440783
0.2592474347759968,-1.0368717305297441
2.0406028942263377,0.23315105973592576
-2.4076149748803712,-0.6510372006306782
0.25729780025425963,-0.23158889990399076
2.3969781777910324,0.8219155606409837
1.3299179389582807,-1.2551841221262263
2.2577522464921898,-0.03854223430107166
-0.6810007022243948,6.584297472169999
-3.1886618853675976,4.89145931449322
-3.0619997890004083,0.2728248825797249
1.407019297181008,-1.1002550880636623
0.8719296325541167,-1.4654996190419138
1.9090353586933781,-0.7641056239885824
-1.1479114075588766,-0.27375500673680514
-1.797523044263044,-0.9543924585089237
2.826250270297257,0.049605638435646277
-1.5847689138671506,-0.1640529082214097
-2.479168219737736,-0.6481390459543688
0.3347629427662191,0.424932927306177
-2.496002170504405,-0.3892123037201621
-3.63809432350288,-0.9283693344799058
6.824886596848097,0.45384545290994577
0.13998891905042024,-0.6910291199248879
2.9159449906579114,-0.343662858690791
-1.394912822267724,-0.5838993217202271
0.28359737946762237,5.494275376106455
-1.6863141163110618,-0.07375548951665925
2.182063412752563,4.8716122958287364
3.841280711826382,0.011387256133883064
2.431267037803542,-0.4439596468754164
-1.8222656884370958,0.20246949953296142
2.5325216183641945,0.11549140571312473
-2.6568080002660124,-0.5111513770729439
1.092669683503123,1.7796939271812022
2.811758613291051,0.06641689575478854
-2.7404032107339558,-0.6013317148008804
-1.8519477857004554,0.02126066082253871
-2.7335442947251916,0.1853960589945892
3.4823250201289038,1.0699598349831447
-1.4191928781320986,0.29279160252480374
-0.9554504027551165,-0.764863724122093
2.7529012309211516,0.2830179821568084
3.4490896666212176,-0.9813294038749436
-1.5982424403389044,-0.6308450438318921
4.46571560233613,-0.298581343512569
-1.4783355278820591,0.28566852525351993
0.33545323625871126,-0.71021357960263
2.751612677829857,-0.3984794458608412
0.9112432088522718,-0.7733845215787071
1.1073057128858008,-0.12554229828784516
-2.3083255305024974,8.568351791102005
3.3336803474456946,-0.4120405407080381
-2.552302987214151,-0.20864062994750548
-2.712699487611925,0.30765225320446976
3.138473755483443,-0.35758376638640166
1.4279331183157917,-0.8939534651661623
0.9152602767126502,0.08607023071984374
4.935556232698027,0.04480407061631384
0.09533338842410691,0.1643706904196107
1.7573544267149006,-1.0432250672519188
1.061639016777816,-0.14258540014645488
2.1097151708537556,-0.4450368276198489
0.8000379092972033,-0.016698148556611066
2.8903635210848364,-0.7035284034359086
2.349231282483383,-1.1135150708065018
-0.0593880516731298,-0.8311737870180519
-1.9983386725070957,-0.6898099034256688
2.0972870046442242,-0.32658100982221155
-2.5293660097371156,-0.06876687345233354
2.1702598465428364,-0.8931489847318069
-2.4576744603544305,-0.7557377531442397
-1.988452561080334,0.40374731798079605
-1.0903117053585314,-0.34761332423275504
-1.8928063690691834,0.2497732619048488
1.5107837469741325,-0.4389136691666323
0.43490394576544666,-0.9326640359479315
-1.4584353862069954,-0.02910040026133865
-1.9813786034007923,0.3898303829614574
3.4250199025686645,0.7201606797817892
-3.0045837403582354,-0.901346209812544
-0.5718922242190911,1.034585724475817
15.095911860547615,5.161292902376501
-1.6803249298276368,0.030436427254704544
-0.8272486840210288,10.39680814799142
2.143243159166789,0.1275598047555005
-1.0312115179629313,1.2343003200622351
-1.7364516064729363,-0.5406801326041346
2.1490590234545768,-0.07264520884438187
-2.272193366420244,-0.8646760690967966
-1.985062992864607,0.4063515137911447
-1.8665183985271963,0.2956283100178183
0.1634857845399427,10.848376277374435
-1.1791935759078425,0.21771448251610567
2.7746681586543214,0.3439391578901062
-2.692959232009638,-1.1465481048567912
1.7874293913386898,-0.9274739026966619
4.691591762278877,-0.5804263776658433
-1.3054465392004115,0.13130587645322267
-2.0623924381170493,-0.36639418000712565
2.035184403708729,10.762612666845797
-2.6324518724121835,-0.8130594965309424
-0.635385872256449,0.2556905704459388
0.25551724926572505,-0.991381867983534
-2.3963902269847788,-0.7013907507449225
1.9022875217547455,-0.5014707669823018
0.6495657134872171,0.33991903473583945
3.679073998388783,-0.37734138168141035
-0.8921992699147486,0.5640441268121972
-2.2653296623098425,-0.2713396584877809
2.704078791168528,0.06785121085912343
-3.1901470950109507,-0.9397627242040896
-1.587740218571551,0.09970573314456707
-2.217192179682443,-1.0105351038940755
-3.271889252464449,-0.5955668071350754
-3.183354252341651,-0.8783213560214082
2.980943306148397,-0.5868616835970224
2.7293521558152847,-0.8260187753970297
0.5868130763496257,0.5155967302338385
0.1210234088761343,0.14893077704400481
1.6829333810660203,-1.0397371561158262
-2.0725368283372134,-0.4383919223682993
3.580433538768177,0.16880181093701008
-1.907031800346766,0.1765308570425211
1.6133677834585654,-0.9164321923439683
1.1778974127318598,-0.774608991343506
-2.142962240811257,0.8981180062692783
4.029540601773394,0.6076903413016722
0.9214873697109508,-0.09451758044725335
0.0692137951870874,-0.14130256552125256
1.1675568759403874,-0.5047028478067296
3.530441522892658,-1.2750235470887488
-2.0369245061766335,-0.36690027757492055
-1.2491294420315888,-1.5137230580435181
-2.0040534174714026,0.3420446352156555
1.3842217157005452,-0.8342548803090182
3.2917091019321982,0.026627387778194313
3.14739321558293,-0.5445152696964453
1.2329776814082347,-0.959464618804838
2.296262430229687,0.31159947683867495
-3.1412387008377176,0.4240477579464001
0.9406358086196678,-0.5367271501154627
1.730324398109123,-0.4431334922938797
-3.327248179557923,4.47433027856982
-2.293754585193777,-0.6383985214730058
0.8165222061554518,-0.7656016682513301
0.015727227447495967,-1.2562416336233515
-2.841161447401921,0.018858890249491802
-3.1822296940951813,-1.1651742131353098
-2.3090719638572232,-0.5331004005913564
0.2721517940432556,-0.06907081858203461
2.51415149027122,-1.2325871571206006
0.32652645722623674,-0.1370740631371363
3.4643330787891338,0.2681343666095373
-2.5585376342225867,-0.5168381029977749
-2.762949847058886,-0.6032932706669106
2.187361140026477,0.11214059486455868
-2.018228491735788,-1.2354476613381171
1.3010419605080272,-0.35728564702582555
-1.5897443162866258,-0.05208840251757991
1.096419732187902,-1.1781953701592942
1.4501676244843995,-0.11819124403056425
3.2279444537399735,-0.5365754761351147
-1.8407834553696543,-1.0277298566229942
-2.304334551193728,-1.2656711950525756
0.48719914120670915,0.21888404804888537
1.3766393973677702,-0.8154226267710128
2.5101116150309437,0.08852617301594369
-1.513536193623348,0.02030316149216718
-1.5657285917855612,-1.0264979005992898
-2.53865917981295,-0.7355382486797548
1.5331594441570489,11.052388073990288
1.6884872114675205,-0.18074779382358627
-1.9774928306800585,-1.1130206485474015
2.1701651680965566,5.513389944358273
-0.5784680146966441,-0.4820513197070463
-1.332418575836396,-1.2126731466280427
-0.21190311061030784,-1.0868431447305165
-2.191401971756866,0.16415945259421702
-2.6973661472838173,-1.0675882245681956
2.41818360687952,-1.1086414477026385
-1.6185381758765467,-0.080663472895698
0.8639859363468152,-0.5249535722794987
0.5652524973239313,-0.8350205311379129
3.6232621781953473,-0.01897951621023455
0.6847885584605097,1.0036655054830057
-1.3792635945021956,-0.18481650030344313
-2.7666599404474406,0.2183065081159334
3.513521054713953,0.14387495956141072
-2.589653828906993,-0.5567638862499313
1.4331473494685378,5.1090302310232465
4.2931555583802234,-0.49726923817880914
2.256017423251244,-0.6566352237095943
3.925385961957402,-0.6989097009655847
3.069570557784255,-1.001594496979915
-2.374155328141757,-0.9465866021068887
-1.9947682316070723,-0.6162666308383283
-1.398573019659423,0.5906654281212002
2.5446801877197642,-0.9505019403445741
-2.8295880089454135,-0.6029916251476009
2.0353736415178805,0.8881643852665059
-2.2361012326389273,-0.4541745603210764
3.353302666653116,-0.7592759730097676
3.211712137014284,-0.2918727528771068
2.084646476408478,-1.1901140127153693
-1.4576501540518771,0.18961310842698062
3.3398352944829894,-0.5730456930294341
0.4592325313849106,-0.1407946000755112
3.3966263600044497,0.8835707212791436
-1.7984417946516689,0.2450398630638184
-1.6856806912338262,-0.20207918930118615
1.2733336382518174,-0.3650934716179827
-2.1969989298098396,-0.5892539107504906
1.9742275898934922,0.8296563974075872
4.303656568001372,-0.6232984837959615
-2.4922490353718767,-0.7340136958323153
-1.3504428231497463,0.10727354967402111
-0.30207522790077795,-0.4735226181923815
1.3979963777851938,-0.8137456166862149
-1.4526487029750863,0.013460547786676179
2.9286182468840987,0.1303616463202948
-0.15047283679691198,11.112453364395671
2.0480022786073224,-0.6545716306352756
1.3347553638585496,0.053684473713036
-2.414677595617057,-1.0081436951204716
-2.3428828349814745,-0.5240226745651945
0.7347648847690916,-0.6825955650355293
-1.631561637028729,-0.02838997574483438
2.764525704852432,-0.5534219095995649
1.433659603295192,5.468973294769801
1.0283009028801247,11.04220497711826
-0.7980458513133235,-0.2903601811328384
-1.1424285496078548,-1.3240692966324035
-2.721309996144428,-0.4734277052632282
-2.948834011299267,-1.1866134438206584
-1.9240401837622378,-0.03312858763556659
1.8287555588331077,-0.31191248939924965
-1.3650495251961219,0.1815643435302203
2.744968059697052,1.0600660433533677
1.0550399911942658,-0.41846839347371306
-0.895900848448709,-0.5670330991828628
-2.1395589473696743,0.6169110087284895
-2.7839013996058304,0.13084084614863123
-3.2968412772318008,-0.3717148513027268
2.9304807461943763,-0.73512311435397
-3.5783214448304026,-0.5476181798438869
-3.136092087695434,-0.8015834605789522
1.542923347781966,-0.20533998762294461
0.8721366092937763,0.4622889045251792
-1.6579873801142884,0.6311846659082943
-2.932459243489393,-1.2523688308753549
1.393181815106433,-0.9526136213236215
-1.437550564413022,-0.17247829037790313
-2.2003842794812076,-0.25856299762031665
-2.3297147049575178,-0.3799739028801481
1.75134554807971,-0.1378250619730463
-2.87011075975621,-0.8659231329011722
4.315428426703308,-0.23968299858017647
-0.849518399711297,0.0023016274358373017
1.0599831726286923,-0.24614846458274334
-2.7735330420075033,-0.2059743705920743
-1.3980584176636288,-0.7628905324671902
0.8719743248459448,-1.138825487864768
1.1681868645761913,-0.7525719390509666
-1.6871211028256188,-0.2903537479328375
2.227728788429943,-0.3042670879778329
-0.7214644130410041,-0.13076527979705588
2.479212016918894,-0.8449588875675271
-3.813862719598593,-0.8371779067555863
0.4987640003701321,10.722555140148742
-2.467162395694918,-0.2303776480183656
2.29711828295623,-0.25427086380571123
-1.7904466407790811,-0.43829716297804516
1.2690613633177905,-0.483151649867512
1.5104218160207252,5.482462311067549
1.018314590530485,-0.6228578671658326
-3.8072415319100688,-0.6503722918338345
-1.275191796206401,-0.7039205569949413
-2.0949240177571142,-0.34771554672636107
0.38039158097182446,-0.966100435885352
-3.3832360246448867,-1.1027256199561521
-3.2386135880395126,0.32081394675560543
2.183860210960602,-0.3287306077669398
2.232955447524138,-0.3839712281846372
-2.309467696670796,-0.48944391546693333
-1.7268861327829061,0.16064120312080407
2.564456727211284,-1.0619259769663605
-3.594543167170505,-1.23987324277316
2.5038670960030034,-0.13848307677009672
1.7727940577095331,12.001317726528617
-2.447118544070596,0.3691169803374839
-1.3084903424548124,0.802489529636138
1.5948316262308213,-0.7139438735141148
1.9579007273836386,-0.7246499346737438
-2.7215496889178694,-0.5989977801773481
-2.5616525932535557,-0.3243448447142873
-2.705366518939439,-0.39916173983362957
-2.0673384808453985,-0.46770828789291075
1.69772976522856,-0.1535377572746919
-3.073242290313832,-0.9228030752938023
2.1758696055557483,1.1788055058337477
-2.377888595572963,-1.3767928571925083
1.2068431492640945,0.6440988904236233
1.2459260844263311,-0.5589683102516589
-1.5684875330977526,0.29092030072017516
-0.08881143565797305,-0.9291920197852802
1.7861794949967968,-1.028330104163896
-1.307974594619292,0.20201267765560213
-2.6195289143605756,-0.9482388103866223
2.6300954533617196,-0.3377401316442369
0.20528666348061278,-0.980117974003986
-2.5098074845247007,-0.30689365369399446
-3.2826691791157776,-0.7644104102739393
2.0938967693095987,0.24393129952037945
-1.5520367801858066,-0.1948280608199218
-2.548836193051687,0.192944520233367
0.23151904131741455,-0.1389111497782893
2.0069786504422837,-0.5958511107115363
-3.3541524755881267,-0.5577087659112434
2.002267512523143,-0.5639777251104648
-2.1766325758216225,-0.31210728197425786
-2.077633007590218,-0.4050124460497565
-2.867665638738882,0.4822529832958668
0.03671337127623692,-0.8816495049317776
1.3955297460096812,-0.47289772991833084
1.9716730564004326,-0.6730425468537022
-0.37255106895043727,-1.271568527454664
-2.0655068578081597,0.7809526235966365
-2.376839587806741,-0.692340252736581
2.7906007974740272,-0.4641223780225538
-3.6176158016605,0.25874646251260125
0.9536803645973931,-0.797792175505561
-1.609715213309898,0.22729850219350742
-0.2831766197814642,11.226119662752504
-2.40529201279448,-0.3432945647045582
3.161092361262316,-0.19029102451849098
-1.9564705743423332,-0.1915976079011955
-2.16078649150232,-0.5123288779809811
-2.16184546019301,-0.7673867055606934
-3.1240644969852327,-1.0452903984226967
-0.3788745190552476,0.0009798229030911424
2.1525469771430683,-0.41653841578152423
-2.4521528400220878,-0.5079770567469019
1.067628163810839,-0.851900918225634
2.716690545069333,-0.34942241681248987
0.9962787445936102,0.0758258676276581
1.5357273690783206,0.21303534472237984
2.3342254192756458,-0.09082078755971798
-2.2740425508579283,-1.231405590038305
0.9844484401567405,-0.5783580793402696
-3.002891974150039,0.13302167453226416
-3.2659367200239577,-0.7077524690213749
2.7202196993468997,-0.5172213492496792
1.405435540488172,-0.17653458297731364
-1.4531884874428913,0.20506434399732618
-3.03755261771405,-1.4305771741102757
2.376172978572552,-0.6025212107217136
0.5322163372190631,-0.06164433718061745
0.7663466211864092,10.966375197505046
-2.6743042731284516,-0.1774497954810214
2.7807806201269023,-0.17483464117808864
0.60096124851456,-0.7117584267420417
2.1523771013078794,-0.9278080640780486
-3.2103636672677593,-1.0763401910723873
-2.6197018038262643,-0.6914886741285127
0.7116972948219079,-0.2531096479199699
2.41740124355031,-0.6574000130890604
2.031208087804189,-0.2442528946329561
-2.8384664761046654,-1.1842506909557617
-0.0610560418539898,10.872652333975092
2.1971644879513255,-0.5147805733871983
-3.550586399338597,-0.8598546802255878
2.571937719406986,0.13668793050884515
-2.182415106825349,-0.9166392632400668
-2.437577876479202,-0.09062984686239658
1.9193663933133613,-1.093300677655753
0.3777045937923881,0.9771149901126271
-1.7725992375109432,-0.09104570591686431
-1.3716391764592375,-0.6907219729685948
-2.1706506225698936,-0.4015912927592711
-1.4914986052545196,-1.2066613177435337
-2.672253009401031,-0.9162811751330308
1.7072483635340994,1.0587297504538482
2.820775177935843,-0.5113048019000487
-2.1820151670114747,5.667468235604974
2.611166010105171,0.5659526433090472
-1.8789115057446988,0.7039275148486496
-2.3548850188501196,-0.6805752442029617
-3.0716321437359255,-0.2656178020751232
-3.1917763159531667,-0.2340103933235169
1.8123798763798016,-0.7805187116135948
-0.4986998894577679,-0.11725633187657664
3.1203556886458514,0.18865250846271564
-3.409370681392508,-0.8697470763628549
-3.351079168730585,-0.7591247025983133
3.734059255154302,-0.5772491228125044
2.6096398186273033,0.38844110055671693
0.988197768404436,0.03422213266133918
0.8134814303316251,-1.0414654562610544
0.6946640860111098,0.41212705013827083
2.937474066777232,-0.675891135310049
-1.7085055667050222,-0.05033547527796168
-3.2906158724136203,-0.11474941483077405
-2.732266925670901,-0.5563695772384251
1.1742832296825436,-1.301822091881313
-1.992677179597055,-1.0320548290852216
3.252741390830995,0.32733526218405645
5.781102694876942,0.15778474874892312
0.7893051994235826,-1.1466081072917362
2.4112475134523637,-0.4264250635675917
-2.7131190509512293,-0.39333744947278754
3.7462576440314783,-0.7025703461413221
3.8629831614423127,-0.2675898096758045
1.0160423791734832,-0.8383002076710443
2.914552886464368,-1.010193315490114
1.4809147187795397,-0.3771446007908313
2.269809415668269,-1.1997904836211606
2.5223921820177115,0.4924865886148479
-2.21538565510029,-0.5835106615159408
3.6502717776009312,-0.5571853829684091
-1.559690543144148,-0.18737727459298423
-0.7761350536193306,-0.8560220481457312
-0.4288038328780102,0.24967861993588977
1.9390002602060128,-0.8113352740369144
1.9570085296279869,-0.4562181157168584
1.1642112782185539,-0.022828173995083918
-2.1090862766679455,-0.016498221658764307
-1.8886047084876747,-0.37429058422800965
2.3755954459202573,-0.9015388719118242
-2.6264385880264034,10.693966531477091
-3.056971795183508,-0.17297987383605512
-2.1104576212427055,-0.5327650492278156
-3.430340119418958,-0.6024074507029024
2.5060660485773094,-0.5372499464310917
-2.4009248838099033,-0.2502702823844982
1.4261933175335089,-0.2993329987489585
-2.0631159349675006,-1.0194806754893941
-2.432866622297708,-0.6558162475975373
-2.175443204797318,0.05097666245996814
-3.083192310928826,-0.33563553283280784
-0.7706559232321764,-0.5342588930244829
-0.2541638751543008,-0.14169778521362875
3.686216388697693,-0.3736536785934137
-2.588786966462408,5.577359153352579
-2.4469238596764664,-0.6162902930134456
-1.1594372308792755,-0.2383035299326632
-1.9487384638028864,-1.070819185173979
-0.7330416942653841,-1.1960882222793263
-2.789484596004478,-0.17687786029019315
4.672278400750424,0.0895820012831458
0.5775250873748591,-0.9742275766216713
-1.8972304952478212,-0.09078365489460175
1.3822851992344765,-0.762776746400213
-2.78755440624474,-0.9949739504893145
-1.8468127208137883,0.6556107472107767
-3.005017951871388,-1.103258974469583
-2.900800238944474,-0.5626827195120699
1.7201862467839149,-0.2067258315185858
1.1087036753762383,-0.15030475938433283
-3.031983829095763,-0.754597664188572
1.929541904139422,-0.4499996734469341
-2.5291214853423623,-0.49491087959894486
1.6747996862497887,-1.0166549547259307
1.9949834860416449,-0.5380635200440198
1.4529683262769337,-0.11699397162343134
-1.1386422033733978,-0.2838801417394103
4.318073078805996,-0.060164806248434524
2.689079965556975,0.704716673629315
-1.881271444686271,-0.45270122450557104
2.2467562218215518,0.053690549621543786
-1.6180224650974788,0.27115617552797633
-2.7418833940045655,-0.6414458214835419
2.8619008498874563,0.3423086051053303
-3.69457439624516,10.08489686031617
-0.15872212052174026,-0.5085310209644414
2.3917782159306973,-1.119048760876184
-1.5574378286291009,-0.4567675471658356
-3.7197435814688724,-0.16727595952379834
-2.2322293286248716,-0.14014414587515095
-3.0196828713106996,-0.41834816307826017
3.327015499145242,0.27718528666405046
-2.244685234060474,-0.9233124315078627
-2.120390462637245,0.1391338801185924
-2.510359046943379,-0.948988769073544
-2.712852291509255,0.707311488939452
-2.3741579575981246,-0.6100390869861247
-3.189386050675318,-0.3741255317552331
2.2928882851325367,-0.8665800808307312
-0.5131859108793644,-0.13502505358337374
-2.4602165371843516,-0.6790038943586357
-2.0084129034083054,0.3526525281861141
0.30760509674131176,-0.28419965395557073
0.6061832302650866,-0.7273594289897004
-1.9211780948478376,0.06298421097004811
1.541414703168681,0.10371347427714311
2.7323225145306522,-0.6888119491048816
2.730328126151212,-1.0065450564196836
-0.9813033164388322,1.1371747868700637
-1.2964477561061107,-1.1399575139689717
-3.5340642826580706,-1.3309482054392665
-2.010565144863739,0.5439384476454479
1.7695411634773215,-0.11774106547642695
-0.2954242728286683,-0.4258252776245599
-3.524875206357224,-0.7608218043137899
-2.8300800752152298,-0.548646428002419
3.0640024193047455,0.3754523017517473
-2.381703286749722,-0.4513711068278218
2.7611463067661473,-0.7586986622018538
1.5876746670314839,0.2722061689461954
-0.7563799065971543,-0.3428585883849858
5.039352556348993,-0.7424768913525188
-0.5538002745111652,-0.35466515479895855
1.4888687496750794,-0.7297255961354385
3.450870035099729,-0.5060326892032587
-1.1350996905381514,0.29451593003376
-1.6740128635569473,-0.6217461000506075
1.17764383523386,-0.4706028716429945
0.5193846913923045,-0.8508856516898344
1.7237928268700002,-0.5163982067476294
-0.5529791253972505,-0.09887018042226017
2.957266306920799,-0.6942118242157026
-2.485598585350617,5.65973201249542
0.3503442091826857,-0.30173849362178634
-2.7903124897856664,-1.1670663255434475
-2.866761887391437,-0.7766548733523715
-3.3175780393266665,-0.8250573498088186
0.4088736606837686,-0.6394069928770041
-1.5943079253653938,-0.6512386089803535
-3.2695267624283253,-1.1681272530440368
-2.758795801100809,-0.5582646719928274
-2.3884742955436145,-0.4604734291680576
-2.2229340733409924,-0.6064224762939823
0.6698065272082687,-1.010467992093298
-2.9974239750471083,-0.25622450377517547
-2.4106840711716386,-0.31553178345519306
2.1081439255011944,-1.2103898217914382
0.7726653654682657,-0.20657373418521432
5.12118895376156,-0.508044924521328
2.3460511637380916,-0.853449505130106
-3.3395242877254017,-0.889308780755361
-2.9411840369689517,-0.08771181142709147
-2.1087699205925983,-0.6062417933511758
-1.6340883524825203,-0.09842563546298937
-2.472879079734792,-0.897371876352561
2.3336676739750057,-0.4632544167160312
1.1670198942595318,-0.9394484550240592
-2.6416178084238653,-0.1579276471321951
-3.5271965093911968,-0.9875158991892818
3.3232334507255725,-0.05432847971004744
3.3867962224377974,-0.2563793017068947
0.765745779332729,-0.6291693168892766
1.9337894816547023,0.2915911852215084
-2.7466106443302762,11.24458497176466
-1.605051875950161,-0.8236745823573762
-0.07529796635135182,10.888757249307938
-3.1753907580814817,-0.656177445795154
1.5741601535899425,0.6370556547119047
2.100592356319654,-0.31456762787860737
1.828025276268856,0.21145566669211469
1.8553683971039774,0.3807641911611119
0.6593302722183821,-0.05589110493409056
2.897599331442885,-0.34428297151864895
-0.07320323284056927,-0.02030935091122383
0.7933994073333458,0.08339820995622424
2.427344768311793,-0.19265406468605525
-3.1791797650374494,-0.4864846121250578
2.0475147858135756,-0.7082914364350853
-2.5347249633156177,0.08241071742922686
-2.264964862439914,-0.44828526421794224
2.2528943378670343,-0.12790959460053605
1.6609560802688559,-0.39393804861378284
-2.4014698605059395,-0.5480035047520532
-0.32241460499883917,-0.9367324985419011
2.1712463361476666,-0.38117964224347345
-2.0803381618857038,-0.6139585193223372
-1.8066339302005483,-0.4336416328281661
2.7470761954343366,-0.06287742886831423
2.2516146225501026,-0.2708985242191353
-1.2708432401296834,0.6432650570902195
-2.8875802512804722,-1.4337519378199277
0.5101073829255409,-0.04905150842548812
-1.2090414287176947,-0.8399206163615505
1.5266436481461378,0.2220086933986182
-2.5490351104520417,-1.3717885647921257
-3.465479575427376,-0.5670805499628055
1.2038739841871684,-0.9017471814140241
-3.5879590610939833,-0.7829949116624647
-0.9092649214826002,0.4600795008280641
0.278970176469449,-1.071662493404237
1.1379949680916674,0.6450246960156005
0.7981014896433768,-0.8619754620041745
0.9576072130701238,-0.8970449346456619
-3.015336258152566,-0.4970151484721953
-2.555800679616891,-1.3607519949754758
-3.033223866282874,0.10243370608541022
-3.0458691643163758,-1.207209232684781
-1.9041796831675961,-0.769274532833982
1.5842318132106188,-0.33410348770954645
0.24402166386923566,-0.19817381106548082
-0.9072932019811729,0.5503090226267248
1.0313036305595085,-0.19678074150217312
-2.7277810836640057,-0.9278290922424988
-2.1931539817487686,-1.0740567996367798
1.3775724749095697,0.17392696605949684
-2.6857048553625944,-1.08956205890809
2.024420949247039,-0.6405721612037043
-2.7749550085158483,-0.3918916604416887
1.8830299448727206,-0.8004674919958554
-1.8802140173341702,-0.9051629754486311
1.3155128239782756,-0.1766426709487607
-1.6502386253105903,5.537198234836055
-2.4614205429912137,-0.28144442050146395
0.3878581804784056,-0.9989260243959799
1.7567017124909032,10.624441973844545
0.5120085785018504,-1.2456429317354825
-2.298739033204624,-0.7145297270302478
0.6602342291324342,-1.205649143124309
-3.250340612520321,11.090146250769642
-1.8308087801534645,1.047439300071773
-2.6512422728956975,-0.5376230237815971
-2.962796204880659,-1.110937553928097
3.435181648882993,0.03390476354404662
-0.21909838294955072,0.06786079474113348
1.9975073204256222,-1.2388452868319633
-0.36522885513092435,-0.4664936276099463
1.0866615571467626,-0.7105718671768777
-2.3294108790960446,-0.6599093778933288
-2.9817962917317353,-0.9751536309903264
1.4803286387077035,-0.17249611132555262
0.8669084296263435,-0.45037021661627197
-2.8292023150386894,-0.14621629328332167
-1.8623288359251808,-1.0067339644004891
3.5274911614391,0.29224940373043284
-3.026151949252526,-0.14216813424982788
0.9203756912836639,-1.0115716982491305
4.026405767315196,-0.05136192640642779
1.0808431105249698,11.442550597744217
0.007680256038224391,-0.4578607460669229
-2.412881233345945,-0.501238896963894
3.4105977019950027,5.693353557528511
1.3342333052129542,-0.7360834562397486
-2.4869760606657385,-0.41811662642057573
-2.1551051707839948,-1.0728995239254393
3.270229015463176,0.6911541822538404
2.989153374909113,0.0331248870723698
-2.572231894250624,-0.7869760675897832
-2.4777754865495836,9.510501126742431
-2.5849905888141724,-1.1087424283081777
-2.602964512210733,-0.6112643470762914
2.631226150039144,-0.6529791689781246
-0.29237319837387393,-0.16143050595041514
1.7973932432097555,-1.1481146989364386
1.9555307441403287,-1.1715160666914557
-2.710541946014962,-0.4626621454229684
-3.125180182735127,-1.1139038565114143
2.8376449538226054,0.04303236680920572
1.3257700569741444,-0.14199172802286888
1.7907403454623425,-0.6043863478563206
1.3161437396170221,-0.41944991839869855
-0.19084450581026396,0.10160343009868686
-1.8018647795233689,-0.07738994756088616
2.450831399247374,-0.28694792436890104
-3.2114162078735387,0.6464141910468216
-2.4111819443481135,11.503984280107096
3.368773967099766,-0.47282609988437896
-2.4583228521178926,-0.31103340322856415
-3.8745412593080544,-0.6510569462480726
-2.626053023483441,-0.9692865024842472
2.0698881006578462,-0.2468597436376729
3.902990381516909,-0.5374971483430709
-1.0583713536395736,-0.2897157657519679
1.4894052235873034,0.7089720389579014
4.217788712268799,0.8899387745642418
-2.9318069451845816,-1.066941281138232
2.2295643712300963,-0.20969382548659654
-3.5054198096776514,-1.2704228080550117
1.3952047072405611,-1.0274751861811473
-1.0772332261103457,0.2688400805026818
-1.9667652793269101,-0.20019269083408264
-2.777983339069973,-0.7822494508337101
-1.0329650071946472,0.1059439768893343
2.371316122292607,-0.6415976805062418
-1.7242159145894491,0.6305149910573287
2.011874995905458,-1.207656905823974
1.9400744035549673,0.43475137917175244
4.953647623807983,0.082745203276744
3.824834338766129,0.7081051040753632
-2.6425268673770037,0.04478125884763297
2.186722123545504,-0.05325775602800988
-3.1532307641134243,-0.8576080723156483
3.743281602150266,-0.10783489093830104
-1.8902985823764267,-0.08964506537745379
-1.224966423755738,-0.278674851209395
-3.395619772398161,-0.5760119547003194
1.4774680405542369,0.2624822931712701
-2.996774686139654,-0.7242554179264574
3.190910918927855,-0.2287664666725812
-3.33320157867618,-1.203771844851085
-2.8879732949194152,-1.130445395604421
-2.9478130953810817,-0.9592792392866168
0.106180251581424,-1.094210729036808
1.2811949561806644,-1.2692658516572015
-1.6539951923724316,-0.3284085929956832
3.4449919839554344,-0.44742392920150936
-0.257274593339523,-1.058070589662843
1.6285483742969034,-0.4364303178936082
3.093835088198867,-0.4172990992135575
-2.1945064106134526,-0.5106752693586889
-2.0794224285027494,0.6987007232156157
-2.934292040013168,0.8857966069346607
-1.5883569809630531,-0.44761818453865176
-2.6297796674892404,-0.7576343426892576
2.171694094482942,-1.0110178659467357
2.1545464114420723,-0.5888434814276812
2.3082822728810117,-0.3982905636911735
1.103543886582836,-0.5208046413554117
-2.831580769795763,-1.2589857074356243
-1.268484756422841,0.1744946421229799
-1.5022093339678764,0.8264876272630253
-1.7764075244066184,-1.038782564180141
-3.4885244641466366,10.65668363228223
4.4620722404651065,0.02844320767912314
2.780211194916295,-0.07450943117603208
-2.839194233804639,-0.5433843272054042
-2.4132212314859744,-0.8983287175346666
-2.4703484993763403,-0.5835657274744904
-3.171946649364416,-0.975825813805629
5.48691923242534,0.9744898032178698
-1.117304417665508,0.035567000471687066
-2.0850157083717584,-0.5030375338897235
1.2063911372908647,-0.6215843511875798
-1.4902824243024382,0.6245886957261348
-2.7429429541371766,-0.32956426890096036
-3.704191960229507,-0.9657804659659618
-2.4416618533219188,-0.69981103328208
0.8188782330207608,-1.0510132604115365
3.107498410383638,-0.3553744948659814
-3.015250373431027,0.0404228152752515
-2.549864581138505,-0.8512888353572201
-2.9910874200704463,-0.5106389138537949
-2.428636450381448,0.2632190210246993
1.3374746887620563,-0.2571377670221142
2.531510090845539,-0.7697907000582918
-0.8714396133361304,-1.1116225880795463
4.068174105614728,0.0571949923034532
-1.9403918674237204,-0.6399836985602665
-1.7687893836346742,-0.2231073744043465
-2.1292722627929663,0.6396826911603347
-2.7516569008802345,10.756028768806198
-1.4541789091376156,-0.2576490856778285
-2.9152586966290968,-1.3118339404044272
0.9671215065784757,-0.3650090062433297
-1.5172903194718368,0.05248663091902313
1.896877995013715,-0.6152948036144386
3.142379441343032,-0.6892430507346597
1.9272449790407054,-0.8889665147081991
4.2440409558218954,0.6031494559358515
0.8852662978611339,0.03117747958425623
1.653504832621593,11.38408669205395
4.611620824784134,-2.441639373291255
-2.353024939556663,-0.10046900492733868
-1.5854708467642176,0.07532600014399217
-1.7628551429103305,-1.0523448587457693
0.843071550607619,-0.5015716614928664
0.3521161792304893,-0.286302459321378
1.2023754052698346,-0.9022060882792181
2.364543575426904,0.4318087594549284
-1.2238442315148554,-0.15946928408108468
2.1909246286039212,-0.9030591308585256
-2.4072917462924157,-0.2122742537916021
-1.0931988738645528,-0.5697697696874073
-1.877793878413761,0.16893093192423977
2.546771664730147,-0.6644144450688042
3.0638372067060526,-0.7379667235310963
-2.5665865459785104,-0.9326540531526135
2.2548684676119635,-0.47932158360940513
2.047605917386754,-0.48176601056437485
-1.9713816768042733,-0.608622346672249
0.9208653333706242,-0.5552564337864488
-2.3547163994773705,0.25263170139441177
-2.31232326732053,-0.5223644255934398
-0.981806092739975,0.17476660492526172
-2.588106508728646,0.0034993085310894853
2.643642732956378,-0.03744747255813423
2.6602324492101124,-0.28616567153297945
2.661328476930442,-0.44722775062576386
1.8237485761285344,-0.7029587561553828
5.973343014914852,0.0005866683896913843
-3.166713040242149,-0.7433642432792021
1.4514159841892489,4.980268882814493
2.4022000095688787,-0.5818524048249245
-2.197905094421608,-0.7336126737556037
-3.2081879394222144,-1.1688892993935036
0.9235856337279824,-1.0308856408445286
1.5281281868885477,-0.10291723534612902
-0.19840357129810718,0.2762595588088399
1.8953179386379984,-1.136186393536517
1.9686550601866784,-0.8009031477338052
3.239704137577394,-0.4192611556581584
-2.788990580027956,-1.0400744142905434
-1.9446667671595863,-0.0477994217853896
-0.942071049146395,-0.362192212249368
3.8417521552640226,-0.2533782310091416
-3.5054316928774636,-0.8236903472604051
1.9558788391589976,0.8675240348786001
-2.828224767987531,-0.5552155134105641
-1.1934275144881223,0.07027804271529116
3.1535343091964343,0.9916374368902946
0.09530704620422106,-0.44302579222909816
1.4422656685664017,0.8481561230723025
-1.8882786682468158,-0.2101712691672303
2.1920956480197233,0.04036370954117377
-2.2631538355035974,0.4401096124777943
-1.463558466761099,0.5343629673154701
3.4460362855912927,-0.16148243108673285
1.4847728587004039,-1.0512789541724352
-2.7698348143233136,0.03420826237393744
3.827385076680017,0.539451289715871
-2.4192791434399674,-0.32582243564334373
1.700451418453497,-0.5561794207353288
-1.2354213744759335,0.17022402352320817
5.157621037540967,0.2124239607649857
2.445604949537232,-0.7402781068723386
1.865316566057021,-0.14158096285898
1.3980251164015487,-0.710642434104571
3.7510222177044446,-0.7582947540709302
1.2514823615255177,-0.009485358086364672
-1.9307576138667597,0.3061648698331707
2.0439351348814174,0.49220434631620097
-2.9483151045547675,-1.0046536892048779
-2.6839674421207715,-0.17118111976084566
-2.504516464733151,-1.0918355976252132
-2.9196413289197674,0.5417411229894197
-1.8934300413489802,-0.11738672918763576
0.5032073120622671,5.042808178998321
-1.4209684519528798,0.20335334787028922
-2.6318074244983793,0.8274096355555419
-2.6841359883672995,-1.3736592344690715
1.4409526214844508,-1.2631429928807407
0.33052613850743273,-0.9799227472507572
2.736081139409564,0.30787696958434496
2.3382741827532927,-0.047153412275271714
-4.641719290123926,-1.2188850027711187
-2.9893543160468417,-0.5549934330861671
0.01186219517045653,-0.3294748968756145
2.174906774855611,0.47100944077613294
1.2712801149261006,-0.012727453716501469
3.267827369485828,0.12192553919681309
-1.2227491383473734,0.5409374366868726
-1.6345697732075084,-0.16743600829184807
4.027637791481616,-0.4436985424345587
3.157169830678842,-0.9307569276776682
-1.6799942762263698,0.2637954575122674
3.6237332821033066,-0.7958744065239949
1.4099404708301846,-0.9625486962002366
-2.809319114643074,-0.370490760577252
4.101262591066509,-0.29751295044391346
2.172689927954104,-1.1880544720923187
-3.2137364129130175,-0.06495484480802259
-1.2115506143842796,0.16131816464666146
-1.477170637252031,-1.0025239986367835
3.5592976967312344,-0.9050929854956727
2.076400136200787,0.30221895935072485
-3.083809698790791,-0.8328491036577523
-2.270973595529555,0.8828354544938908
0.9942260097480008,-0.6134713588331843
2.4343156001219377,0.11365022128224421
-1.9202994972759764,0.18445104765416473
-2.032186860717719,-0.08529783794523152
1.3949053306184367,0.31169631670260034
-0.7951498011650574,5.381204006563678
1.6106276883417734,-0.12005598735398218
-2.450701834134059,0.37390904201333314
-1.0907569154833425,-0.7953260767842136
1.856554501209219,5.325642911126522
1.3832228150530042,-0.33053465933120096
-1.6675666440787744,-0.03286027529363956
2.5105002539646946,-0.6370665015908783
1.4071842653455813,0.013920883155167856
1.8448328014261393,-0.8337241004068487
2.6588025746762254,0.9278844430197063
-3.5795836871725193,-1.0217841060927215
1.0908524144084915,0.9266181392026943
1.2619040236506374,-0.21299791082835814
-2.632419736886984,-0.8087052703267112
2.9548344649010323,0.08099962217258827
4.031608281390734,0.4367101527132132
0.8907508145081972,-0.03653540886115969
-2.849162736445232,0.11370779534275807
-2.7027039544030904,-0.002784982217641319
-2.145496670377784,-0.9397351060718827
2.5162967880586664,0.3601575670210629
2.7961050792701982,-0.7141780506763661
1.7802020745244513,0.6534011655911555
-3.4567894921772324,-1.265843425853465
2.3977182475709897,0.07043037378347682
-3.3663828315271425,-0.941077252910337
-1.592437986965455,-0.7546667013618087
-2.9927178413847737,-1.0090776613913193
0.4783237284781314,-1.059407202281494
-2.8786834766085194,-0.7398408896053207
0.6950714899847844,-1.0499143233910713
-1.4110006921648441,-1.1412195855312448
0.5768934118420831,-1.1917538226049298
0.982924083430882,10.915663100252862
1.6568675885125963,-0.7509484263406533
-2.275197389168641,-0.5736560150697104
0.8492467903438427,0.30105347535334825
1.4362231756397181,-0.683811265585333
-3.505733498876937,-0.9421881944124436
-2.330019712816985,-0.16365942419663598
3.3993777333095805,-0.3033661683705729
4.2119969578641445,-0.15054066239456262
2.924636540871891,-0.6161665400016461
-2.207815252615171,-0.23366836506521113
3.6545168017769742,-0.10111008504698098
-1.8190113879989123,-0.14004049340932356
0.40459510176940006,-0.012977040454256052
2.6426580329628138,0.6862913843250728
1.2134717630325114,-0.09120738305041905
-2.080350768676284,-0.07964141390629201
0.5700594568012965,-0.9736461633519438
-3.333384126961705,-0.4055945612472362
1.2633696457734211,-0.7367344496031648
-2.6047921799168123,-0.5576914012765997
-2.024131814029292,0.12166140170338587
-0.1092859789173953,5.402785857106885
1.405700547927371,-0.9603595730536201
-1.3188429459363777,-0.06460094587503894
-1.6216819331608967,-0.4180952305492233
2.1257311543174127,0.10308610939030127
1.704013562930717,0.01113961226881934
4.463739235982064,-0.23081345124730754
-3.1024977381243963,-0.6747880231858592
3.0750349671429693,-0.7652061638757233
1.6829433795255626,-1.101022786408644
2.722594948272014,-0.41548717117904244
2.1647681892384507,-0.26861581051994043
2.2656538009541323,-0.5507454865311322
-2.0545652152877776,4.958744899536307
2.267396296515936,-0.32901527531093633
-2.096789875977278,-0.8683209735232889
-2.6606133600183717,-0.760124374165101
1.50449012014208,-0.5684546861792773
-2.817640160958447,0.7486727355802331
3.019921398241362,-0.7546013665768191
-2.283108864514708,-0.9612690016396441
3.1282781888527413,11.062341505817713
-2.488023368757131,-0.18804272655571577
1.6258731389141836,-0.9111814139923999
-2.3474566027619694,-0.9842684301191178
-1.401673752845955,0.6285457576391865
1.496156550973285,-0.4890551480584162
4.691175688149341,0.9079403291342235
1.8312091700587998,-0.29293421919304485
-3.1840938420313325,-0.9605833256013401
-2.7979211364274743,0.3582971480909621
-1.8292563236157755,-0.14950766671963964
1.3477196908754057,0.4288966270658015
-2.953510219782251,-0.4774133109464858
2.8308015645677793,0.3325136637351356
2.499383832171687,-0.3703835990738881
-2.7838027107911225,0.11573688450249178
3.0958026037876967,-0.7941524951602349
2.0625598871634234,0.29274639877841313
0.7870483305109349,10.17338550186507
-1.5733375802084326,0.09594352985125951
-0.5823813926059264,0.36301161782618036
-2.2692578996331063,-0.4893236060020856
1.4891691996310994,1.2698797987383756
2.0805110238839557,-0.5334134692811218
1.4506071214542058,-0.728693753220903
-1.1260414118860773,0.25417356164585214
2.2295542450792207,0.1160010740954159
-2.7574918460547995,5.456124489389617
-1.5876773827703545,0.055536162535630165
-2.729184087770103,-0.8725076322390283
-0.13541102502724944,0.21208904930206093
-1.6033909049663517,-0.2723243873537885
2.0633278697006645,-0.387505552341022
-2.450547152769134,-0.004605292337963341
1.5103574647756903,-0.8250114333483376
0.4247255690941939,0.7489196052635464
-1.1198031182119474,-0.09563679312858162
-2.7704367642845855,-0.836171114690762
-2.2631629485917713,-0.07369206608245163
0.7007382324951438,-0.7450653715370101
0.5361171499080186,-0.8316005997092532
1.260133656586668,-1.083441943707913
-1.5503939738580834,-0.8022440015694268
2.9869918370155726,4.657740074224666
-1.4544429914016015,0.2856990066269026
-2.058902667660935,-0.2839619001807175
-2.9300859898913205,-0.842399057941816
-1.0616586370242063,-0.44148612534813514
0.8426351533877401,-0.76252146795602
2.0573949743773507,-0.34487032812158686
-0.6289526530983349,-0.7385935610450993
2.8804772720080076,0.4059430376786459
-1.1473413845305025,-0.12864246719164232
4.618662261163163,0.21160273997452628
2.0260283946237942,0.16850741198932384
-0.2655377297151686,-0.04527805952813197
-0.8291776860852345,5.367091039259068
-3.714187767821367,-0.9183980058257547
1.737429482943832,0.217929126364162
-2.2512422064004056,-0.8249924910144437
2.4236159292772363,0.017826535514495406
0.6316383285730519,-0.18680950331823445
2.494901268962664,-0.028644865934030397
3.423481638036671,-0.3758602965383359
-3.127148184249001,0.21291116592166068
1.101298077443113,-1.1142381535550032
-3.008806371879875,-1.2491646618177803
2.3661194298170507,-0.8670261374600835
2.9785069662575845,-0.70244008163585
2.3372927869877085,-0.0367449144194756
-1.901335545451207,0.34315279077672106
0.5492070502674933,-0.9529290787897252
1.4936352961796358,0.3316962850169772
-2.5314316968810524,-0.7766780937269957
1.8540543156577212,-0.38468214222557806
2.9859511947562876,-0.49655045478972987
1.4268178966777025,-0.30648923652639926
-2.199327129208715,-0.3143802258166012
-3.6828874639195415,10.902351527107554
-1.930644988585151,-0.6653728389475627
0.38888556989582734,0.37098215032894916
-2.099128396921111,5.988085427513403
-2.1858967852824804,-1.1976017539624138
-2.234803740031416,-0.195287305220974
0.7867052041685386,0.3010231092018011
2.2500265146071783,0.11195421985954551
-1.977856803847846,0.06849220973960325
-0.9172852105203995,-0.7682843973871889
-2.5989428254715743,-0.6729944219275987
2.7518361076984146,-0.686140989953884
-2.3094949399049614,0.432347705381865
-2.3226278114142436,-0.928524936613645
-1.519383865164743,-0.4910220525966326
1.6799134783251188,-0.35590107412799266
-1.314498793736463,6.276868679149847
-3.3719704825915464,0.13252732619506358
-2.610050967228113,-0.32999540167316815
-3.041935947696852,0.1872679471518449
1.4191310469077685,-0.18547325742266416
0.7877974669528159,-0.6304384524918444
-1.5380615604818602,-0.9429737951984641
2.4634061324042946,-0.07929495137071237
-3.256634427559667,-0.3488329618289001
-3.5327794410625954,-0.68241980596583
2.599092303909724,0.08925069555304715
-2.773240765872854,-1.0744921063794695
-1.965093322911889,-0.45106679735626815
1.305874618398983,0.32614091990538896
0.8461424845991421,0.16584204160172353
0.8461625172619653,-0.7517738146016812
-2.991177209153943,-0.487799648669769
0.30348877147493103,-0.4527601263849767
