datetime,PC1,PC2
2017-01-01 01:00:00,-0.715435790625879,0.001098567089862352
2017-01-01 01:00:00,-0.7349664609344416,0.006415275504154174
2017-01-01 01:00:00,0.2990309353499448,-0.008142964139322788
2017-01-01 01:00:00,0.6740790331513465,-0.0013098351138889337
2017-01-01 01:00:00,-1.2343401911146585,0.008353959809789056
2017-01-01 01:00:00,0.3798164139312006,-0.012701063268760561
2017-01-01 01:00:00,0.8122354160758681,0.0031887287426371203
2017-01-01 01:00:00,-1.3329123019598619,0.009321612163971833
2017-01-01 01:00:00,-0.18595698358970253,0.0012152256848285503
2017-01-01 01:00:00,-0.7692021368659232,0.0013123360875309832
2017-01-01 01:00:00,-1.1637734524850998,0.0018308819859101859
2017-01-01 01:00:00,-0.2539399484640652,0.00014037194862728802
2017-01-01 01:00:00,1.7009863887310608,-0.6725975538292748
2017-01-01 01:00:00,2.00347552474064,0.7255272676610715
2017-01-01 01:00:00,0.7090461408560224,0.00018887074869594422
2017-01-01 01:00:00,1.6647856047112337,-0.11311197388386089
2017-01-01 01:00:00,-0.448001116775036,0.00044688161189429754
2017-01-01 01:00:00,-0.4767729548676083,-0.0004258338870493959
2017-01-01 01:00:00,0.6073062120478293,-0.00015309963237587
2017-01-01 01:00:00,-0.7965149902268612,0.003159697592292918
2017-01-01 01:00:00,-1.4803577524938214,0.013642517739098161
2017-01-01 01:00:00,2.1536499311513673,-0.0014317190673248474
2017-01-01 01:00:00,1.3517403275002273,6.39430052008627e-05
2017-01-01 01:00:00,2.233431171881024,-0.0014120259144722901
2017-01-01 01:00:00,-0.09196914630739511,0.0008523745236840783
2017-01-01 01:00:00,-1.0263563690226358,0.0006413178658960392
2017-01-01 01:00:00,0.7278640573675782,-0.0013161734880928237
2017-01-01 01:00:00,-0.33774645519460905,0.00046134366908360055
2017-01-01 01:00:00,-0.41813901856324787,-0.00044918102223168827
2017-01-01 01:00:00,-1.0959447816619547,0.0008554903409538458
2017-01-01 01:00:00,-1.5363386637991794,0.00265650028813032
2017-01-01 01:00:00,-1.505766340712392,0.002724126054191556
2017-01-01 01:00:00,-0.6192597171488502,0.0004261274159361574
2017-01-01 01:00:00,0.3595156723948756,-0.0007534351662251154
2017-01-01 01:00:00,-0.14232495711859497,-2.979855177133445e-05
2017-01-01 01:00:00,0.8978482339479773,-0.0008208226616634981
2017-01-01 01:00:00,1.1267435822489817,-0.0005167465267514043
2017-01-01 01:00:00,-0.7785207448457254,0.0007369316649715796
2017-01-01 01:00:00,-0.010535320450888692,-0.007246528349904089
2017-01-01 01:00:00,1.534030194231417,-0.002049112456990618
2017-01-01 01:00:00,-1.5160065863729468,0.0039153144276070665
2017-01-01 01:00:00,-0.06074294859295906,0.002749018342026628
2017-01-01 01:00:00,-0.33645072986194985,0.008211485831556104
2017-01-01 01:00:00,-0.782011577890028,0.0734589694386253
2017-01-01 01:00:00,0.9728741914628987,0.005197438828252623
2017-01-01 01:00:00,1.0898030406858616,-0.012462623652967417
2017-01-01 01:00:00,-0.12203230563943149,0.0038506037486767293
2017-01-01 01:00:00,0.14615084969720096,-0.0446920774972513
2017-01-01 01:00:00,-0.08475337394019104,0.00349713458552196
2017-01-01 01:00:00,1.205349967994733,-0.003618809927029119
2017-01-01 01:00:00,-0.12211724812514495,-0.0007938413770920701
2017-01-01 01:00:00,-0.371051113301245,-0.0012607339694576452
2017-01-01 01:00:00,-0.36341943645224517,0.00031997018661777265
2017-01-01 02:00:00,-0.715435790625879,0.001098567089862352
2017-01-01 02:00:00,-0.7349664609344416,0.006415275504154174
2017-01-01 02:00:00,0.2055446683349756,-0.008138412914286571
2017-01-01 02:00:00,0.5338496326288925,-0.001303008276334606
2017-01-01 02:00:00,-1.0785297460897096,0.008346374434728694
2017-01-01 02:00:00,0.23958701340874675,-0.012694236431206235
2017-01-01 02:00:00,0.7654922825683834,0.003191004355155229
2017-01-01 02:00:00,-1.3484933464623567,0.009322370701477869
2017-01-01 02:00:00,-0.5754830961520748,0.0012341891224794575
2017-01-01 02:00:00,-0.7692021368659232,0.0013123360875309832
2017-01-01 02:00:00,-1.1637734524850998,0.0018308819859101859
2017-01-01 02:00:00,-0.2539399484640652,0.00014037194862728802
2017-01-01 02:00:00,1.6230811662185864,-0.6725937611417445
2017-01-01 02:00:00,2.06579970275062,0.7255242335110473
2017-01-01 02:00:00,0.7402082298610121,0.00018735367368387178
2017-01-01 02:00:00,1.7582718717262031,-0.11311652510889711
2017-01-01 02:00:00,-0.4012579832675514,0.0004446059993761889
2017-01-01 02:00:00,-0.46119191036511337,-0.0004265924245554321
2017-01-01 02:00:00,0.6384683010528192,-0.00015461670738794244
2017-01-01 02:00:00,-0.8588391682368407,0.003162731742317063
2017-01-01 02:00:00,-1.4959387969963163,0.013643276276604197
2017-01-01 02:00:00,2.1692309756538624,-0.0014324776048308837
2017-01-01 02:00:00,1.3517403275002273,6.39430052008627e-05
2017-01-01 02:00:00,2.233431171881024,-0.0014120259144722901
2017-01-01 02:00:00,-0.09196914630739511,0.0008523745236840783
2017-01-01 02:00:00,-1.0419374135251307,0.0006420764034020754
2017-01-01 02:00:00,0.8213503243825474,-0.001320724713129041
2017-01-01 02:00:00,-0.3533274996971039,0.00046210220658963677
2017-01-01 02:00:00,-0.38697692955825813,-0.0004506980972437607
2017-01-01 02:00:00,-1.1271068706669447,0.0008570074159659182
2017-01-01 02:00:00,-1.5363386637991794,0.00265650028813032
2017-01-01 02:00:00,-1.505766340712392,0.002724126054191556
2017-01-01 02:00:00,-0.6348407616513451,0.00042688595344219363
2017-01-01 02:00:00,0.20370522736992688,-0.0007458497911647515
2017-01-01 02:00:00,-0.14232495711859497,-2.979855177133445e-05
2017-01-01 02:00:00,0.8822671894454825,-0.0008200641241574619
2017-01-01 02:00:00,1.080000448741497,-0.0005144709142332957
2017-01-01 02:00:00,-0.7785207448457254,0.0007369316649715796
2017-01-01 02:00:00,-0.010535320450888692,-0.007246528349904089
2017-01-01 02:00:00,1.4717060162214375,-0.0020460783069664733
2017-01-01 02:00:00,-1.5160065863729468,0.0039153144276070665
2017-01-01 02:00:00,0.0015812294170204542,0.0027459841920024837
2017-01-01 02:00:00,-0.2741265518519703,0.00820845168153196
2017-01-01 02:00:00,-0.8131736668950178,0.07346048651363737
2017-01-01 02:00:00,0.910550013452919,0.005200472978276768
2017-01-01 02:00:00,1.4014239307357594,-0.012477794403088141
2017-01-01 02:00:00,-0.1843564836494111,0.003853637898700876
2017-01-01 02:00:00,0.14615084969720096,-0.0446920774972513
2017-01-01 02:00:00,-0.05359128493520131,0.0034956175105098877
2017-01-01 02:00:00,1.1586068344872484,-0.0036165343145110104
2017-01-01 02:00:00,-0.46453738031621433,-0.001256182744421428
2017-01-01 02:00:00,-0.4880677924722043,0.0003260384866660624
2017-01-01 03:00:00,-0.715435790625879,0.001098567089862352
2017-01-01 03:00:00,-0.7817095944419262,0.006417551116672283
2017-01-01 03:00:00,0.2055446683349756,-0.008138412914286571
2017-01-01 03:00:00,0.5338496326288925,-0.001303008276334606
2017-01-01 03:00:00,-1.0785297460897096,0.008346374434728694
2017-01-01 03:00:00,0.23958701340874675,-0.012694236431206235
2017-01-01 03:00:00,0.7654922825683834,0.003191004355155229
2017-01-01 03:00:00,-1.3484933464623567,0.009322370701477869
2017-01-01 03:00:00,-0.2950242951071669,0.0012205354473708038
2017-01-01 03:00:00,-0.8471073593783975,0.0013161287750611643
2017-01-01 03:00:00,-1.1637734524850998,0.0018308819859101859
2017-01-01 03:00:00,-0.26952099296656007,0.00014113048613332424
2017-01-01 03:00:00,1.5295948992036172,-0.6725892099167083
2017-01-01 03:00:00,1.9255703022281674,0.7255310603486016
2017-01-01 03:00:00,0.6467219628460428,0.00019190489872009082
2017-01-01 03:00:00,1.6336235157062438,-0.11311045680884882
2017-01-01 03:00:00,-0.448001116775036,0.00044688161189429754
2017-01-01 03:00:00,-0.5390971328775881,-0.0004227997370252493
2017-01-01 03:00:00,0.5605630785403447,-0.00015082401985776135
2017-01-01 03:00:00,-0.8744202127393357,0.0031634902798230993
2017-01-01 03:00:00,-1.4959387969963163,0.013643276276604197
2017-01-01 03:00:00,2.1692309756538624,-0.0014324776048308837
2017-01-01 03:00:00,1.3517403275002273,6.39430052008627e-05
2017-01-01 03:00:00,2.233431171881024,-0.0014120259144722901
2017-01-01 03:00:00,-0.13871227981487982,0.0008546501362021887
2017-01-01 03:00:00,-1.0575184580276256,0.0006428349409081116
2017-01-01 03:00:00,0.8213503243825474,-0.001320724713129041
2017-01-01 03:00:00,-0.4156516777070835,0.00046513635661378164
2017-01-01 03:00:00,-0.41813901856324787,-0.00044918102223168827
2017-01-01 03:00:00,-1.1582689596719342,0.0008585244909779906
2017-01-01 03:00:00,-1.5363386637991794,0.00265650028813032
2017-01-01 03:00:00,-1.505766340712392,0.002724126054191556
2017-01-01 03:00:00,-0.7127459841638195,0.0004306786409723747
2017-01-01 03:00:00,0.1569620938624422,-0.0007435741786466428
2017-01-01 03:00:00,-0.14232495711859497,-2.979855177133445e-05
2017-01-01 03:00:00,0.7887809224305131,-0.0008155128991212446
2017-01-01 03:00:00,0.9865141817265266,-0.0005099196891970769
2017-01-01 03:00:00,-0.8252638783532101,0.0007392072774896882
2017-01-01 03:00:00,-0.04169740945587845,-0.007245011274892016
2017-01-01 03:00:00,1.4405439272164478,-0.002044561231954399
2017-01-01 03:00:00,-1.5160065863729468,0.0039153144276070665
2017-01-01 03:00:00,-0.04516190409046418,0.002748259804520592
2017-01-01 03:00:00,-0.2741265518519703,0.00820845168153196
2017-01-01 03:00:00,-0.8131736668950178,0.07346048651363737
2017-01-01 03:00:00,0.910550013452919,0.005200472978276768
2017-01-01 03:00:00,1.4014239307357594,-0.012477794403088141
2017-01-01 03:00:00,-0.1843564836494111,0.003853637898700876
2017-01-01 03:00:00,0.14615084969720096,-0.0446920774972513
2017-01-01 03:00:00,-0.05359128493520131,0.0034956175105098877
2017-01-01 03:00:00,0.6911754994124008,-0.003593778189329922
2017-01-01 03:00:00,-0.46453738031621433,-0.001256182744421428
2017-01-01 04:00:00,-0.8089220576408483,0.0011031183148985694
2017-01-01 04:00:00,-0.8751958614568957,0.0064221023417085
2017-01-01 04:00:00,0.1276394458225012,-0.00813462022675639
2017-01-01 04:00:00,0.611754855141367,-0.0013068009638647889
2017-01-01 04:00:00,-1.2343401911146585,0.008353959809789056
2017-01-01 04:00:00,0.1928438799012621,-0.012691960818688126
2017-01-01 04:00:00,0.6096818375434346,0.0031985897302155915
2017-01-01 04:00:00,-1.3484933464623567,0.009322370701477869
2017-01-01 04:00:00,-0.2950242951071669,0.0012205354473708038
2017-01-01 04:00:00,-0.8471073593783975,0.0013161287750611643
2017-01-01 04:00:00,-1.3351649420125438,0.001839225898476586
2017-01-01 04:00:00,-0.5032366605039834,0.00015250854872386922
2017-01-01 04:00:00,0.9842583416162949,-0.6725626611039971
2017-01-01 04:00:00,1.6139494121782698,0.7255462310987223
2017-01-01 04:00:00,0.5064925623235889,0.00019873173627441677
2017-01-01 04:00:00,1.2440974031438716,-0.11309149337119791
2017-01-01 04:00:00,-0.5103252947850158,0.00044991576191844414
2017-01-01 04:00:00,-0.6170023553900624,-0.0004190070494950682
2017-01-01 04:00:00,0.31126636650042677,-0.00013868741976118186
2017-01-01 04:00:00,-0.9055823017443254,0.0031650073548351735
2017-01-01 04:00:00,-1.4959387969963163,0.013643276276604197
2017-01-01 04:00:00,1.6862185960765217,-0.0014089629421437592
2017-01-01 04:00:00,0.9622142149378538,8.290644285176984e-05
2017-01-01 04:00:00,1.7659998368061782,-0.0013892697892912002
2017-01-01 04:00:00,-0.20103645782485935,0.0008576842862263336
2017-01-01 04:00:00,-1.0886805470326153,0.0006443520159201841
2017-01-01 04:00:00,0.5876346568451242,-0.001309346650538496
2017-01-01 04:00:00,-0.477975855717063,0.0004681705066379265
2017-01-01 04:00:00,-0.5427873745832071,-0.0004431127221833968
2017-01-01 04:00:00,-1.1426879151694393,0.0008577659534719544
2017-01-01 04:00:00,-1.5519197083016742,0.002657258825636356
2017-01-01 04:00:00,-1.505766340712392,0.002724126054191556
2017-01-01 04:00:00,-0.7127459841638195,0.0004306786409723747
2017-01-01 04:00:00,0.11021896035495761,-0.0007412985661285342
2017-01-01 04:00:00,-0.14232495711859497,-2.979855177133445e-05
2017-01-01 04:00:00,0.47716003238061566,-0.0008003421490005185
2017-01-01 04:00:00,0.5502449356566698,-0.000488680639028061
2017-01-01 04:00:00,-0.9031691008656846,0.000742999965019871
2017-01-01 04:00:00,-0.15076472097334268,-0.007239701512349761
2017-01-01 04:00:00,1.4405439272164478,-0.002044561231954399
2017-01-01 04:00:00,-1.5160065863729468,0.0039153144276070665
2017-01-01 04:00:00,-0.18539130461291817,0.0027550866420749196
2017-01-01 04:00:00,-0.39877490787192943,0.00821451998158025
2017-01-01 04:00:00,-0.9066599339099871,0.0734650377386736
2017-01-01 04:00:00,0.7235774794229805,0.005209575428349203
2017-01-01 04:00:00,0.9339925956609116,-0.012455038277907053
2017-01-01 04:00:00,-0.24668066165939062,0.0038566720487250208
2017-01-01 04:00:00,-0.040821684332737626,-0.044682975047178865
2017-01-01 04:00:00,-0.27172590797012985,0.0035062370355943965
2017-01-01 04:00:00,0.3639735648600083,-0.00357784890170316
2017-01-01 04:00:00,-0.6047667808386685,-0.0012493559068671002
2017-01-01 05:00:00,-0.9179893691583124,0.001108428077440823
2017-01-01 05:00:00,-0.9686821284718649,0.006426653566744717
2017-01-01 05:00:00,0.23670675733996535,-0.008139929989298644
2017-01-01 05:00:00,1.1726724572311842,-0.0013341083140820944
2017-01-01 05:00:00,-1.2343401911146585,0.008353959809789056
2017-01-01 05:00:00,0.1928438799012621,-0.012691960818688126
2017-01-01 05:00:00,0.5317766150309602,0.0032023824177457743
2017-01-01 05:00:00,-1.3484933464623567,0.009322370701477869
2017-01-01 05:00:00,-0.34176742861465154,0.0012228110598889142
2017-01-01 05:00:00,-0.8471073593783975,0.0013161287750611643
2017-01-01 05:00:00,-1.413070164525018,0.001843018586006767
2017-01-01 05:00:00,-0.7057902390364169,0.00016236953630234004
2017-01-01 05:00:00,0.8751910300988307,-0.6725573513414548
2017-01-01 05:00:00,1.4893010561583107,0.7255522993987706
2017-01-01 05:00:00,0.4130062953086196,0.00020328296131063406
2017-01-01 05:00:00,1.1350300916264076,-0.11308618360865566
2017-01-01 05:00:00,-0.6038115617999851,0.0004544669869546612
2017-01-01 05:00:00,-0.6170023553900624,-0.0004190070494950682
2017-01-01 05:00:00,0.1866180104804678,-0.0001326191197128904
2017-01-01 05:00:00,-0.9055823017443254,0.0031650073548351735
2017-01-01 05:00:00,-1.4959387969963163,0.013643276276604197
2017-01-01 05:00:00,1.6083133735640474,-0.0014051702546135781
2017-01-01 05:00:00,0.8843089924253793,8.669913038195093e-05
2017-01-01 05:00:00,1.656932525288714,-0.0013839600267489466
2017-01-01 05:00:00,-0.29452272483982883,0.0008622355112625509
2017-01-01 05:00:00,-1.0886805470326153,0.0006443520159201841
2017-01-01 05:00:00,0.4941483898301549,-0.0013047954255022787
2017-01-01 05:00:00,-0.477975855717063,0.0004681705066379265
2017-01-01 05:00:00,-0.5739494635881969,-0.0004415956471713244
2017-01-01 05:00:00,-1.1426879151694393,0.0008577659534719544
2017-01-01 05:00:00,-1.5363386637991794,0.00265650028813032
2017-01-01 05:00:00,-1.505766340712392,0.002724126054191556
2017-01-01 05:00:00,-0.7127459841638195,0.0004306786409723747
2017-01-01 05:00:00,0.09463791585246271,-0.000740540028622498
2017-01-01 05:00:00,-0.14232495711859497,-2.979855177133445e-05
2017-01-01 05:00:00,0.4459979433756259,-0.0007988250739884461
2017-01-01 05:00:00,0.51908284665168,-0.00048716356401598847
2017-01-01 05:00:00,-0.9031691008656846,0.000742999965019871
2017-01-01 05:00:00,-0.2286699434858171,-0.00723590882481958
2017-01-01 05:00:00,0.926369458634115,-0.0020195294942552022
2017-01-01 05:00:00,-1.5160065863729468,0.0039153144276070665
2017-01-01 05:00:00,-0.2477154826228977,0.0027581207920990645
2017-01-01 05:00:00,-0.42993699687691916,0.008216037056592322
2017-01-01 05:00:00,-0.9378220229149768,0.07346655481368568
2017-01-01 05:00:00,0.6300912124080111,0.005214126653385422
2017-01-01 05:00:00,0.8093442396409527,-0.012448969977858763
2017-01-01 05:00:00,-0.30900483966937026,0.0038597061987491656
2017-01-01 05:00:00,-0.07198377333772736,-0.04468145797216679
2017-01-01 05:00:00,-0.3028879969751196,0.003507754110606469
2017-01-01 05:00:00,0.5821081878949366,-0.003588468426787667
2017-01-01 05:00:00,-0.9011694732498894,-0.0007559145017902558
2017-01-01 05:00:00,-0.5580236473311838,-0.001251631519385209
2017-01-01 06:00:00,-0.9647325026657971,0.0011107036899589333
2017-01-01 06:00:00,-0.9686821284718649,0.006426653566744717
2017-01-01 06:00:00,0.26786884634495506,-0.008141447064310716
2017-01-01 06:00:00,1.6401037923060309,-0.0013568644392631826
2017-01-01 06:00:00,-1.296664369124638,0.008356993959813201
2017-01-01 06:00:00,0.005871345871323473,-0.01268285836861569
2017-01-01 06:00:00,0.4538713925184859,0.0032061751052759554
2017-01-01 06:00:00,-1.4108175244723362,0.009325404851502014
2017-01-01 06:00:00,-0.4508347401321157,0.0012281208224311677
2017-01-01 06:00:00,-0.8782694483833874,0.0013176458500732367
2017-01-01 06:00:00,-1.413070164525018,0.001843018586006767
2017-01-01 06:00:00,-0.7525333725439016,0.00016464514882045042
2017-01-01 06:00:00,0.5947322290539228,-0.6725436976663461
2017-01-01 06:00:00,1.0686128545909488,0.7255727799114337
2017-01-01 06:00:00,0.10138540525872206,0.00021845371143136013
2017-01-01 06:00:00,0.5896935340390855,-0.11305963479594439
2017-01-01 06:00:00,-0.8375272293374083,0.00046584504954520447
2017-01-01 06:00:00,-0.7416507114100216,-0.00041293874944677846
2017-01-01 06:00:00,-0.04709765705695547,-0.00012124105712234735
2017-01-01 06:00:00,-0.9990685687592946,0.0031695585798713908
2017-01-01 06:00:00,-1.5271008860013062,0.01364479335161627
2017-01-01 06:00:00,1.2343683055041699,-0.0013869653544687072
2017-01-01 06:00:00,-0.6727831532225667,2.4753961995930857e-05
2017-01-01 06:00:00,0.6973364583954407,9.580158045438553e-05
2017-01-01 06:00:00,1.3141495462338262,-0.0013672722016161481
2017-01-01 06:00:00,-0.40359003635729307,0.0008675452738048044
2017-01-01 06:00:00,-1.1198426360376053,0.0006458690909322565
2017-01-01 06:00:00,0.27601376679522655,-0.00129417590041777
2017-01-01 06:00:00,-0.5714621227320325,0.00047272173167414554
2017-01-01 06:00:00,-0.6985978196081559,-0.00043552734712303464
2017-01-01 06:00:00,-1.1271068706669447,0.0008570074159659182
2017-01-01 06:00:00,-1.5519197083016742,0.002657258825636356
2017-01-01 06:00:00,-1.5213473852148869,0.0027248845916975923
2017-01-01 06:00:00,-0.8062322511787888,0.000435229866008592
2017-01-01 06:00:00,-0.06117252917248612,-0.0007329546535621358
2017-01-01 06:00:00,-0.08000077910861536,-3.283270179548105e-05
2017-01-01 06:00:00,0.2901874983506771,-0.0007912396989280839
2017-01-01 06:00:00,0.31652926811924664,-0.00047730257643751765
2017-01-01 06:00:00,-1.0122364123831475,0.0007483097275621245
2017-01-01 06:00:00,-0.40006143301326097,-0.0072275649122531815
2017-01-01 06:00:00,0.6147485685842173,-0.0020043587441344757
2017-01-01 06:00:00,-1.5160065863729468,0.0039153144276070665
2017-01-01 06:00:00,-0.45026906115533133,0.0027679817796775353
2017-01-01 06:00:00,-0.6013284864043631,0.008224380969158722
2017-01-01 06:00:00,-1.0001462009249564,0.07346958896370982
2017-01-01 06:00:00,0.3340513668606085,0.00522853886600011
2017-01-01 06:00:00,0.4353991715810756,-0.012430765077713892
2017-01-01 06:00:00,-0.44923424019182423,0.0038665330363034916
2017-01-01 06:00:00,-0.27453735187016104,-0.04467159698458832
2017-01-01 06:00:00,-0.6456709760300072,0.0035244419357392674
2017-01-01 06:00:00,0.39513565386499805,-0.0035793659767152323
2017-01-01 06:00:00,1.3117016929682037,-0.0013426560201095636
2017-01-01 07:00:00,-0.9491514581633024,0.0011099451524528953
2017-01-01 07:00:00,-0.9842631729743598,0.006427412104250753
2017-01-01 07:00:00,0.14322049032499606,-0.008135378764262426
2017-01-01 07:00:00,1.344063946758628,-0.0013424522266484928
2017-01-01 07:00:00,-1.296664369124638,0.008356993959813201
2017-01-01 07:00:00,-0.07203387664115089,-0.012679065681085509
2017-01-01 07:00:00,0.3603851255035166,0.0032107263303121727
2017-01-01 07:00:00,-1.3952364799698413,0.009324646313995977
2017-01-01 07:00:00,-0.4508347401321157,0.0012281208224311677
2017-01-01 07:00:00,-0.8471073593783975,0.0013161287750611643
2017-01-01 07:00:00,-1.413070164525018,0.001843018586006767
2017-01-01 07:00:00,-0.7369523280414066,0.00016388661131441247
2017-01-01 07:00:00,0.4389217840289742,-0.6725361122912858
2017-01-01 07:00:00,0.9128024095659988,0.725580365286494
2017-01-01 07:00:00,0.023480182746247583,0.00022224639896154124
2017-01-01 07:00:00,0.5896935340390855,-0.11305963479594439
2017-01-01 07:00:00,-0.8375272293374083,0.00046584504954520447
2017-01-01 07:00:00,-0.8195559339224959,-0.0004091460619165974
2017-01-01 07:00:00,-0.04709765705695547,-0.00012124105712234735
2017-01-01 07:00:00,-0.9990685687592946,0.0031695585798713908
2017-01-01 07:00:00,-1.5115198414988114,0.013644034814110233
2017-01-01 07:00:00,1.1253009939867058,-0.0013816555919264537
2017-01-01 07:00:00,-0.7818504647400308,3.0063724538184376e-05
2017-01-01 07:00:00,0.6350122803854612,9.883573047853213e-05
2017-01-01 07:00:00,1.1427580567063826,-0.0013589282890497498
2017-01-01 07:00:00,-0.46591421436727254,0.0008705794238289493
2017-01-01 07:00:00,-1.1354236805401,0.0006466276284382927
2017-01-01 07:00:00,0.2448516777902369,-0.0012926588254056975
2017-01-01 07:00:00,-0.6026242117370223,0.00047423880668621797
2017-01-01 07:00:00,-0.7920840866231252,-0.00043097612208681734
2017-01-01 07:00:00,-1.1582689596719342,0.0008585244909779906
2017-01-01 07:00:00,-1.5675007528041693,0.002658017363142393
2017-01-01 07:00:00,-1.5213473852148869,0.0027248845916975923
2017-01-01 07:00:00,-0.8218132956812837,0.00043598840351462823
2017-01-01 07:00:00,-0.10791566267997078,-0.0007306790410440271
2017-01-01 07:00:00,-0.1890680906260796,-2.75229392532258e-05
2017-01-01 07:00:00,0.2278633203406976,-0.0007882055489039373
2017-01-01 07:00:00,0.25420509010926723,-0.00047426842641337105
2017-01-01 07:00:00,-1.0278174568856424,0.0007490682650681608
2017-01-01 07:00:00,-0.41564247751575584,-0.007226806374747145
2017-01-01 07:00:00,0.6147485685842173,-0.0020043587441344757
2017-01-01 07:00:00,-1.5315876308754415,0.003916072965113103
2017-01-01 07:00:00,-0.4658501056578262,0.0027687403171835715
2017-01-01 07:00:00,-0.5857474419018682,0.008223622431652686
2017-01-01 07:00:00,-1.0001462009249564,0.07346958896370982
2017-01-01 07:00:00,0.19382196633815466,0.0052353657035544374
2017-01-01 07:00:00,0.3107508155611165,-0.012424696777665603
2017-01-01 07:00:00,-0.5271394627042988,0.0038703257238336744
2017-01-01 07:00:00,-0.3524425743826355,-0.04466780429705814
2017-01-01 07:00:00,-0.6145088870250175,0.003522924860727195
2017-01-01 07:00:00,0.4730408763774725,-0.0035831586642454134
2017-01-01 07:00:00,-0.6362917167074764,-0.0007688096393928732
2017-01-01 07:00:00,0.7352030463758916,-0.001314590132386222
2017-01-01 08:00:00,-0.9179893691583124,0.001108428077440823
2017-01-01 08:00:00,-0.9375200394668751,0.006425136491732645
2017-01-01 08:00:00,0.11205840132000632,-0.008133861689250354
2017-01-01 08:00:00,0.9389567896937596,-0.0013227302514915494
2017-01-01 08:00:00,-1.327826458129628,0.008358511034825274
2017-01-01 08:00:00,-0.07203387664115089,-0.012679065681085509
2017-01-01 08:00:00,0.37596617000601146,0.0032099677928061365
2017-01-01 08:00:00,-1.3952364799698413,0.009324646313995977
2017-01-01 08:00:00,-0.4508347401321157,0.0012281208224311677
2017-01-01 08:00:00,-0.8315263148759027,0.001315370237555128
2017-01-01 08:00:00,-1.3974891200225232,0.0018422600485007309
2017-01-01 08:00:00,-0.6746281500314272,0.0001608524612902676
2017-01-01 08:00:00,0.4389217840289742,-0.6725361122912858
2017-01-01 08:00:00,0.9128024095659988,0.725580365286494
2017-01-01 08:00:00,0.023480182746247583,0.00022224639896154124
2017-01-01 08:00:00,0.5896935340390855,-0.11305963479594439
2017-01-01 08:00:00,-0.8375272293374083,0.00046584504954520447
2017-01-01 08:00:00,-0.8195559339224959,-0.0004091460619165974
2017-01-01 08:00:00,-0.04709765705695547,-0.00012124105712234735
2017-01-01 08:00:00,-0.8900012572418304,0.0031642488173291355
2017-01-01 08:00:00,-1.4803577524938214,0.013642517739098161
2017-01-01 08:00:00,1.1253009939867058,-0.0013816555919264537
2017-01-01 08:00:00,-0.470229574690133,1.4892974417458311e-05
2017-01-01 08:00:00,0.6038501913804714,0.00010035280549060456
2017-01-01 08:00:00,1.1271770122038878,-0.0013581697515437135
2017-01-01 08:00:00,-0.46591421436727254,0.0008705794238289493
2017-01-01 08:00:00,-1.1198426360376053,0.0006458690909322565
2017-01-01 08:00:00,0.2448516777902369,-0.0012926588254056975
2017-01-01 08:00:00,-0.5714621227320325,0.00047272173167414554
2017-01-01 08:00:00,-0.7765030421206304,-0.00043173465959285356
2017-01-01 08:00:00,-1.1426879151694393,0.0008577659534719544
2017-01-01 08:00:00,-1.5519197083016742,0.002657258825636356
2017-01-01 08:00:00,-1.505766340712392,0.002724126054191556
2017-01-01 08:00:00,-0.7439080731688092,0.00043219571598444715
2017-01-01 08:00:00,0.047894782344978036,-0.0007382644161043893
2017-01-01 08:00:00,-0.2202301796310694,-2.6005864241153366e-05
2017-01-01 08:00:00,0.2278633203406976,-0.0007882055489039373
2017-01-01 08:00:00,0.25420509010926723,-0.00047426842641337105
2017-01-01 08:00:00,-1.0278174568856424,0.0007490682650681608
2017-01-01 08:00:00,-0.41564247751575584,-0.007226806374747145
2017-01-01 08:00:00,0.6147485685842173,-0.0020043587441344757
2017-01-01 08:00:00,-1.5315876308754415,0.003916072965113103
2017-01-01 08:00:00,-0.4658501056578262,0.0027687403171835715
2017-01-01 08:00:00,-0.5857474419018682,0.008223622431652686
2017-01-01 08:00:00,-1.0001462009249564,0.07346958896370982
2017-01-01 08:00:00,0.2249840553431444,0.005233848628542365
2017-01-01 08:00:00,0.34191290456610623,-0.012426213852677675
2017-01-01 08:00:00,-0.49597737369930894,0.0038688086488216002
2017-01-01 08:00:00,-0.3524425743826355,-0.04466780429705814
2017-01-01 08:00:00,-0.5833467980200278,0.0035214077857151226
2017-01-01 08:00:00,0.5042029653824623,-0.003584675739257486
2017-01-01 08:00:00,-0.6518727612099713,-0.000768051101886837
2017-01-01 08:00:00,0.7196220018733968,-0.0013138315948801858
2017-01-01 09:00:00,-0.9335704136608074,0.0011091866149468591
2017-01-01 09:00:00,-0.8751958614568957,0.0064221023417085
2017-01-01 09:00:00,-0.012589954699952818,-0.008127793389202064
2017-01-01 09:00:00,0.6584979886488517,-0.0013090765763828975
2017-01-01 09:00:00,-1.296664369124638,0.008356993959813201
2017-01-01 09:00:00,-0.009709698631171425,-0.012682099831109654
2017-01-01 09:00:00,0.3915472145085064,0.0032092092553001003
2017-01-01 09:00:00,-1.4108175244723362,0.009325404851502014
2017-01-01 09:00:00,-0.419672651127126,0.0012266037474190953
2017-01-01 09:00:00,-0.8315263148759027,0.001315370237555128
2017-01-01 09:00:00,-1.3819080755200281,0.0018415015109946946
2017-01-01 09:00:00,-0.6590471055289322,0.0001600939237842314
2017-01-01 09:00:00,0.4389217840289742,-0.6725361122912858
2017-01-01 09:00:00,0.9907076320784732,0.7255765725989638
2017-01-01 09:00:00,0.023480182746247583,0.00022224639896154124
2017-01-01 09:00:00,0.5896935340390855,-0.11305963479594439
2017-01-01 09:00:00,-0.8375272293374083,0.00046584504954520447
2017-01-01 09:00:00,-0.8195559339224959,-0.0004091460619165974
2017-01-01 09:00:00,-0.04709765705695547,-0.00012124105712234735
2017-01-01 09:00:00,-0.8432581237343458,0.003161973204811027
2017-01-01 09:00:00,-1.4959387969963163,0.013643276276604197
2017-01-01 09:00:00,1.1564630829916955,-0.0013831726669385261
2017-01-01 09:00:00,-0.23651390715270956,3.5149118269150636e-06
2017-01-01 09:00:00,0.6505933248879561,9.807719297249591e-05
2017-01-01 09:00:00,1.1739201457113724,-0.0013604453640618222
2017-01-01 09:00:00,-0.45033316986477767,0.0008698208863229131
2017-01-01 09:00:00,-1.1042615915351104,0.0006451105534262203
2017-01-01 09:00:00,0.2448516777902369,-0.0012926588254056975
2017-01-01 09:00:00,-0.5403000337270427,0.0004712046566620731
2017-01-01 09:00:00,-0.7609219976181354,-0.0004324931970988898
2017-01-01 09:00:00,-1.1271068706669447,0.0008570074159659182
2017-01-01 09:00:00,-1.5675007528041693,0.002658017363142393
2017-01-01 09:00:00,-1.5213473852148869,0.0027248845916975923
2017-01-01 09:00:00,-0.7283270286663144,0.00043143717847841093
2017-01-01 09:00:00,0.09463791585246271,-0.000740540028622498
2017-01-01 09:00:00,-0.15790600162108984,-2.9040014265298232e-05
2017-01-01 09:00:00,0.2590254093456874,-0.0007897226239160098
2017-01-01 09:00:00,0.22304300110427747,-0.0004727513514012986
2017-01-01 09:00:00,-1.074560590393127,0.0007513438775862694
2017-01-01 09:00:00,-0.4312235220182507,-0.007226047837241109
2017-01-01 09:00:00,0.6459106575892072,-0.002005875819146548
2017-01-01 09:00:00,-1.5315876308754415,0.003916072965113103
2017-01-01 09:00:00,-0.49701219466281604,0.002770257392195644
2017-01-01 09:00:00,-0.5234232638918886,0.00822058828162854
2017-01-01 09:00:00,-0.9378220229149768,0.07346655481368568
2017-01-01 09:00:00,0.2249840553431444,0.005233848628542365
2017-01-01 09:00:00,0.46656126058606534,-0.012432282152725965
2017-01-01 09:00:00,-0.40249110668433963,0.003864257423785383
2017-01-01 09:00:00,-0.2901183963726559,-0.044670838447082285
2017-01-01 09:00:00,-0.5210226200100482,0.0035183736356909777
2017-01-01 09:00:00,0.7067565439148956,-0.0035945367268359583
2017-01-01 09:00:00,-0.5428054496925072,-0.0007733608644290905
2017-01-01 09:00:00,0.5638115568484479,-0.0013062462198198217
2017-01-01 09:00:00,-0.45690570346721443,0.00032452141165398995
2017-01-01 10:00:00,-0.9179893691583124,0.001108428077440823
2017-01-01 10:00:00,-0.8284527279494109,0.006419826729190391
2017-01-01 10:00:00,0.04973422331002675,-0.008130827539226209
2017-01-01 10:00:00,0.611754855141367,-0.0013068009638647889
2017-01-01 10:00:00,-1.2810833246221434,0.008356235422307165
2017-01-01 10:00:00,-0.009709698631171425,-0.012682099831109654
2017-01-01 10:00:00,0.4850334815234757,0.003204658030263883
2017-01-01 10:00:00,-1.3952364799698413,0.009324646313995977
2017-01-01 10:00:00,-0.4040916066246311,0.001225845209913059
2017-01-01 10:00:00,-0.8471073593783975,0.0013161287750611643
2017-01-01 10:00:00,-0.9887417388046527,0.001042226636772444
2017-01-01 10:00:00,-1.272840764002564,0.0018361917484524394
2017-01-01 10:00:00,-0.5655608385139629,0.0001555426987480141
2017-01-01 10:00:00,0.5947322290539228,-0.6725436976663461
2017-01-01 10:00:00,1.2244232996158977,0.7255651945363732
2017-01-01 10:00:00,0.023480182746247583,0.00022224639896154124
2017-01-01 10:00:00,0.5896935340390855,-0.11305963479594439
2017-01-01 10:00:00,-0.759622006824934,0.0004620523620150234
2017-01-01 10:00:00,-0.8195559339224959,-0.0004091460619165974
2017-01-01 10:00:00,-0.04709765705695547,-0.00012124105712234735
2017-01-01 10:00:00,-0.827677079231851,0.0031612146673049906
2017-01-01 10:00:00,-1.5115198414988114,0.013644034814110233
2017-01-01 10:00:00,1.2187872610016752,-0.001386206816962671
2017-01-01 10:00:00,-0.08070346212776068,-4.070463233448839e-06
2017-01-01 10:00:00,0.7284985474004305,9.428450544231309e-05
2017-01-01 10:00:00,1.1739201457113724,-0.0013604453640618222
2017-01-01 10:00:00,-0.38800899185479815,0.0008667867362987682
2017-01-01 10:00:00,-1.1042615915351104,0.0006451105534262203
2017-01-01 10:00:00,0.27601376679522655,-0.00129417590041777
2017-01-01 10:00:00,-0.49355690021955795,0.0004689290441439627
2017-01-01 10:00:00,-0.7297599086131457,-0.0004340102721109622
2017-01-01 10:00:00,-1.1426879151694393,0.0008577659534719544
2017-01-01 10:00:00,-1.5675007528041693,0.002658017363142393
2017-01-01 10:00:00,-1.505766340712392,0.002724126054191556
2017-01-01 10:00:00,-0.7439080731688092,0.00043219571598444715
2017-01-01 10:00:00,0.1569620938624422,-0.0007435741786466428
2017-01-01 10:00:00,-0.2046491351285745,-2.6764401747189583e-05
2017-01-01 10:00:00,0.3525116763606566,-0.0007942738489522288
2017-01-01 10:00:00,0.22304300110427747,-0.0004727513514012986
2017-01-01 10:00:00,-1.0589795458906321,0.0007505853400802332
2017-01-01 10:00:00,-0.41564247751575584,-0.007226806374747145
2017-01-01 10:00:00,0.6770727465941969,-0.0020073928941586223
2017-01-01 10:00:00,-1.5160065863729468,0.0039153144276070665
2017-01-01 10:00:00,-0.4814311501603211,0.0027694988546896077
2017-01-01 10:00:00,-0.4610990858819089,0.008217554131604394
2017-01-01 10:00:00,-0.9378220229149768,0.07346655481368568
2017-01-01 10:00:00,0.31847032235811357,0.005229297403506146
2017-01-01 10:00:00,0.622371705611014,-0.012439867527786327
2017-01-01 10:00:00,-0.37132901767934984,0.0038627403487733105
2017-01-01 10:00:00,-0.22779421836267627,-0.04467387259710643
2017-01-01 10:00:00,-0.4898605310050583,0.0035168565606789035
2017-01-01 10:00:00,0.8002428109298649,-0.003599087951872176
2017-01-01 10:00:00,-0.4960623161850226,-0.0007756364769471992
2017-01-01 10:00:00,0.5793926013509427,-0.001307004757325858
2017-01-01 10:00:00,-0.39458152545723496,0.0003214872616298451
2017-01-01 11:00:00,-0.8868272801533227,0.0011069110024287505
2017-01-01 11:00:00,-0.7505475054369365,0.00641603404166021
2017-01-01 11:00:00,0.1899636238324807,-0.008137654376780535
2017-01-01 11:00:00,0.9545378341962545,-0.0013234887889975856
2017-01-01 11:00:00,-1.2187591466121637,0.00835320127228302
2017-01-01 11:00:00,0.09935761288629284,-0.012687409593651909
2017-01-01 11:00:00,0.5317766150309602,0.0032023824177457743
2017-01-01 11:00:00,-1.3952364799698413,0.009324646313995977
2017-01-01 11:00:00,-0.4040916066246311,0.001225845209913059
2017-01-01 11:00:00,-0.8159452703734078,0.0013146117000490919
2017-01-01 11:00:00,-1.035484872312136,0.0010445022492905527
2017-01-01 11:00:00,-1.2572597195000692,0.0018354332109464032
2017-01-01 11:00:00,-0.5811418830164579,0.0001563012362540503
2017-01-01 11:00:00,0.7505426740788717,-0.6725512830414065
2017-01-01 11:00:00,1.2244232996158977,0.7255651945363732
2017-01-01 11:00:00,0.10138540525872206,0.00021845371143136013
2017-01-01 11:00:00,0.7455039790640344,-0.11306722017100475
2017-01-01 11:00:00,-0.759622006824934,0.0004620523620150234
2017-01-01 11:00:00,-0.8195559339224959,-0.0004091460619165974
2017-01-01 11:00:00,0.030807565455518958,-0.00012503374465252823
2017-01-01 11:00:00,-0.7965149902268612,0.003159697592292918
2017-01-01 11:00:00,-1.4803577524938214,0.013642517739098161
2017-01-01 11:00:00,1.2499493500066647,-0.0013877238919747434
2017-01-01 11:00:00,-0.049541373122770946,-5.587538245521272e-06
2017-01-01 11:00:00,0.7752416809079151,9.200889292420444e-05
2017-01-01 11:00:00,1.2829874572288367,-0.0013657551266040757
2017-01-01 11:00:00,-0.35684690284980836,0.0008652696612866958
2017-01-01 11:00:00,-1.1042615915351104,0.0006451105534262203
2017-01-01 11:00:00,0.3227569003027112,-0.0012964515129358803
2017-01-01 11:00:00,-0.4623948112145681,0.0004674119691318903
2017-01-01 11:00:00,-0.6985978196081559,-0.00043552734712303464
2017-01-01 11:00:00,-1.1426879151694393,0.0008577659534719544
2017-01-01 11:00:00,-1.5675007528041693,0.002658017363142393
2017-01-01 11:00:00,-1.505766340712392,0.002724126054191556
2017-01-01 11:00:00,-0.6971649396613246,0.0004299201034663385
2017-01-01 11:00:00,0.25044836087741146,-0.0007481254036828601
2017-01-01 11:00:00,-0.2046491351285745,-2.6764401747189583e-05
2017-01-01 11:00:00,0.3992548098681412,-0.0007965494614703374
2017-01-01 11:00:00,0.2853671791142569,-0.0004757855014254452
2017-01-01 11:00:00,-1.0278174568856424,0.0007490682650681608
2017-01-01 11:00:00,-0.44680456652074557,-0.007225289299735073
2017-01-01 11:00:00,0.7393969246041765,-0.0020104270441827676
2017-01-01 11:00:00,-1.5160065863729468,0.0039153144276070665
2017-01-01 11:00:00,-0.49701219466281604,0.002770257392195644
2017-01-01 11:00:00,-0.4610990858819089,0.008217554131604394
2017-01-01 11:00:00,-0.9378220229149768,0.07346655481368568
2017-01-01 11:00:00,0.31847032235811357,0.005229297403506146
2017-01-01 11:00:00,0.622371705611014,-0.012439867527786327
2017-01-01 11:00:00,-0.37132901767934984,0.0038627403487733105
2017-01-01 11:00:00,-0.22779421836267627,-0.04467387259710643
2017-01-01 11:00:00,-0.4898605310050583,0.0035168565606789035
2017-01-01 11:00:00,0.8002428109298649,-0.003599087951872176
2017-01-01 11:00:00,-0.4804812716825275,-0.0007763950144532371
2017-01-01 11:00:00,0.7196220018733968,-0.0013138315948801858
2017-01-01 11:00:00,-0.39458152545723496,0.0003214872616298451
2017-01-01 12:00:00,-0.8400841466458381,0.0011046353899106418
2017-01-01 12:00:00,-0.7193854164319468,0.006414516966648138
2017-01-01 12:00:00,0.25228780184246014,-0.00814068852680468
2017-01-01 12:00:00,1.0324430567087304,-0.0013272814765277685
2017-01-01 12:00:00,-1.2499212356171534,0.008354718347295093
2017-01-01 12:00:00,0.1305197018912826,-0.012688926668663982
2017-01-01 12:00:00,0.5629387040359499,0.003200865342733702
2017-01-01 12:00:00,-1.3796554354673463,0.009323887776489941
2017-01-01 12:00:00,-0.3729295176196413,0.0012243281349009867
2017-01-01 12:00:00,-0.8003642258709129,0.0013138531625430556
2017-01-01 12:00:00,-1.019903827809641,0.0010437437117845165
2017-01-01 12:00:00,-1.2572597195000692,0.0018354332109464032
2017-01-01 12:00:00,-0.6123039720214476,0.00015781831126612274
2017-01-01 12:00:00,0.9063531191038204,-0.6725588684164668
2017-01-01 12:00:00,1.2244232996158977,0.7255651945363732
2017-01-01 12:00:00,0.10138540525872206,0.00021845371143136013
2017-01-01 12:00:00,0.7455039790640344,-0.11306722017100475
2017-01-01 12:00:00,-0.759622006824934,0.0004620523620150234
2017-01-01 12:00:00,-0.8195559339224959,-0.0004091460619165974
2017-01-01 12:00:00,0.030807565455518958,-0.00012503374465252823
2017-01-01 12:00:00,-0.7965149902268612,0.003159697592292918
2017-01-01 12:00:00,-1.4803577524938214,0.013642517739098161
2017-01-01 12:00:00,1.2343683055041699,-0.0013869653544687072
2017-01-01 12:00:00,0.012782804887208576,-8.621688269666137e-06
2017-01-01 12:00:00,0.8531469034203896,8.821620539402336e-05
2017-01-01 12:00:00,1.2829874572288367,-0.0013657551266040757
2017-01-01 12:00:00,-0.35684690284980836,0.0008652696612866958
2017-01-01 12:00:00,-1.1042615915351104,0.0006451105534262203
2017-01-01 12:00:00,0.3227569003027112,-0.0012964515129358803
2017-01-01 12:00:00,-0.4623948112145681,0.0004674119691318903
2017-01-01 12:00:00,-0.6985978196081559,-0.00043552734712303464
2017-01-01 12:00:00,-1.1426879151694393,0.0008577659534719544
2017-01-01 12:00:00,-1.5675007528041693,0.002658017363142393
2017-01-01 12:00:00,-1.505766340712392,0.002724126054191556
2017-01-01 12:00:00,-0.7127459841638195,0.0004306786409723747
2017-01-01 12:00:00,0.1569620938624422,-0.0007435741786466428
2017-01-01 12:00:00,-0.1890680906260796,-2.75229392532258e-05
2017-01-01 12:00:00,0.3992548098681412,-0.0007965494614703374
2017-01-01 12:00:00,0.34769135712423643,-0.0004788196514495901
2017-01-01 12:00:00,-1.0122364123831475,0.0007483097275621245
2017-01-01 12:00:00,-0.41564247751575584,-0.007226806374747145
2017-01-01 12:00:00,0.8017211026141561,-0.0020134611942069125
2017-01-01 12:00:00,-1.5160065863729468,0.0039153144276070665
2017-01-01 12:00:00,-0.43468801665283646,0.002767223242171499
2017-01-01 12:00:00,-0.4610990858819089,0.008217554131604394
2017-01-01 12:00:00,-0.9378220229149768,0.07346655481368568
2017-01-01 12:00:00,0.34963241136310336,0.0052277803284940735
2017-01-01 12:00:00,0.7158579726259833,-0.012444418752822546
2017-01-01 12:00:00,-0.37132901767934984,0.0038627403487733105
2017-01-01 12:00:00,-0.1966321293576865,-0.0446753896721185
2017-01-01 12:00:00,-0.45869844200006843,0.003515339485666831
2017-01-01 12:00:00,0.6755944549099059,-0.003593019651823884
2017-01-01 12:00:00,-0.5428054496925072,-0.0007733608644290905
2017-01-01 12:00:00,0.6884599128684069,-0.0013123145198681132
2017-01-01 12:00:00,-0.47248674796970935,0.00032527994916002617
2017-01-01 13:00:00,-0.7310168351283739,0.0010993256273683883
2017-01-01 13:00:00,-0.7505475054369365,0.00641603404166021
2017-01-01 13:00:00,0.22112571283747048,-0.008139171451792607
2017-01-01 13:00:00,0.9701188786987494,-0.0013242473265036218
2017-01-01 13:00:00,-1.2343401911146585,0.008353959809789056
2017-01-01 13:00:00,0.09935761288629284,-0.012687409593651909
2017-01-01 13:00:00,0.4850334815234757,0.003204658030263883
2017-01-01 13:00:00,-1.3952364799698413,0.009324646313995977
2017-01-01 13:00:00,-0.419672651127126,0.0012266037474190953
2017-01-01 13:00:00,-0.8938504928858821,0.001318404387579273
2017-01-01 13:00:00,-0.9887417388046527,0.001042226636772444
2017-01-01 13:00:00,-1.272840764002564,0.0018361917484524394
2017-01-01 13:00:00,-0.5499797940114681,0.00015478416124197787
2017-01-01 13:00:00,0.7505426740788717,-0.6725512830414065
2017-01-01 13:00:00,1.2244232996158977,0.7255651945363732
2017-01-01 13:00:00,0.10138540525872206,0.00021845371143136013
2017-01-01 13:00:00,0.7455039790640344,-0.11306722017100475
2017-01-01 13:00:00,-0.759622006824934,0.0004620523620150234
2017-01-01 13:00:00,-0.7416507114100216,-0.00041293874944677846
2017-01-01 13:00:00,0.030807565455518958,-0.00012503374465252823
2017-01-01 13:00:00,-0.8432581237343458,0.003161973204811027
2017-01-01 13:00:00,-1.4803577524938214,0.013642517739098161
2017-01-01 13:00:00,1.2811114390116547,-0.0013892409669868158
2017-01-01 13:00:00,0.028363849389703478,-9.380225775702355e-06
2017-01-01 13:00:00,0.8531469034203896,8.821620539402336e-05
2017-01-01 13:00:00,1.2985685017313315,-0.001366513664110112
2017-01-01 13:00:00,-0.3256848138448186,0.0008637525862746233
2017-01-01 13:00:00,-1.0730995025301204,0.0006435934784141478
2017-01-01 13:00:00,0.4162431673176805,-0.0013010027379720976
2017-01-01 13:00:00,-0.44681376671207323,0.00046665343162585407
2017-01-01 13:00:00,-0.6830167751056611,-0.00043628588462907086
2017-01-01 13:00:00,-1.1582689596719342,0.0008585244909779906
2017-01-01 13:00:00,-1.5675007528041693,0.002658017363142393
2017-01-01 13:00:00,-1.505766340712392,0.002724126054191556
2017-01-01 13:00:00,-0.7127459841638195,0.0004306786409723747
2017-01-01 13:00:00,0.1258000048574525,-0.0007420571036345704
2017-01-01 13:00:00,-0.26697331313855416,-2.3730251723044716e-05
2017-01-01 13:00:00,0.3525116763606566,-0.0007942738489522288
2017-01-01 13:00:00,0.4255965796367109,-0.00048261233897977117
2017-01-01 13:00:00,-1.0278174568856424,0.0007490682650681608
2017-01-01 13:00:00,-0.4312235220182507,-0.007226047837241109
2017-01-01 13:00:00,0.7393969246041765,-0.0020104270441827676
2017-01-01 13:00:00,-1.5160065863729468,0.0039153144276070665
2017-01-01 13:00:00,-0.4658501056578262,0.0027687403171835715
2017-01-01 13:00:00,-0.4610990858819089,0.008217554131604394
2017-01-01 13:00:00,-0.9378220229149768,0.07346655481368568
2017-01-01 13:00:00,0.31847032235811357,0.005229297403506146
2017-01-01 13:00:00,0.622371705611014,-0.012439867527786327
2017-01-01 13:00:00,-0.37132901767934984,0.0038627403487733105
2017-01-01 13:00:00,-0.22779421836267627,-0.04467387259710643
2017-01-01 13:00:00,-0.4898605310050583,0.0035168565606789035
2017-01-01 13:00:00,0.7690807219248752,-0.0035975708768601036
2017-01-01 13:00:00,-0.4649002271800326,-0.0007771535519592734
2017-01-01 13:00:00,0.5170684233409633,-0.001303970607301713
2017-01-01 13:00:00,-0.5036488369746994,0.00032679702417210034
2017-01-01 14:00:00,-0.7933410131383535,0.0011023597773925332
2017-01-01 14:00:00,-0.8128716834469161,0.006419068191684355
2017-01-01 14:00:00,0.22112571283747048,-0.008139171451792607
2017-01-01 14:00:00,0.8143084336738005,-0.0013166619514432597
2017-01-01 14:00:00,-1.2810833246221434,0.008356235422307165
2017-01-01 14:00:00,0.09935761288629284,-0.012687409593651909
2017-01-01 14:00:00,0.4071282590110013,0.003208450717794064
2017-01-01 14:00:00,-1.3952364799698413,0.009324646313995977
2017-01-01 14:00:00,-0.419672651127126,0.0012266037474190953
2017-01-01 14:00:00,-0.8938504928858821,0.001318404387579273
2017-01-01 14:00:00,-1.0666469613171257,0.0010460193243026251
2017-01-01 14:00:00,-1.272840764002564,0.0018361917484524394
2017-01-01 14:00:00,-0.47207457149899357,0.0001509914737117968
2017-01-01 14:00:00,0.9842583416162949,-0.6725626611039971
2017-01-01 14:00:00,1.411395833645836,0.7255560920863008
2017-01-01 14:00:00,0.19487167227369132,0.00021390248639514283
2017-01-01 14:00:00,0.9792196466014577,-0.11307859823359528
2017-01-01 14:00:00,-0.7128788733174493,0.00045977674949691474
2017-01-01 14:00:00,-0.6637454888975471,-0.00041673143697695955
2017-01-01 14:00:00,0.12429383247048834,-0.00012958496968874553
2017-01-01 14:00:00,-0.8900012572418304,0.0031642488173291355
2017-01-01 14:00:00,-1.5115198414988114,0.013644034814110233
2017-01-01 14:00:00,1.2966924835141496,-0.001389999504492852
2017-01-01 14:00:00,0.10626907190217795,-1.3172913305883436e-05
2017-01-01 14:00:00,0.7752416809079151,9.200889292420444e-05
2017-01-01 14:00:00,1.4076358132487956,-0.0013718234266523654
2017-01-01 14:00:00,-0.29452272483982883,0.0008622355112625509
2017-01-01 14:00:00,-1.0419374135251307,0.0006420764034020754
2017-01-01 14:00:00,0.5097294343326499,-0.001305553963008315
2017-01-01 14:00:00,-0.40007063320458863,0.0004643778191077454
2017-01-01 14:00:00,-0.6206925970956815,-0.0004393200346532157
2017-01-01 14:00:00,-1.1271068706669447,0.0008570074159659182
2017-01-01 14:00:00,-1.5519197083016742,0.002657258825636356
2017-01-01 14:00:00,-1.505766340712392,0.002724126054191556
2017-01-01 14:00:00,-0.6504218061538399,0.00042764449094822985
2017-01-01 14:00:00,0.07905687134996783,-0.0007397814911164617
2017-01-01 14:00:00,-0.26697331313855416,-2.3730251723044716e-05
2017-01-01 14:00:00,0.3992548098681412,-0.0007965494614703374
2017-01-01 14:00:00,0.4567586686417006,-0.0004841294139918436
2017-01-01 14:00:00,-1.0122364123831475,0.0007483097275621245
2017-01-01 14:00:00,-0.4312235220182507,-0.007226047837241109
2017-01-01 14:00:00,0.8017211026141561,-0.0020134611942069125
2017-01-01 14:00:00,-1.5160065863729468,0.0039153144276070665
2017-01-01 14:00:00,-0.4191069721503416,0.002766464704665463
2017-01-01 14:00:00,-0.5545853528968785,0.008222105356640613
2017-01-01 14:00:00,-0.9378220229149768,0.07346655481368568
2017-01-01 14:00:00,0.25614614434813404,0.005232331553530293
2017-01-01 14:00:00,0.8093442396409527,-0.012448969977858763
2017-01-01 14:00:00,-0.40249110668433963,0.003864257423785383
2017-01-01 14:00:00,-0.22779421836267627,-0.04467387259710643
2017-01-01 14:00:00,-0.39637426399008896,0.0035123053356426862
2017-01-01 14:00:00,0.7690807219248752,-0.0035975708768601036
2017-01-01 14:00:00,-0.4649002271800326,-0.0007771535519592734
2017-01-01 14:00:00,-0.4177942468087297,-0.0012584583569395366
2017-01-01 14:00:00,-0.5036488369746994,0.00032679702417210034
2017-01-01 15:00:00,-0.8245031021433432,0.0011038768524046056
2017-01-01 15:00:00,-0.8128716834469161,0.006419068191684355
2017-01-01 15:00:00,0.1276394458225012,-0.00813462022675639
2017-01-01 15:00:00,0.8298894781762954,-0.001317420488949296
2017-01-01 15:00:00,-1.2655022801196483,0.008355476884801129
2017-01-01 15:00:00,0.16168179089627233,-0.012690443743676054
2017-01-01 15:00:00,0.3603851255035166,0.0032107263303121727
2017-01-01 15:00:00,-1.4108175244723362,0.009325404851502014
2017-01-01 15:00:00,-0.419672651127126,0.0012266037474190953
2017-01-01 15:00:00,-0.8938504928858821,0.001318404387579273
2017-01-01 15:00:00,-1.0822280058196205,0.0010467778618086614
2017-01-01 15:00:00,-1.2884218085050592,0.0018369502859584756
2017-01-01 15:00:00,-0.47207457149899357,0.0001509914737117968
2017-01-01 15:00:00,0.9842583416162949,-0.6725626611039971
2017-01-01 15:00:00,1.2711664331233823,0.7255629189238552
2017-01-01 15:00:00,0.2571958502836707,0.00021086833637099796
2017-01-01 15:00:00,0.9792196466014577,-0.11307859823359528
2017-01-01 15:00:00,-0.6661357398099645,0.0004575011369788061
2017-01-01 15:00:00,-0.6325833998925573,-0.000418248511989032
2017-01-01 15:00:00,0.12429383247048834,-0.00012958496968874553
2017-01-01 15:00:00,-0.9211633462468202,0.0031657658923412097
2017-01-01 15:00:00,-1.5271008860013062,0.01364479335161627
2017-01-01 15:00:00,1.3745977060266241,-0.0013937921920230331
2017-01-01 15:00:00,0.19975533891714722,-1.7724138342100737e-05
2017-01-01 15:00:00,0.7596606364054203,9.276743043024066e-05
2017-01-01 15:00:00,1.4543789467562804,-0.001374099039170474
2017-01-01 15:00:00,-0.29452272483982883,0.0008622355112625509
2017-01-01 15:00:00,-1.0419374135251307,0.0006420764034020754
2017-01-01 15:00:00,0.5097294343326499,-0.001305553963008315
2017-01-01 15:00:00,-0.40007063320458863,0.0004643778191077454
2017-01-01 15:00:00,-0.6206925970956815,-0.0004393200346532157
2017-01-01 15:00:00,-1.1115258261644498,0.000856248878459882
2017-01-01 15:00:00,-1.5519197083016742,0.002657258825636356
2017-01-01 15:00:00,-1.505766340712392,0.002724126054191556
2017-01-01 15:00:00,-0.6504218061538399,0.00042764449094822985
2017-01-01 15:00:00,0.1258000048574525,-0.0007420571036345704
2017-01-01 15:00:00,-0.34487853565102855,-1.9937564192863634e-05
2017-01-01 15:00:00,0.3992548098681412,-0.0007965494614703374
2017-01-01 15:00:00,0.5346638911541748,-0.0004879221015220247
2017-01-01 15:00:00,-0.965493278875664,0.0007460341150440159
2017-01-01 15:00:00,-0.3844803885107661,-0.007228323449759218
2017-01-01 15:00:00,0.8017211026141561,-0.0020134611942069125
2017-01-01 15:00:00,-1.5160065863729468,0.0039153144276070665
2017-01-01 15:00:00,-0.3879448831453518,0.0027649476296533904
2017-01-01 15:00:00,-0.5545853528968785,0.008222105356640613
2017-01-01 15:00:00,-0.9378220229149768,0.07346655481368568
2017-01-01 15:00:00,0.25614614434813404,0.005232331553530293
2017-01-01 15:00:00,0.8093442396409527,-0.012448969977858763
2017-01-01 15:00:00,-0.40249110668433963,0.003864257423785383
2017-01-01 15:00:00,-0.22779421836267627,-0.04467387259710643
2017-01-01 15:00:00,-0.39637426399008896,0.0035123053356426862
2017-01-01 15:00:00,0.7690807219248752,-0.0035975708768601036
2017-01-01 15:00:00,-0.41815709367254794,-0.000779429164477382
2017-01-01 15:00:00,-0.49569946932120434,-0.0012546656694093538
2017-01-01 15:00:00,-0.5503919704821841,0.000329072636690209
2017-01-01 16:00:00,-0.8245031021433432,0.0011038768524046056
2017-01-01 16:00:00,-0.8284527279494109,0.006419826729190391
2017-01-01 16:00:00,0.1276394458225012,-0.00813462022675639
2017-01-01 16:00:00,1.0480241012112252,-0.0013280400140338047
2017-01-01 16:00:00,-1.2187591466121637,0.00835320127228302
2017-01-01 16:00:00,0.16168179089627233,-0.012690443743676054
2017-01-01 16:00:00,0.3603851255035166,0.0032107263303121727
2017-01-01 16:00:00,-1.4108175244723362,0.009325404851502014
2017-01-01 16:00:00,-0.49757787363960043,0.0012303964349492764
2017-01-01 16:00:00,-0.9561746708958618,0.0013214385376034178
2017-01-01 16:00:00,-1.0822280058196205,0.0010467778618086614
2017-01-01 16:00:00,-1.2884218085050592,0.0018369502859584756
2017-01-01 16:00:00,-0.47207457149899357,0.0001509914737117968
2017-01-01 16:00:00,0.844028941093841,-0.6725558342664427
2017-01-01 16:00:00,1.458138967153321,0.7255538164737827
2017-01-01 16:00:00,0.3195200282936502,0.00020783418634685136
2017-01-01 16:00:00,0.932476513093973,-0.11307632262107718
2017-01-01 16:00:00,-0.7284599178199441,0.00046053528700295095
2017-01-01 16:00:00,-0.6170023553900624,-0.0004190070494950682
2017-01-01 16:00:00,0.15545592147547801,-0.00013110204470081796
2017-01-01 16:00:00,-0.9211633462468202,0.0031657658923412097
2017-01-01 16:00:00,-1.5115198414988114,0.013644034814110233
2017-01-01 16:00:00,1.3745977060266241,-0.0013937921920230331
2017-01-01 16:00:00,0.18417429441465233,-1.696560083606452e-05
2017-01-01 16:00:00,0.7596606364054203,9.276743043024066e-05
2017-01-01 16:00:00,1.4543789467562804,-0.001374099039170474
2017-01-01 16:00:00,-0.29452272483982883,0.0008622355112625509
2017-01-01 16:00:00,-1.0575184580276256,0.0006428349409081116
2017-01-01 16:00:00,0.4941483898301549,-0.0013047954255022787
2017-01-01 16:00:00,-0.3533274996971039,0.00046210220658963677
2017-01-01 16:00:00,-0.5583684190857019,-0.0004423541846773606
2017-01-01 16:00:00,-1.1271068706669447,0.0008570074159659182
2017-01-01 16:00:00,-1.5519197083016742,0.002657258825636356
2017-01-01 16:00:00,-1.505766340712392,0.002724126054191556
2017-01-01 16:00:00,-0.6815838951588298,0.0004291615659603023
2017-01-01 16:00:00,0.07905687134996783,-0.0007397814911164617
2017-01-01 16:00:00,-0.3292974911485337,-2.069610169889985e-05
2017-01-01 16:00:00,0.3680927208631515,-0.000795032386458265
2017-01-01 16:00:00,0.4723397131441955,-0.0004848879514978798
2017-01-01 16:00:00,-0.965493278875664,0.0007460341150440159
2017-01-01 16:00:00,-0.3533182995057763,-0.00722984052477129
2017-01-01 16:00:00,0.7393969246041765,-0.0020104270441827676
2017-01-01 16:00:00,-1.5160065863729468,0.0039153144276070665
2017-01-01 16:00:00,-0.37236383864285694,0.002764189092147354
2017-01-01 16:00:00,-0.5545853528968785,0.008222105356640613
2017-01-01 16:00:00,-0.9689841119199666,0.07346807188869775
2017-01-01 16:00:00,0.16265987733316487,0.00523688277856651
2017-01-01 16:00:00,0.8405063286459424,-0.012450487052870836
2017-01-01 16:00:00,-0.43365319568932936,0.0038657744987974554
2017-01-01 16:00:00,-0.25895630736766617,-0.04467235552209436
2017-01-01 16:00:00,-0.36521217498509917,0.003510788260630614
2017-01-01 16:00:00,0.7690807219248752,-0.0035975708768601036
2017-01-01 16:00:00,-0.41815709367254794,-0.000779429164477382
2017-01-01 16:00:00,-0.5891857363361737,-0.0012501144443731365
2017-01-01 16:00:00,-0.5503919704821841,0.000329072636690209
2017-01-01 17:00:00,-0.7777599686358585,0.001101601239886497
2017-01-01 17:00:00,-0.8128716834469161,0.006419068191684355
2017-01-01 17:00:00,0.48600346937988337,-0.008152066589395225
2017-01-01 17:00:00,2.5905475069582176,-0.001403135227131397
2017-01-01 17:00:00,-1.296664369124638,0.008356993959813201
2017-01-01 17:00:00,0.16168179089627233,-0.012690443743676054
2017-01-01 17:00:00,0.3603851255035166,0.0032107263303121727
2017-01-01 17:00:00,-1.4108175244723362,0.009325404851502014
2017-01-01 17:00:00,-0.49757787363960043,0.0012303964349492764
2017-01-01 17:00:00,-0.9717557153983566,0.001322197075109454
2017-01-01 17:00:00,-1.0822280058196205,0.0010467778618086614
2017-01-01 17:00:00,-1.2884218085050592,0.0018369502859584756
2017-01-01 17:00:00,-0.47207457149899357,0.0001509914737117968
2017-01-01 17:00:00,0.844028941093841,-0.6725558342664427
2017-01-01 17:00:00,1.411395833645836,0.7255560920863008
2017-01-01 17:00:00,0.35068211729864,0.00020631711133477893
2017-01-01 17:00:00,0.9792196466014577,-0.11307859823359528
2017-01-01 17:00:00,-0.6817167843124595,0.0004582596744848423
2017-01-01 17:00:00,-0.5702592218825778,-0.00042128266201317684
2017-01-01 17:00:00,0.12429383247048834,-0.00012958496968874553
2017-01-01 17:00:00,-0.9367443907493151,0.003166524429847246
2017-01-01 17:00:00,-1.5271008860013062,0.01364479335161627
2017-01-01 17:00:00,1.3745977060266241,-0.0013937921920230331
2017-01-01 17:00:00,0.18417429441465233,-1.696560083606452e-05
2017-01-01 17:00:00,0.6817554138929458,9.656011796042174e-05
2017-01-01 17:00:00,1.4543789467562804,-0.001374099039170474
2017-01-01 17:00:00,-0.23219854682984914,0.000859201361238406
2017-01-01 17:00:00,-1.0575184580276256,0.0006428349409081116
2017-01-01 17:00:00,0.4941483898301549,-0.0013047954255022787
2017-01-01 17:00:00,-0.36890854419959884,0.000462860744095673
2017-01-01 17:00:00,-0.5427873745832071,-0.0004431127221833968
2017-01-01 17:00:00,-1.5519197083016742,0.002657258825636356
2017-01-01 17:00:00,-1.505766340712392,0.002724126054191556
2017-01-01 17:00:00,-0.6660028506563348,0.00042840302845426607
2017-01-01 17:00:00,0.01673269333998825,-0.0007367473410923169
2017-01-01 17:00:00,-0.0020955565961409935,-3.662538932566213e-05
2017-01-01 17:00:00,0.3992548098681412,-0.0007965494614703374
2017-01-01 17:00:00,0.4567586686417006,-0.0004841294139918436
2017-01-01 17:00:00,-0.965493278875664,0.0007460341150440159
2017-01-01 17:00:00,-0.3844803885107661,-0.007228323449759218
2017-01-01 17:00:00,0.661491702091702,-0.0020066343566525844
2017-01-01 17:00:00,-1.5160065863729468,0.0039153144276070665
2017-01-01 17:00:00,-0.4191069721503416,0.002766464704665463
2017-01-01 17:00:00,-0.6792337089168375,0.008228173656688903
2017-01-01 17:00:00,-1.0001462009249564,0.07346958896370982
2017-01-01 17:00:00,0.2249840553431444,0.005233848628542365
2017-01-01 17:00:00,0.8716684176509322,-0.012452004127882908
2017-01-01 17:00:00,-0.43365319568932936,0.0038657744987974554
2017-01-01 17:00:00,-0.25895630736766617,-0.04467235552209436
2017-01-01 17:00:00,-0.36521217498509917,0.003510788260630614
2017-01-01 17:00:00,0.8158238554323599,-0.0035998464893782123
2017-01-01 17:00:00,-0.5895485831999918,-0.0007710852519109819
2017-01-01 17:00:00,-0.5036488369746994,0.00032679702417210034
2017-01-01 18:00:00,-0.6842737016208893,0.0010970500148502797
2017-01-01 18:00:00,-0.7972906389444212,0.006418309654178319
2017-01-01 18:00:00,0.5639086918923577,-0.008155859276925406
2017-01-01 18:00:00,2.5282233289482376,-0.0014001010771072522
2017-01-01 18:00:00,-1.2655022801196483,0.008355476884801129
2017-01-01 18:00:00,0.16168179089627233,-0.012690443743676054
2017-01-01 18:00:00,0.3603851255035166,0.0032107263303121727
2017-01-01 18:00:00,-1.4108175244723362,0.009325404851502014
2017-01-01 18:00:00,-0.49757787363960043,0.0012303964349492764
2017-01-01 18:00:00,-0.9405936263933669,0.0013206800000973816
2017-01-01 18:00:00,-1.0822280058196205,0.0010467778618086614
2017-01-01 18:00:00,-1.2884218085050592,0.0018369502859584756
2017-01-01 18:00:00,-0.3941693489865192,0.0001471987861816157
2017-01-01 18:00:00,0.9842583416162949,-0.6725626611039971
2017-01-01 18:00:00,1.426976878148331,0.7255553335487948
2017-01-01 18:00:00,0.4130062953086196,0.00020328296131063406
2017-01-01 18:00:00,0.9792196466014577,-0.11307859823359528
2017-01-01 18:00:00,-0.6817167843124595,0.0004582596744848423
2017-01-01 18:00:00,-0.4767729548676083,-0.0004258338870493959
2017-01-01 18:00:00,0.23336114398795244,-0.00013489473223099905
2017-01-01 18:00:00,-0.9211633462468202,0.0031657658923412097
2017-01-01 18:00:00,-1.5271008860013062,0.01364479335161627
2017-01-01 18:00:00,1.3745977060266241,-0.0013937921920230331
2017-01-01 18:00:00,0.16859324991215743,-1.6207063330028304e-05
2017-01-01 18:00:00,0.6817554138929458,9.656011796042174e-05
2017-01-01 18:00:00,1.4543789467562804,-0.001374099039170474
2017-01-01 18:00:00,-0.21661750232735424,0.0008584428237323698
2017-01-01 18:00:00,-1.0263563690226358,0.0006413178658960392
2017-01-01 18:00:00,0.4941483898301549,-0.0013047954255022787
2017-01-01 18:00:00,-0.2910033216871244,0.0004590680565654919
2017-01-01 18:00:00,-0.5583684190857019,-0.0004423541846773606
2017-01-01 18:00:00,-1.5675007528041693,0.002658017363142393
2017-01-01 18:00:00,-1.505766340712392,0.002724126054191556
2017-01-01 18:00:00,-0.6660028506563348,0.00042840302845426607
2017-01-01 18:00:00,0.1725431383649371,-0.000744332716152679
2017-01-01 18:00:00,-0.282554357641049,-2.29717142170085e-05
2017-01-01 18:00:00,0.3680927208631515,-0.000795032386458265
2017-01-01 18:00:00,0.5035018021491852,-0.00048640502650995225
2017-01-01 18:00:00,-0.965493278875664,0.0007460341150440159
2017-01-01 18:00:00,-0.3221562105007865,-0.007231357599783363
2017-01-01 18:00:00,0.6926537910966918,-0.0020081514316646586
2017-01-01 18:00:00,-1.5160065863729468,0.0039153144276070665
2017-01-01 18:00:00,-0.4035259276478467,0.0027657061671594266
2017-01-01 18:00:00,-0.5857474419018682,0.008223622431652686
2017-01-01 18:00:00,-0.9689841119199666,0.07346807188869775
2017-01-01 18:00:00,0.28730823335312383,0.005230814478518218
2017-01-01 18:00:00,-0.40249110668433963,0.003864257423785383
2017-01-01 18:00:00,-0.040821684332737626,-0.044682975047178865
2017-01-01 18:00:00,-0.39637426399008896,0.0035123053356426862
2017-01-01 18:00:00,0.9716343004573087,-0.0036074318644385745
2017-01-01 18:00:00,-0.4960623161850226,-0.0007756364769471992
2017-01-01 18:00:00,-0.5112805138236992,-0.0012539071319033175
2017-01-01 18:00:00,-0.5036488369746994,0.00032679702417210034
2017-01-01 19:00:00,-0.6531116126158995,0.0010955329398382072
2017-01-01 19:00:00,-0.7193854164319468,0.006414516966648138
2017-01-01 19:00:00,0.48600346937988337,-0.008152066589395225
2017-01-01 19:00:00,1.873819459843454,-0.0013682425018537276
2017-01-01 19:00:00,-1.2499212356171534,0.008354718347295093
2017-01-01 19:00:00,0.16168179089627233,-0.012690443743676054
2017-01-01 19:00:00,0.5941007930409397,0.0031993482677216277
2017-01-01 19:00:00,-1.4108175244723362,0.009325404851502014
2017-01-01 19:00:00,-0.419672651127126,0.0012266037474190953
2017-01-01 19:00:00,-0.8782694483833874,0.0013176458500732367
2017-01-01 19:00:00,-1.0043227833071464,0.0010429851742784803
2017-01-01 19:00:00,-1.2884218085050592,0.0018369502859584756
2017-01-01 19:00:00,-0.14487263694660082,0.0001350621860850345
2017-01-01 19:00:00,1.9035399672634945,-0.6726074148168532
2017-01-01 19:00:00,1.9255703022281674,0.7255310603486016
2017-01-01 19:00:00,0.6467219628460428,0.00019190489872009082
2017-01-01 19:00:00,1.368745759163831,-0.1130975616712462
2017-01-01 19:00:00,-0.5259063392875106,0.00045067429942448036
2017-01-01 19:00:00,-0.4300298213601236,-0.00042810949956750453
2017-01-01 19:00:00,0.35800950000791143,-0.0001409630322792905
2017-01-01 19:00:00,-0.8900012572418304,0.0031642488173291355
2017-01-01 19:00:00,-1.5115198414988114,0.013644034814110233
2017-01-01 19:00:00,1.9355153081164398,-0.0014210995422403404
2017-01-01 19:00:00,0.2620795169271266,-2.0758288366245603e-05
2017-01-01 19:00:00,1.3205782384952374,6.546008021293513e-05
2017-01-01 19:00:00,1.9373913263336218,-0.0013976137018576003
2017-01-01 19:00:00,-0.060807057302405376,0.0008508574486720059
2017-01-01 19:00:00,-1.010775324520141,0.000640559328390003
2017-01-01 19:00:00,0.6187967458501139,-0.0013108637255505684
2017-01-01 19:00:00,-0.22867914367714473,0.00045603390654134704
2017-01-01 19:00:00,-0.4960442410757226,-0.00044538833470150546
2017-01-01 19:00:00,-1.064782692656965,0.0008539732659417733
2017-01-01 19:00:00,-1.5363386637991794,0.00265650028813032
2017-01-01 19:00:00,-1.505766340712392,0.002724126054191556
2017-01-01 19:00:00,-0.6971649396613246,0.0004299201034663385
2017-01-01 19:00:00,0.1569620938624422,-0.0007435741786466428
2017-01-01 19:00:00,0.6797136109130489,-0.0008102031365789911
2017-01-01 19:00:00,0.6437312026716391,-0.0004932318640642783
2017-01-01 19:00:00,-0.9499122343731693,0.0007452755775379797
2017-01-01 19:00:00,-0.27541307699330186,-0.007233633212301471
2017-01-01 19:00:00,1.0198557256490857,-0.0020240807192914195
2017-01-01 19:00:00,-1.5160065863729468,0.0039153144276070665
2017-01-01 19:00:00,-0.37236383864285694,0.002764189092147354
2017-01-01 19:00:00,-0.18064028483700087,0.008203900456495742
2017-01-01 19:00:00,-0.782011577890028,0.0734589694386253
2017-01-01 19:00:00,0.8793879244479292,0.0052019900532888404
2017-01-01 19:00:00,1.0898030406858616,-0.012462623652967417
2017-01-01 19:00:00,0.033778139385517325,0.003843018373616367
2017-01-01 19:00:00,0.0838266716872215,-0.044689043347227154
2017-01-01 19:00:00,-0.08475337394019104,0.00349713458552196
2017-01-01 19:00:00,1.0495395229697844,-0.0036112245519687555
2017-01-01 19:00:00,-0.4493191826775377,-0.0007779120894653096
2017-01-01 19:00:00,-0.5112805138236992,-0.0012539071319033175
2017-01-01 19:00:00,-0.5036488369746994,0.00032679702417210034
2017-01-01 20:00:00,-0.3726528115709914,0.0010818792647295536
2017-01-01 20:00:00,-0.43892661538703875,0.006400863291539486
2017-01-01 20:00:00,0.5639086918923577,-0.008155859276925406
2017-01-01 20:00:00,1.4063881247686074,-0.0013454863766726394
2017-01-01 20:00:00,-1.2810833246221434,0.008356235422307165
2017-01-01 20:00:00,0.5044647699511597,-0.012707131568808852
2017-01-01 20:00:00,1.0615321281157872,0.003176592142540539
2017-01-01 20:00:00,-1.4108175244723362,0.009325404851502014
2017-01-01 20:00:00,0.06333972845021567,0.0012030890847319709
2017-01-01 20:00:00,-0.5354864693284999,0.0013009580249404382
2017-01-01 20:00:00,-0.801769204774714,0.0010331241867000095
2017-01-01 20:00:00,-1.1326113634801103,0.0018293649108981134
2017-01-01 20:00:00,0.04209989708333782,0.00012595973601259828
2017-01-01 20:00:00,2.090512501293432,-0.6726165172669256
2017-01-01 20:00:00,2.4241637263080027,0.7255067871484084
2017-01-01 20:00:00,0.8336944968759814,0.00018280244864765448
2017-01-01 20:00:00,1.7894339607311927,-0.11311804218390918
2017-01-01 20:00:00,-0.4168390277700463,0.0004453645368822251
2017-01-01 20:00:00,-0.2898004208376696,-0.0004349363371218305
2017-01-01 20:00:00,0.654049345555314,-0.00015537524489397865
2017-01-01 20:00:00,-0.7653529012218715,0.0031581805172808458
2017-01-01 20:00:00,-1.4803577524938214,0.013642517739098161
2017-01-01 20:00:00,2.091325753141388,-0.0014286849173007026
2017-01-01 20:00:00,0.30882265043461127,-2.3033900884355987e-05
2017-01-01 20:00:00,1.4140645055102068,6.090885517671784e-05
2017-01-01 20:00:00,2.1243638603635597,-0.0014067161519300349
2017-01-01 20:00:00,-0.014063923794920743,0.0008485818361538973
2017-01-01 20:00:00,-1.010775324520141,0.000640559328390003
2017-01-01 20:00:00,0.8836745023925271,-0.0013237588631531858
2017-01-01 20:00:00,-0.1507739211646703,0.00045224121901116596
2017-01-01 20:00:00,-0.3713958850557632,-0.0004514566347497969
2017-01-01 20:00:00,-0.9712964256419971,0.000849422040905556
2017-01-01 20:00:00,-1.5207576192966847,0.0026557417506242837
2017-01-01 20:00:00,-1.474604251707402,0.0027226089791794836
2017-01-01 20:00:00,-0.4322871831189113,0.0004170249658637211
2017-01-01 20:00:00,0.6555555179422782,-0.0007678473788398035
2017-01-01 20:00:00,0.23162011094128226,-4.800345191620538e-05
2017-01-01 20:00:00,1.131563901485402,-0.0008322007242540433
2017-01-01 20:00:00,1.1267435822489817,-0.0005167465267514043
2017-01-01 20:00:00,-0.7785207448457254,0.0007369316649715796
2017-01-01 20:00:00,-0.10402158746585795,-0.007241977124867871
2017-01-01 20:00:00,1.3314766156989835,-0.0020392514694121456
2017-01-01 20:00:00,-1.5160065863729468,0.0039153144276070665
2017-01-01 20:00:00,-0.20097234911541303,0.002755845179580956
2017-01-01 20:00:00,-0.1183161068270213,0.008200866306471596
2017-01-01 20:00:00,-0.6885253108750587,0.07345441821358908
2017-01-01 20:00:00,1.2533329925078078,0.0051837851531439695
2017-01-01 20:00:00,1.588396464765698,-0.012486896853160578
2017-01-01 20:00:00,0.1272644064004866,0.00383846714858015
2017-01-01 20:00:00,0.36428547273212925,-0.044702697022335806
2017-01-01 20:00:00,0.07105707108475781,0.003489549210461598
2017-01-01 20:00:00,1.6416192140645898,-0.003640048977198135
2017-01-01 20:00:00,-0.059793070115165395,-0.0007968755271162167
2017-01-01 20:00:00,-0.43337529131122454,-0.0012576998194335004
2017-01-01 20:00:00,-0.254352124934781,0.00031466042407551914
2017-01-01 21:00:00,-0.4038149005759812,0.001083396339741626
2017-01-01 21:00:00,-0.4233455708845439,0.00640010475403345
2017-01-01 21:00:00,0.5639086918923577,-0.008155859276925406
2017-01-01 21:00:00,1.0791861902162148,-0.001329557089045877
2017-01-01 21:00:00,-1.296664369124638,0.008356993959813201
2017-01-01 21:00:00,0.6446941704736135,-0.012713958406363178
2017-01-01 21:00:00,0.9836269056033118,0.00318038483007072
2017-01-01 21:00:00,-1.3484933464623567,0.009322370701477869
2017-01-01 21:00:00,-0.12363280557972295,0.0012121915348044055
2017-01-01 21:00:00,-0.5978106473384794,0.001303992174964583
2017-01-01 21:00:00,-0.801769204774714,0.0010331241867000095
2017-01-01 21:00:00,-1.1326113634801103,0.0018293649108981134
2017-01-01 21:00:00,-0.03580532542913661,0.0001297524235427811
2017-01-01 21:00:00,2.074931456790937,-0.6726157587294196
2017-01-01 21:00:00,2.6111362603379416,0.725497684698336
2017-01-01 21:00:00,0.9427618083934456,0.00017749268610540097
2017-01-01 21:00:00,1.9296633612536467,-0.1131248690214635
2017-01-01 21:00:00,-0.33893380525757183,0.00044157184935204424
2017-01-01 21:00:00,-0.27421937633517474,-0.0004356948746278667
2017-01-01 21:00:00,0.7475356125702833,-0.0001599264699301977
2017-01-01 21:00:00,-0.7030287232118919,0.003155146367256701
2017-01-01 21:00:00,-1.4647767079913265,0.013641759201592125
2017-01-01 21:00:00,2.3873655986887905,-0.0014430971299153924
2017-01-01 21:00:00,0.2932416059321164,-2.227536337831977e-05
2017-01-01 21:00:00,1.5854559950376506,5.256494261031772e-05
2017-01-01 21:00:00,2.498308928423437,-0.0014249210520749058
2017-01-01 21:00:00,-0.014063923794920743,0.0008485818361538973
2017-01-01 21:00:00,-1.0263563690226358,0.0006413178658960392
2017-01-01 21:00:00,0.8836745023925271,-0.0013237588631531858
2017-01-01 21:00:00,-0.16635496566716518,0.00045299975651720217
2017-01-01 21:00:00,-0.32465275154827855,-0.00045373224726790557
2017-01-01 21:00:00,-0.9868774701444921,0.0008501805784115922
2017-01-01 21:00:00,-1.5207576192966847,0.0026557417506242837
2017-01-01 21:00:00,-1.474604251707402,0.0027226089791794836
2017-01-01 21:00:00,-0.36996300510893176,0.0004139908158395762
2017-01-01 21:00:00,0.6555555179422782,-0.0007678473788398035
2017-01-01 21:00:00,0.060228621413838564,-3.9659539349807e-05
2017-01-01 21:00:00,1.1471449459878968,-0.0008329592617600795
2017-01-01 21:00:00,1.1734867157564663,-0.000519022139269513
2017-01-01 21:00:00,-0.7473586558407357,0.0007354145899595071
2017-01-01 21:00:00,-0.057278453958373304,-0.00724425273738598
2017-01-01 21:00:00,1.4872870607239324,-0.0020468368444725095
2017-01-01 21:00:00,-1.5160065863729468,0.0039153144276070665
2017-01-01 21:00:00,-0.07632399309545393,0.0027497768795326644
2017-01-01 21:00:00,-0.1183161068270213,0.008200866306471596
2017-01-01 21:00:00,-0.6885253108750587,0.07345441821358908
2017-01-01 21:00:00,1.2533329925078078,0.0051837851531439695
2017-01-01 21:00:00,1.5572343757607083,-0.012485379778148505
2017-01-01 21:00:00,0.06494022839050713,0.0038415012986042947
2017-01-01 21:00:00,0.36428547273212925,-0.044702697022335806
2017-01-01 21:00:00,0.07105707108475781,0.003489549210461598
2017-01-01 21:00:00,1.8597538370995181,-0.0036506685022826436
2017-01-01 21:00:00,0.002531107894814104,-0.0007999096771403616
2017-01-01 21:00:00,-0.2308217127787909,-0.0012675608070119712
2017-01-01 21:00:00,-0.2231900359297911,0.0003131433490634467
2017-01-01 22:00:00,-0.5440443010984353,0.001090223177295952
2017-01-01 22:00:00,-0.5012507933970184,0.006403897441563631
2017-01-01 22:00:00,0.5639086918923577,-0.008155859276925406
2017-01-01 22:00:00,1.0791861902162148,-0.001329557089045877
2017-01-01 22:00:00,-1.296664369124638,0.008356993959813201
2017-01-01 22:00:00,0.6446941704736135,-0.012713958406363178
2017-01-01 22:00:00,0.9836269056033118,0.00318038483007072
2017-01-01 22:00:00,-1.3484933464623567,0.009322370701477869
2017-01-01 22:00:00,-0.12363280557972295,0.0012121915348044055
2017-01-01 22:00:00,-0.644553780845964,0.0013062677874826917
2017-01-01 22:00:00,-0.801769204774714,0.0010331241867000095
2017-01-01 22:00:00,-1.1326113634801103,0.0018293649108981134
2017-01-01 22:00:00,-0.03580532542913661,0.0001297524235427811
2017-01-01 22:00:00,1.9035399672634945,-0.6726074148168532
2017-01-01 22:00:00,2.5643931268304567,0.7254999603108542
2017-01-01 22:00:00,0.9583428528959405,0.00017673414859936475
2017-01-01 22:00:00,1.9452444057561415,-0.11312562755896954
2017-01-01 22:00:00,-0.3856769387650565,0.0004438474618701529
2017-01-01 22:00:00,-0.25863833183267987,-0.0004364534121339029
2017-01-01 22:00:00,0.8098597905802628,-0.00016296061995434255
2017-01-01 22:00:00,-0.7186097677143868,0.003155904904762737
2017-01-01 22:00:00,-1.4959387969963163,0.013643276276604197
2017-01-01 22:00:00,2.4029466431912856,-0.0014438556674214286
2017-01-01 22:00:00,0.2620795169271266,-2.0758288366245603e-05
2017-01-01 22:00:00,1.4919697280226811,5.711616764653502e-05
2017-01-01 22:00:00,2.498308928423437,-0.0014249210520749058
2017-01-01 22:00:00,-0.07638810180490023,0.0008516159861780421
2017-01-01 22:00:00,-1.0263563690226358,0.0006413178658960392
2017-01-01 22:00:00,0.8836745023925271,-0.0013237588631531858
2017-01-01 22:00:00,-0.21309809917464984,0.0004552753690353108
2017-01-01 22:00:00,-0.3402337960507734,-0.00045297370976186936
2017-01-01 22:00:00,-1.064782692656965,0.0008539732659417733
2017-01-01 22:00:00,-1.5207576192966847,0.0026557417506242837
2017-01-01 22:00:00,-1.490185296209897,0.00272336751668552
2017-01-01 22:00:00,-0.44786822762140616,0.0004177835033697573
2017-01-01 22:00:00,0.5153261174198243,-0.0007610205412854775
2017-01-01 22:00:00,-0.09558182361111024,-3.207416428944483e-05
2017-01-01 22:00:00,1.0224965899679377,-0.000826890961711788
2017-01-01 22:00:00,1.1579056712539715,-0.0005182636017634768
2017-01-01 22:00:00,-0.7473586558407357,0.0007354145899595071
2017-01-01 22:00:00,-0.057278453958373304,-0.00724425273738598
2017-01-01 22:00:00,1.4872870607239324,-0.0020468368444725095
2017-01-01 22:00:00,-1.5160065863729468,0.0039153144276070665
2017-01-01 22:00:00,-0.07632399309545393,0.0027497768795326644
2017-01-01 22:00:00,-0.30528864085696006,0.008209968756544032
2017-01-01 22:00:00,-0.7508494888850382,0.07345745236361323
2017-01-01 22:00:00,1.097522547482859,0.005191370528204332
2017-01-01 22:00:00,1.4325860197407494,-0.012479311478100214
2017-01-01 22:00:00,-0.05970812762945198,0.0038475695986525844
2017-01-01 22:00:00,0.20847502770718052,-0.044695111647275444
2017-01-01 22:00:00,0.07105707108475781,0.003489549210461598
2017-01-01 22:00:00,1.8597538370995181,-0.0036506685022826436
2017-01-01 22:00:00,0.002531107894814104,-0.0007999096771403616
2017-01-01 22:00:00,-0.2308217127787909,-0.0012675608070119712
2017-01-01 22:00:00,-0.2231900359297911,0.0003131433490634467
2017-01-01 23:00:00,-0.575206390103425,0.0010917402523080261
2017-01-01 23:00:00,-0.6103181049144826,0.006409207204105884
2017-01-01 23:00:00,0.33019302435493453,-0.008144481214334861
2017-01-01 23:00:00,0.7675653001663159,-0.001314386338925151
2017-01-01 23:00:00,-1.2655022801196483,0.008355476884801129
2017-01-01 23:00:00,0.5667889479611391,-0.012710165718832997
2017-01-01 23:00:00,0.6720060155534141,0.0031955555801914466
2017-01-01 23:00:00,-1.3484933464623567,0.009322370701477869
2017-01-01 23:00:00,-0.2015380280921974,0.0012159842223345865
2017-01-01 23:00:00,-0.7692021368659232,0.0013123360875309832
2017-01-01 23:00:00,-0.8796744272871885,0.0010369168742301905
2017-01-01 23:00:00,-1.2105165859925846,0.0018331575984282945
2017-01-01 23:00:00,-0.19161577045408545,0.00013733779860314316
2017-01-01 23:00:00,1.6854053442285661,-0.6725967952917687
2017-01-01 23:00:00,2.393001637303013,0.7255083042234205
2017-01-01 23:00:00,0.9583428528959405,0.00017673414859936475
2017-01-01 23:00:00,1.7582718717262031,-0.11311652510889711
2017-01-01 23:00:00,-0.3700958942625616,0.0004430889243641167
2017-01-01 23:00:00,-0.27421937633517474,-0.0004356948746278667
2017-01-01 23:00:00,0.7163735235652936,-0.00015840939491812525
2017-01-01 23:00:00,-0.7497718567193765,0.0031574219797748096
2017-01-01 23:00:00,-1.4959387969963163,0.013643276276604197
2017-01-01 23:00:00,2.2471361981663365,-0.0014362702923610665
2017-01-01 23:00:00,0.23091742792213696,-1.924121335417317e-05
2017-01-01 23:00:00,1.227091971480268,7.001130524915243e-05
2017-01-01 23:00:00,2.3424984833984883,-0.0014173356770145436
2017-01-01 23:00:00,-0.07638810180490023,0.0008516159861780421
2017-01-01 23:00:00,-1.0263563690226358,0.0006413178658960392
2017-01-01 23:00:00,0.8836745023925271,-0.0013237588631531858
2017-01-01 23:00:00,-0.21309809917464984,0.0004552753690353108
2017-01-01 23:00:00,-0.38697692955825813,-0.0004506980972437607
2017-01-01 23:00:00,-1.0959447816619547,0.0008554903409538458
2017-01-01 23:00:00,-1.5363386637991794,0.00265650028813032
2017-01-01 23:00:00,-1.490185296209897,0.00272336751668552
2017-01-01 23:00:00,-0.510192405631386,0.0004208176533939039
2017-01-01 23:00:00,0.40625880590236024,-0.000755710778743224
2017-01-01 23:00:00,-0.2046491351285745,-2.6764401747189583e-05
2017-01-01 23:00:00,0.9601724119579569,-0.000823856811687643
2017-01-01 23:00:00,1.1111625377464869,-0.0005159879892453681
2017-01-01 23:00:00,-0.7473586558407357,0.0007354145899595071
2017-01-01 23:00:00,-0.07285949846086819,-0.007243494199879944
2017-01-01 23:00:00,1.3470576602014783,-0.002040010006918182
2017-01-01 23:00:00,-1.500425541870452,0.00391455589010103
2017-01-01 23:00:00,-0.013999815085474428,0.00274674272950852
2017-01-01 23:00:00,-0.33645072986194985,0.008211485831556104
2017-01-01 23:00:00,-0.782011577890028,0.0734589694386253
2017-01-01 23:00:00,0.9728741914628987,0.005197438828252623
2017-01-01 23:00:00,1.33909975272578,-0.012474760253063997
2017-01-01 23:00:00,-0.12203230563943149,0.0038506037486767293
2017-01-01 23:00:00,0.14615084969720096,-0.0446920774972513
2017-01-01 23:00:00,0.039894982079768,0.0034910662854736704
2017-01-01 23:00:00,1.345579368517187,-0.003625636764583445
2017-01-01 23:00:00,-0.15327933713013472,-0.0007923243020799977
2017-01-01 23:00:00,-0.2308217127787909,-0.0012675608070119712
2017-01-01 23:00:00,-0.37900048095474004,0.00032072872412380887
2017-01-02 00:00:00,-0.6375305681134046,0.001094774402332171
2017-01-02 00:00:00,-0.6570612384219672,0.006411482816623993
2017-01-02 00:00:00,0.25228780184246014,-0.00814068852680468
2017-01-02 00:00:00,0.5961738106388722,-0.0013060424263587527
2017-01-02 00:00:00,-1.2343401911146585,0.008353959809789056
2017-01-02 00:00:00,0.5667889479611391,-0.012710165718832997
2017-01-02 00:00:00,0.4850334815234757,0.003204658030263883
2017-01-02 00:00:00,-1.3484933464623567,0.009322370701477869
2017-01-02 00:00:00,-0.3885105621221362,0.0012250866724070229
2017-01-02 00:00:00,-0.8315263148759027,0.001315370237555128
2017-01-02 00:00:00,-0.9575796497996629,0.0010407095617603716
2017-01-02 00:00:00,-1.2105165859925846,0.0018331575984282945
2017-01-02 00:00:00,-0.34742621547903446,0.00014492317366350532
2017-01-02 00:00:00,1.451689676691143,-0.6725854172291782
2017-01-02 00:00:00,2.1592859697655897,0.725519682286011
2017-01-02 00:00:00,0.8025324078709916,0.00018431952365972692
2017-01-02 00:00:00,1.6024614267012542,-0.11310893973383675
2017-01-02 00:00:00,-0.43242007227254114,0.0004461230743882613
2017-01-02 00:00:00,-0.4300298213601236,-0.00042810949956750453
2017-01-02 00:00:00,0.5761441230428396,-0.00015158255736379757
2017-01-02 00:00:00,-0.827677079231851,0.0031612146673049906
2017-01-02 00:00:00,-1.4959387969963163,0.013643276276604197
2017-01-02 00:00:00,2.0757447086388927,-0.0014279263797946664
2017-01-02 00:00:00,0.15301220540966254,-1.5448525823992087e-05
2017-01-02 00:00:00,1.1803488379727833,7.228691776726108e-05
2017-01-02 00:00:00,2.1866880383735396,-0.0014097503019541797
2017-01-02 00:00:00,-0.1698743688198696,0.0008561672112142612
2017-01-02 00:00:00,-1.0263563690226358,0.0006413178658960392
2017-01-02 00:00:00,0.8836745023925271,-0.0013237588631531858
2017-01-02 00:00:00,-0.2910033216871244,0.0004590680565654919
2017-01-02 00:00:00,-0.4648821520707325,-0.0004469054097135796
2017-01-02 00:00:00,-1.1426879151694393,0.0008577659534719544
2017-01-02 00:00:00,-1.5363386637991794,0.00265650028813032
2017-01-02 00:00:00,-1.505766340712392,0.002724126054191556
2017-01-02 00:00:00,-0.5880976281438605,0.000424610340924085
2017-01-02 00:00:00,0.25044836087741146,-0.0007481254036828601
2017-01-02 00:00:00,-0.282554357641049,-2.29717142170085e-05
2017-01-02 00:00:00,0.8355240559379978,-0.0008177885116393532
2017-01-02 00:00:00,1.0020952262290217,-0.0005106782267031129
2017-01-02 00:00:00,-0.7785207448457254,0.0007369316649715796
2017-01-02 00:00:00,-0.16634576547583757,-0.007238942974843725
2017-01-02 00:00:00,1.12892303716655,-0.002029390481833675
2017-01-02 00:00:00,-1.500425541870452,0.00391455589010103
2017-01-02 00:00:00,-0.12306712660293857,0.002752052492050773
2017-01-02 00:00:00,-0.36761281886693964,0.008213002906568177
2017-01-02 00:00:00,-0.8443357559000075,0.07346200358864945
2017-01-02 00:00:00,0.8170637464379498,0.005205024203312985
2017-01-02 00:00:00,1.1521272186958413,-0.012465657802991562
2017-01-02 00:00:00,-0.21551857265440086,0.0038551549737129483
2017-01-02 00:00:00,0.021502493677241892,-0.04468600919720301
2017-01-02 00:00:00,-0.08475337394019104,0.00349713458552196
2017-01-02 00:00:00,1.0962826564772687,-0.003613500164486866
2017-01-02 00:00:00,-0.3246708266575786,-0.0007839803895135993
2017-01-02 00:00:00,-0.5424426028286891,-0.0012523900568912451
2017-01-02 00:00:00,-0.5503919704821841,0.000329072636690209
2017-01-02 01:00:00,-0.7465978796308688,0.0011000841648744245
2017-01-02 01:00:00,-0.8128716834469161,0.006419068191684355
2017-01-02 01:00:00,0.43926033587239877,-0.008149790976877116
2017-01-02 01:00:00,0.45594441011641834,-0.001299215588804425
2017-01-02 01:00:00,-1.187597057607174,0.008351684197270948
2017-01-02 01:00:00,0.8316667045035521,-0.012723060856435615
2017-01-02 01:00:00,0.4850334815234757,0.003204658030263883
2017-01-02 01:00:00,-1.3484933464623567,0.009322370701477869
2017-01-02 01:00:00,-0.3885105621221362,0.0012250866724070229
2017-01-02 01:00:00,-0.8315263148759027,0.001315370237555128
2017-01-02 01:00:00,-0.9575796497996629,0.0010407095617603716
2017-01-02 01:00:00,-1.2105165859925846,0.0018331575984282945
2017-01-02 01:00:00,-0.34742621547903446,0.00014492317366350532
2017-01-02 01:00:00,1.404946543183658,-0.67258314161666
2017-01-02 01:00:00,2.034637613745631,0.7255257505860594
2017-01-02 01:00:00,0.6623030073485376,0.00019114636121405287
2017-01-02 01:00:00,1.4466509816763053,-0.11310135435877638
2017-01-02 01:00:00,-0.4947442502825207,0.0004491572244124062
2017-01-02 01:00:00,-0.5858402663850727,-0.00042052412450714063
2017-01-02 01:00:00,0.4670768115253756,-0.00014627279482154406
2017-01-02 01:00:00,-0.8432581237343458,0.003161973204811027
2017-01-02 01:00:00,-1.4959387969963163,0.013643276276604197
2017-01-02 01:00:00,1.9978394861264193,-0.0014241336922644853
2017-01-02 01:00:00,0.12185011640467282,-1.3931450811919652e-05
2017-01-02 01:00:00,1.1803488379727833,7.228691776726108e-05
2017-01-02 01:00:00,2.077620726856075,-0.0014044405394119262
2017-01-02 01:00:00,-0.23219854682984914,0.000859201361238406
2017-01-02 01:00:00,-1.0575184580276256,0.0006428349409081116
2017-01-02 01:00:00,0.7278640573675782,-0.0013161734880928237
2017-01-02 01:00:00,-0.33774645519460905,0.00046134366908360055
2017-01-02 01:00:00,-0.48046319657322745,-0.0004461468722075434
2017-01-02 01:00:00,-1.1271068706669447,0.0008570074159659182
2017-01-02 01:00:00,-1.5363386637991794,0.00265650028813032
2017-01-02 01:00:00,-1.505766340712392,0.002724126054191556
2017-01-02 01:00:00,-0.6348407616513451,0.00042688595344219363
2017-01-02 01:00:00,0.1725431383649371,-0.000744332716152679
2017-01-02 01:00:00,-0.34487853565102855,-1.9937564192863634e-05
2017-01-02 01:00:00,0.7420377889230285,-0.0008132372866031359
2017-01-02 01:00:00,0.9241900037165469,-0.0005068855391729318
2017-01-02 01:00:00,-0.8096828338507153,0.000738448739983652
2017-01-02 01:00:00,-0.19750785448082733,-0.007237425899831652
2017-01-02 01:00:00,0.8173021471166508,-0.0020142197317129487
2017-01-02 01:00:00,-1.500425541870452,0.00391455589010103
2017-01-02 01:00:00,-0.16981026011042327,0.0027543281045688834
2017-01-02 01:00:00,-0.36761281886693964,0.008213002906568177
2017-01-02 01:00:00,-0.8754978449049974,0.07346352066366152
2017-01-02 01:00:00,0.7547395684279702,0.00520805835333713
2017-01-02 01:00:00,1.0274788626758822,-0.01245958950294327
2017-01-02 01:00:00,-0.24668066165939062,0.0038566720487250208
2017-01-02 01:00:00,0.021502493677241892,-0.04468600919720301
2017-01-02 01:00:00,-0.14707755195017064,0.0035001687355461068
2017-01-02 01:00:00,1.0183774339647933,-0.003609707476956683
2017-01-02 01:00:00,-0.3246708266575786,-0.0007839803895135993
2017-01-02 01:00:00,-0.5424426028286891,-0.0012523900568912451
2017-01-02 01:00:00,-0.5503919704821841,0.000329072636690209
2017-01-02 02:00:00,-0.7465978796308688,0.0011000841648744245
2017-01-02 02:00:00,-0.8128716834469161,0.006419068191684355
2017-01-02 02:00:00,0.43926033587239877,-0.008149790976877116
2017-01-02 02:00:00,0.39362023210643876,-0.00129618143878028
2017-01-02 02:00:00,-0.9383003455672568,0.008339547597174365
2017-01-02 02:00:00,0.6602752149761084,-0.012714716943869215
2017-01-02 02:00:00,0.2201557249810627,0.0032175531678664986
2017-01-02 02:00:00,-1.3484933464623567,0.009322370701477869
2017-01-02 02:00:00,-0.4508347401321157,0.0012281208224311677
2017-01-02 02:00:00,-0.8626884038808924,0.0013168873125672005
2017-01-02 02:00:00,-0.9575796497996629,0.0010407095617603716
2017-01-02 02:00:00,-1.2105165859925846,0.0018331575984282945
2017-01-02 02:00:00,-0.3941693489865192,0.0001471987861816157
2017-01-02 02:00:00,1.3737844541786686,-0.6725816245416479
2017-01-02 02:00:00,2.00347552474064,0.7255272676610715
2017-01-02 02:00:00,0.6467219628460428,0.00019190489872009082
2017-01-02 02:00:00,1.3999078481688205,-0.11309907874625827
2017-01-02 02:00:00,-0.4947442502825207,0.0004491572244124062
2017-01-02 02:00:00,-0.5858402663850727,-0.00042052412450714063
2017-01-02 02:00:00,0.420333678017891,-0.00014399718230343538
2017-01-02 02:00:00,-0.8588391682368407,0.003162731742317063
2017-01-02 02:00:00,-1.5271008860013062,0.01364479335161627
2017-01-02 02:00:00,1.9978394861264193,-0.0014241336922644853
2017-01-02 02:00:00,0.028363849389703478,-9.380225775702355e-06
2017-01-02 02:00:00,0.915471081430369,8.51820553698785e-05
2017-01-02 02:00:00,1.8750671483236423,-0.0013945795518334554
2017-01-02 02:00:00,-0.23219854682984914,0.000859201361238406
2017-01-02 02:00:00,-1.0575184580276256,0.0006428349409081116
2017-01-02 02:00:00,0.7278640573675782,-0.0013161734880928237
2017-01-02 02:00:00,-0.3533274996971039,0.00046210220658963677
2017-01-02 02:00:00,-0.48046319657322745,-0.0004461468722075434
2017-01-02 02:00:00,-1.1271068706669447,0.0008570074159659182
2017-01-02 02:00:00,-1.5363386637991794,0.00265650028813032
2017-01-02 02:00:00,-1.505766340712392,0.002724126054191556
2017-01-02 02:00:00,-0.6660028506563348,0.00042840302845426607
2017-01-02 02:00:00,0.11021896035495761,-0.0007412985661285342
2017-01-02 02:00:00,-0.3604595801535235,-1.9179026686827417e-05
2017-01-02 02:00:00,0.7420377889230285,-0.0008132372866031359
2017-01-02 02:00:00,0.8930279147115572,-0.0005053684641608593
2017-01-02 02:00:00,-0.8096828338507153,0.000738448739983652
2017-01-02 02:00:00,-0.19750785448082733,-0.007237425899831652
2017-01-02 02:00:00,0.8173021471166508,-0.0020142197317129487
2017-01-02 02:00:00,-1.500425541870452,0.00391455589010103
2017-01-02 02:00:00,-0.16981026011042327,0.0027543281045688834
2017-01-02 02:00:00,-0.36761281886693964,0.008213002906568177
2017-01-02 02:00:00,-0.9222409784124819,0.07346579627617963
2017-01-02 02:00:00,0.7235774794229805,0.005209575428349203
2017-01-02 02:00:00,0.9963167736708913,-0.012458072427931198
2017-01-02 02:00:00,-0.24668066165939062,0.0038566720487250208
2017-01-02 02:00:00,0.021502493677241892,-0.04468600919720301
2017-01-02 02:00:00,-0.14707755195017064,0.0035001687355461068
2017-01-02 02:00:00,0.9872153449598036,-0.0036081904019446107
2017-01-02 02:00:00,-0.3246708266575786,-0.0007839803895135993
2017-01-02 02:00:00,-0.5424426028286891,-0.0012523900568912451
2017-01-02 02:00:00,-0.5503919704821841,0.000329072636690209
2017-01-02 03:00:00,-0.7465978796308688,0.0011000841648744245
2017-01-02 03:00:00,-0.8128716834469161,0.006419068191684355
2017-01-02 03:00:00,0.25228780184246014,-0.00814068852680468
2017-01-02 03:00:00,0.39362023210643876,-0.00129618143878028
2017-01-02 03:00:00,-0.9383003455672568,0.008339547597174365
2017-01-02 03:00:00,0.6602752149761084,-0.012714716943869215
2017-01-02 03:00:00,0.2201557249810627,0.0032175531678664986
2017-01-02 03:00:00,-1.3484933464623567,0.009322370701477869
2017-01-02 03:00:00,-0.4664157846346106,0.001228879359937204
2017-01-02 03:00:00,-0.8938504928858821,0.001318404387579273
2017-01-02 03:00:00,-0.9575796497996629,0.0010407095617603716
2017-01-02 03:00:00,-1.2884218085050592,0.0018369502859584756
2017-01-02 03:00:00,-0.5032366605039834,0.00015250854872386922
2017-01-02 03:00:00,1.2179740091537197,-0.6725740391665876
2017-01-02 03:00:00,1.816502990710703,0.7255363701111439
2017-01-02 03:00:00,0.5376546513285786,0.00019721466126234433
2017-01-02 03:00:00,1.3220026256563462,-0.1130952860587281
2017-01-02 03:00:00,-0.5414873837900055,0.00045143283693051657
2017-01-02 03:00:00,-0.5858402663850727,-0.00042052412450714063
2017-01-02 03:00:00,0.4047526335153961,-0.00014323864479739916
2017-01-02 03:00:00,-0.9211633462468202,0.0031657658923412097
2017-01-02 03:00:00,-1.5582629750062957,0.013646310426628342
2017-01-02 03:00:00,1.7641238185889963,-0.0014127556296739403
2017-01-02 03:00:00,-0.049541373122770946,-5.587538245521272e-06
2017-01-02 03:00:00,0.931052125932864,8.442351786384228e-05
2017-01-02 03:00:00,1.7504187923036831,-0.001388511251785164
2017-01-02 03:00:00,-0.247779591332344,0.0008599598987444422
2017-01-02 03:00:00,-1.0730995025301204,0.0006435934784141478
2017-01-02 03:00:00,0.6655398793575986,-0.001313139338068677
2017-01-02 03:00:00,-0.36890854419959884,0.000462860744095673
2017-01-02 03:00:00,-0.5739494635881969,-0.0004415956471713244
2017-01-02 03:00:00,-1.1582689596719342,0.0008585244909779906
2017-01-02 03:00:00,-1.5363386637991794,0.00265650028813032
2017-01-02 03:00:00,-1.505766340712392,0.002724126054191556
2017-01-02 03:00:00,-0.6971649396613246,0.0004299201034663385
2017-01-02 03:00:00,0.07905687134996783,-0.0007397814911164617
2017-01-02 03:00:00,-0.3604595801535235,-1.9179026686827417e-05
2017-01-02 03:00:00,0.6018083884005746,-0.0008064104490488083
2017-01-02 03:00:00,0.7683795586915981,-0.0004993001641125696
2017-01-02 03:00:00,-0.8564259673581999,0.0007407243525017606
2017-01-02 03:00:00,-0.19750785448082733,-0.007237425899831652
2017-01-02 03:00:00,0.8173021471166508,-0.0020142197317129487
2017-01-02 03:00:00,-1.500425541870452,0.00391455589010103
2017-01-02 03:00:00,-0.16981026011042327,0.0027543281045688834
2017-01-02 03:00:00,-0.39877490787192943,0.00821451998158025
2017-01-02 03:00:00,-0.9066599339099871,0.0734650377386736
2017-01-02 03:00:00,0.5989291234030213,0.005215643728397494
2017-01-02 03:00:00,0.8093442396409527,-0.012448969977858763
2017-01-02 03:00:00,-0.37132901767934984,0.0038627403487733105
2017-01-02 03:00:00,-0.040821684332737626,-0.044682975047178865
2017-01-02 03:00:00,-0.24056381896513993,0.003504719960582324
2017-01-02 03:00:00,0.9872153449598036,-0.0036081904019446107
2017-01-02 03:00:00,-0.3246708266575786,-0.0007839803895135993
2017-01-02 03:00:00,-0.5424426028286891,-0.0012523900568912451
2017-01-02 03:00:00,-0.5503919704821841,0.000329072636690209
2017-01-02 04:00:00,-0.7465978796308688,0.0011000841648744245
2017-01-02 04:00:00,-0.8128716834469161,0.006419068191684355
2017-01-02 04:00:00,0.25228780184246014,-0.00814068852680468
2017-01-02 04:00:00,0.39362023210643876,-0.00129618143878028
2017-01-02 04:00:00,-0.9383003455672568,0.008339547597174365
2017-01-02 04:00:00,0.6602752149761084,-0.012714716943869215
2017-01-02 04:00:00,0.2201557249810627,0.0032175531678664986
2017-01-02 04:00:00,-1.3484933464623567,0.009322370701477869
2017-01-02 04:00:00,-0.4664157846346106,0.001228879359937204
2017-01-02 04:00:00,-0.8938504928858821,0.001318404387579273
2017-01-02 04:00:00,-0.9575796497996629,0.0010407095617603716
2017-01-02 04:00:00,-1.2884218085050592,0.0018369502859584756
2017-01-02 04:00:00,-0.5032366605039834,0.00015250854872386922
2017-01-02 04:00:00,1.2179740091537197,-0.6725740391665876
2017-01-02 04:00:00,1.816502990710703,0.7255363701111439
2017-01-02 04:00:00,0.5376546513285786,0.00019721466126234433
2017-01-02 04:00:00,1.3220026256563462,-0.1130952860587281
2017-01-02 04:00:00,-0.5414873837900055,0.00045143283693051657
2017-01-02 04:00:00,-0.5858402663850727,-0.00042052412450714063
2017-01-02 04:00:00,0.4047526335153961,-0.00014323864479739916
2017-01-02 04:00:00,-0.9211633462468202,0.0031657658923412097
2017-01-02 04:00:00,-1.5582629750062957,0.013646310426628342
2017-01-02 04:00:00,1.7641238185889963,-0.0014127556296739403
2017-01-02 04:00:00,-0.049541373122770946,-5.587538245521272e-06
2017-01-02 04:00:00,0.931052125932864,8.442351786384228e-05
2017-01-02 04:00:00,1.7504187923036831,-0.001388511251785164
2017-01-02 04:00:00,-0.247779591332344,0.0008599598987444422
2017-01-02 04:00:00,-1.0730995025301204,0.0006435934784141478
2017-01-02 04:00:00,0.6655398793575986,-0.001313139338068677
2017-01-02 04:00:00,-0.36890854419959884,0.000462860744095673
2017-01-02 04:00:00,-0.5739494635881969,-0.0004415956471713244
2017-01-02 04:00:00,-1.1582689596719342,0.0008585244909779906
2017-01-02 04:00:00,-1.5363386637991794,0.00265650028813032
2017-01-02 04:00:00,-1.505766340712392,0.002724126054191556
2017-01-02 04:00:00,-0.6971649396613246,0.0004299201034663385
2017-01-02 04:00:00,0.07905687134996783,-0.0007397814911164617
2017-01-02 04:00:00,-0.3604595801535235,-1.9179026686827417e-05
2017-01-02 04:00:00,0.6018083884005746,-0.0008064104490488083
2017-01-02 04:00:00,0.7683795586915981,-0.0004993001641125696
2017-01-02 04:00:00,-0.8564259673581999,0.0007407243525017606
2017-01-02 04:00:00,-0.19750785448082733,-0.007237425899831652
2017-01-02 04:00:00,0.8173021471166508,-0.0020142197317129487
2017-01-02 04:00:00,-1.500425541870452,0.00391455589010103
2017-01-02 04:00:00,-0.16981026011042327,0.0027543281045688834
2017-01-02 04:00:00,-0.39877490787192943,0.00821451998158025
2017-01-02 04:00:00,-0.9066599339099871,0.0734650377386736
2017-01-02 04:00:00,0.5989291234030213,0.005215643728397494
2017-01-02 04:00:00,0.8093442396409527,-0.012448969977858763
2017-01-02 04:00:00,-0.37132901767934984,0.0038627403487733105
2017-01-02 04:00:00,-0.040821684332737626,-0.044682975047178865
2017-01-02 04:00:00,-0.24056381896513993,0.003504719960582324
2017-01-02 04:00:00,0.9872153449598036,-0.0036081904019446107
2017-01-02 04:00:00,-0.3246708266575786,-0.0007839803895135993
2017-01-02 04:00:00,-0.5424426028286891,-0.0012523900568912451
2017-01-02 04:00:00,-0.5503919704821841,0.000329072636690209
2017-01-02 05:00:00,-0.7465978796308688,0.0011000841648744245
2017-01-02 05:00:00,-0.8128716834469161,0.006419068191684355
2017-01-02 05:00:00,0.25228780184246014,-0.00814068852680468
2017-01-02 05:00:00,0.39362023210643876,-0.00129618143878028
2017-01-02 05:00:00,-0.9383003455672568,0.008339547597174365
2017-01-02 05:00:00,0.6602752149761084,-0.012714716943869215
2017-01-02 05:00:00,0.2201557249810627,0.0032175531678664986
2017-01-02 05:00:00,-1.3484933464623567,0.009322370701477869
2017-01-02 05:00:00,-0.4664157846346106,0.001228879359937204
2017-01-02 05:00:00,-0.8938504928858821,0.001318404387579273
2017-01-02 05:00:00,-0.9575796497996629,0.0010407095617603716
2017-01-02 05:00:00,-1.2884218085050592,0.0018369502859584756
2017-01-02 05:00:00,-0.5032366605039834,0.00015250854872386922
2017-01-02 05:00:00,1.2179740091537197,-0.6725740391665876
2017-01-02 05:00:00,1.816502990710703,0.7255363701111439
2017-01-02 05:00:00,0.5376546513285786,0.00019721466126234433
2017-01-02 05:00:00,1.3220026256563462,-0.1130952860587281
2017-01-02 05:00:00,-0.5414873837900055,0.00045143283693051657
2017-01-02 05:00:00,-0.5858402663850727,-0.00042052412450714063
2017-01-02 05:00:00,0.4047526335153961,-0.00014323864479739916
2017-01-02 05:00:00,-0.9211633462468202,0.0031657658923412097
2017-01-02 05:00:00,-1.5582629750062957,0.013646310426628342
2017-01-02 05:00:00,1.7641238185889963,-0.0014127556296739403
2017-01-02 05:00:00,-0.049541373122770946,-5.587538245521272e-06
2017-01-02 05:00:00,0.931052125932864,8.442351786384228e-05
2017-01-02 05:00:00,1.7504187923036831,-0.001388511251785164
2017-01-02 05:00:00,-0.247779591332344,0.0008599598987444422
2017-01-02 05:00:00,-1.0730995025301204,0.0006435934784141478
2017-01-02 05:00:00,0.6655398793575986,-0.001313139338068677
2017-01-02 05:00:00,-0.36890854419959884,0.000462860744095673
2017-01-02 05:00:00,-0.5739494635881969,-0.0004415956471713244
2017-01-02 05:00:00,-1.1582689596719342,0.0008585244909779906
2017-01-02 05:00:00,-1.5363386637991794,0.00265650028813032
2017-01-02 05:00:00,-1.505766340712392,0.002724126054191556
2017-01-02 05:00:00,-0.6971649396613246,0.0004299201034663385
2017-01-02 05:00:00,0.07905687134996783,-0.0007397814911164617
2017-01-02 05:00:00,-0.3604595801535235,-1.9179026686827417e-05
2017-01-02 05:00:00,0.47716003238061566,-0.0008003421490005185
2017-01-02 05:00:00,0.659312247174134,-0.0004939904015703144
2017-01-02 05:00:00,-0.9187501453681793,0.0007437585025259072
2017-01-02 05:00:00,-0.19750785448082733,-0.007237425899831652
2017-01-02 05:00:00,0.8173021471166508,-0.0020142197317129487
2017-01-02 05:00:00,-1.500425541870452,0.00391455589010103
2017-01-02 05:00:00,-0.16981026011042327,0.0027543281045688834
2017-01-02 05:00:00,-0.39877490787192943,0.00821451998158025
2017-01-02 05:00:00,-0.9066599339099871,0.0734650377386736
2017-01-02 05:00:00,0.5989291234030213,0.005215643728397494
2017-01-02 05:00:00,0.8093442396409527,-0.012448969977858763
2017-01-02 05:00:00,-0.37132901767934984,0.0038627403487733105
2017-01-02 05:00:00,-0.040821684332737626,-0.044682975047178865
2017-01-02 05:00:00,-0.24056381896513993,0.003504719960582324
2017-01-02 05:00:00,0.9872153449598036,-0.0036081904019446107
2017-01-02 05:00:00,-0.3246708266575786,-0.0007839803895135993
2017-01-02 05:00:00,-0.5424426028286891,-0.0012523900568912451
2017-01-02 05:00:00,-0.5503919704821841,0.000329072636690209
2017-01-02 06:00:00,-0.7621789241333637,0.0011008427023804607
2017-01-02 06:00:00,-0.7972906389444212,0.006418309654178319
2017-01-02 06:00:00,0.657394958907327,-0.008160410501961623
2017-01-02 06:00:00,1.8114952818334746,-0.0013652083518295827
2017-01-02 06:00:00,-0.4241258769849256,0.00831451585947517
2017-01-02 06:00:00,0.707018348483593,-0.012716992556387323
2017-01-02 06:00:00,0.547357659533455,0.003201623880239738
2017-01-02 06:00:00,-1.426398568974831,0.009326163389008053
2017-01-02 06:00:00,-0.5287399626445902,0.0012319135099613488
2017-01-02 06:00:00,-0.8626884038808924,0.0013168873125672005
2017-01-02 06:00:00,-1.0666469613171257,0.0010460193243026251
2017-01-02 06:00:00,-1.3040028530075538,0.0018377088234645118
2017-01-02 06:00:00,-0.5811418830164579,0.0001563012362540503
2017-01-02 06:00:00,0.9063531191038204,-0.6725588684164668
2017-01-02 06:00:00,1.3958147891433412,0.7255568506238068
2017-01-02 06:00:00,0.19487167227369132,0.00021390248639514283
2017-01-02 06:00:00,0.792247112571519,-0.11306949578352285
2017-01-02 06:00:00,-0.7752030513274287,0.0004628108995210596
2017-01-02 06:00:00,-0.679326533400042,-0.00041597289947092333
2017-01-02 06:00:00,0.10871278796799343,-0.00012882643218270931
2017-01-02 06:00:00,-1.0146496132617884,0.003170317117377427
2017-01-02 06:00:00,-1.5582629750062957,0.013646310426628342
2017-01-02 06:00:00,1.2032062164991801,-0.0013854482794566348
2017-01-02 06:00:00,-0.23651390715270956,3.5149118269150636e-06
2017-01-02 06:00:00,0.8843089924253793,8.669913038195093e-05
2017-01-02 06:00:00,1.5322841692687548,-0.001377891726700657
2017-01-02 06:00:00,-0.38800899185479815,0.0008667867362987682
2017-01-02 06:00:00,-0.8393838349926984,0.0006322154158236029
2017-01-02 06:00:00,0.4629863008251652,-0.0013032783504902062
2017-01-02 06:00:00,0.4568868144326301,0.00042265825627575026
2017-01-02 06:00:00,-0.6362736415981763,-0.0004385614971471795
2017-01-02 06:00:00,-1.1426879151694393,0.0008577659534719544
2017-01-02 06:00:00,-1.5675007528041693,0.002658017363142393
2017-01-02 06:00:00,-1.5213473852148869,0.0027248845916975923
2017-01-02 06:00:00,-0.8218132956812837,0.00043598840351462823
2017-01-02 06:00:00,-0.04559148466999127,-0.000733713191068172
2017-01-02 06:00:00,0.10697175492132327,-4.193515186791565e-05
2017-01-02 06:00:00,0.2901874983506771,-0.0007912396989280839
2017-01-02 06:00:00,0.37885344612922617,-0.0004803367264616625
2017-01-02 06:00:00,-1.0589795458906321,0.0007505853400802332
2017-01-02 06:00:00,-0.4623856110232405,-0.007224530762229037
2017-01-02 06:00:00,0.47451916806176364,-0.00199753190658015
2017-01-02 06:00:00,-0.9706700287856271,0.003888765614895797
2017-01-02 06:00:00,-0.5437553281703008,0.0027725330047137543
2017-01-02 06:00:00,-0.42993699687691916,0.008216037056592322
2017-01-02 06:00:00,-0.9689841119199666,0.07346807188869775
2017-01-02 06:00:00,0.28730823335312383,0.005230814478518218
2017-01-02 06:00:00,0.3107508155611165,-0.012424696777665603
2017-01-02 06:00:00,-0.4648152846943191,0.003867291573809528
2017-01-02 06:00:00,-0.25895630736766617,-0.04467235552209436
2017-01-02 06:00:00,-0.20940172996015016,0.0035032028855702516
2017-01-02 06:00:00,0.8002428109298649,-0.003599087951872176
2017-01-02 06:00:00,-0.6518727612099713,-0.000768051101886837
2017-01-02 06:00:00,-0.6515099143461531,-0.0012470802943489916
2017-01-02 06:00:00,-0.6282971929946585,0.00033286532422039007
2017-01-02 07:00:00,-0.7310168351283739,0.0010993256273683883
2017-01-02 07:00:00,-0.7817095944419262,0.006417551116672283
2017-01-02 07:00:00,1.0625021159721952,-0.008180132477118567
2017-01-02 07:00:00,1.6245227478035358,-0.0013561059017571464
2017-01-02 07:00:00,-0.25273438745748183,0.008306171946908768
2017-01-02 07:00:00,0.9718961050260061,-0.01272988769398994
2017-01-02 07:00:00,0.6564249710509192,0.003196314117697483
2017-01-02 07:00:00,-1.4108175244723362,0.009325404851502014
2017-01-02 07:00:00,-0.5287399626445902,0.0012319135099613488
2017-01-02 07:00:00,-0.8315263148759027,0.001315370237555128
2017-01-02 07:00:00,-1.0978090503221154,0.0010475363993146976
2017-01-02 07:00:00,-1.413070164525018,0.001843018586006767
2017-01-02 07:00:00,-0.4253314379915089,0.00014871586119368814
2017-01-02 07:00:00,0.8907720746013257,-0.6725581098789608
2017-01-02 07:00:00,1.3802337446408466,0.7255576091613128
2017-01-02 07:00:00,0.19487167227369132,0.00021390248639514283
2017-01-02 07:00:00,0.6520177120490651,-0.11306266894596853
2017-01-02 07:00:00,-0.7128788733174493,0.00045977674949691474
2017-01-02 07:00:00,-0.3209625098426594,-0.00043341926210975804
2017-01-02 07:00:00,0.12429383247048834,-0.00012958496968874553
2017-01-02 07:00:00,-0.9834875242567999,0.0031688000423653545
2017-01-02 07:00:00,-1.5738440195087908,0.013647068964134378
2017-01-02 07:00:00,1.2499493500066647,-0.0013877238919747434
2017-01-02 07:00:00,-0.12744659563524538,-1.7948507153384543e-06
2017-01-02 07:00:00,1.7101043510576095,4.649664256202799e-05
2017-01-02 07:00:00,1.5478652137712496,-0.0013786502642066931
2017-01-02 07:00:00,-0.3412658583473135,0.0008645111237806595
2017-01-02 07:00:00,-0.465438766932821,0.0006140105156787319
2017-01-02 07:00:00,0.5564725678401344,-0.0013078295755264235
2017-01-02 07:00:00,0.9398991940099714,0.0003991435935886258
2017-01-02 07:00:00,-0.5739494635881969,-0.0004415956471713244
2017-01-02 07:00:00,-1.1426879151694393,0.0008577659534719544
2017-01-02 07:00:00,-1.5363386637991794,0.00265650028813032
2017-01-02 07:00:00,-1.5680905187223715,0.002727160204215701
2017-01-02 07:00:00,-0.8062322511787888,0.000435229866008592
2017-01-02 07:00:00,-0.0923346181774759,-0.0007314375785500634
2017-01-02 07:00:00,0.10697175492132327,-4.193515186791565e-05
2017-01-02 07:00:00,0.2278633203406976,-0.0007882055489039373
2017-01-02 07:00:00,0.41001553513421596,-0.00048185380147373495
2017-01-02 07:00:00,-1.0589795458906321,0.0007505853400802332
2017-01-02 07:00:00,-0.27541307699330186,-0.007233633212301471
2017-01-02 07:00:00,0.5991675240817226,-0.0020036002066284395
2017-01-02 07:00:00,-0.8304406282631732,0.003881938777341469
2017-01-02 07:00:00,-0.4814311501603211,0.0027694988546896077
2017-01-02 07:00:00,-0.36761281886693964,0.008213002906568177
2017-01-02 07:00:00,-0.9066599339099871,0.0734650377386736
2017-01-02 07:00:00,0.25614614434813404,0.005232331553530293
2017-01-02 07:00:00,0.46656126058606534,-0.012432282152725965
2017-01-02 07:00:00,-0.37132901767934984,0.0038627403487733105
2017-01-02 07:00:00,-0.2901183963726559,-0.044670838447082285
2017-01-02 07:00:00,-0.20940172996015016,0.0035032028855702516
2017-01-02 07:00:00,1.1897689234922382,-0.003618051389523083
2017-01-02 07:00:00,-0.4804812716825275,-0.0007763950144532371
2017-01-02 07:00:00,-0.6515099143461531,-0.0012470802943489916
2017-01-02 07:00:00,-0.47248674796970935,0.00032527994916002617
2017-01-02 08:00:00,-0.7465978796308688,0.0011000841648744245
2017-01-02 08:00:00,-0.7349664609344416,0.006415275504154174
2017-01-02 08:00:00,1.6078386735595163,-0.008206681289829838
2017-01-02 08:00:00,1.5621985697935563,-0.0013530717517330015
2017-01-02 08:00:00,-0.25273438745748183,0.008306171946908768
2017-01-02 08:00:00,1.252354906070915,-0.012743541369098594
2017-01-02 08:00:00,0.7654922825683834,0.003191004355155229
2017-01-02 08:00:00,-1.3796554354673463,0.009323887776489941
2017-01-02 08:00:00,-0.3573484731171464,0.0012235695973949504
2017-01-02 08:00:00,-0.8003642258709129,0.0013138531625430556
2017-01-02 08:00:00,-1.0822280058196205,0.0010467778618086614
2017-01-02 08:00:00,-1.272840764002564,0.0018361917484524394
2017-01-02 08:00:00,-0.3006830819715498,0.00014264756114539667
2017-01-02 08:00:00,0.9375152081088102,-0.672560385491479
2017-01-02 08:00:00,1.5360441896657953,0.7255500237862526
2017-01-02 08:00:00,0.4130062953086196,0.00020328296131063406
2017-01-02 08:00:00,0.7610850235665293,-0.11306797870851078
2017-01-02 08:00:00,-0.5259063392875106,0.00045067429942448036
2017-01-02 08:00:00,-0.3053814653401645,-0.00043417779961579426
2017-01-02 08:00:00,0.10871278796799343,-0.00012882643218270931
2017-01-02 08:00:00,-0.7653529012218715,0.0031581805172808458
2017-01-02 08:00:00,-1.5582629750062957,0.013646310426628342
2017-01-02 08:00:00,1.359016661524129,-0.001393033654516997
2017-01-02 08:00:00,0.04394489389219836,-1.0138763281738572e-05
2017-01-02 08:00:00,2.1463735971274653,2.525759239301219e-05
2017-01-02 08:00:00,1.6725135697912088,-0.0013847185642549829
2017-01-02 08:00:00,-0.09196914630739511,0.0008523745236840783
2017-01-02 08:00:00,0.14222196866447961,0.0005844275529433178
2017-01-02 08:00:00,0.8992555468950219,-0.001324517400659222
2017-01-02 08:00:00,2.1084775316970883,0.0003422532806359047
2017-01-02 08:00:00,-0.2779096180407939,-0.0004560078597860143
2017-01-02 08:00:00,-1.1115258261644498,0.000856248878459882
2017-01-02 08:00:00,-1.5363386637991794,0.00265650028813032
2017-01-02 08:00:00,-1.5525094742198764,0.0027264016667096647
2017-01-02 08:00:00,-0.6348407616513451,0.00042688595344219363
2017-01-02 08:00:00,0.1258000048574525,-0.0007420571036345704
2017-01-02 08:00:00,0.029066532408848787,-3.8142464337734565e-05
2017-01-02 08:00:00,0.24344436484319246,-0.0007889640864099735
2017-01-02 08:00:00,0.5502449356566698,-0.000488680639028061
2017-01-02 08:00:00,-1.0589795458906321,0.0007505853400802332
2017-01-02 08:00:00,-0.1196026319683529,-0.0072412185873618334
2017-01-02 08:00:00,0.6770727465941969,-0.0020073928941586223
2017-01-02 08:00:00,-0.7525354057506988,0.003878146089811288
2017-01-02 08:00:00,-0.4191069721503416,0.002766464704665463
2017-01-02 08:00:00,-0.2741265518519703,0.00820845168153196
2017-01-02 08:00:00,-0.8754978449049974,0.07346352066366152
2017-01-02 08:00:00,0.5677670343980316,0.0052171608034095665
2017-01-02 08:00:00,1.1209651296908516,-0.01246414072797949
2017-01-02 08:00:00,-0.2778427506643805,0.003858189123737093
2017-01-02 08:00:00,-0.16547004035269675,-0.044676906747130575
2017-01-02 08:00:00,0.039894982079768,0.0034910662854736704
2017-01-02 08:00:00,1.470227724537146,-0.0036317050646317364
2017-01-02 08:00:00,-0.2467656041451042,-0.0007877730770437804
2017-01-02 08:00:00,-0.21524066827629604,-0.0012683193445180074
2017-01-02 08:00:00,-0.23877108043228595,0.0003139018865694829
2017-01-02 09:00:00,-0.6842737016208893,0.0010970500148502797
2017-01-02 09:00:00,-0.672642282924462,0.006412241354130029
2017-01-02 09:00:00,1.6078386735595163,-0.008206681289829838
2017-01-02 09:00:00,1.6245227478035358,-0.0013561059017571464
2017-01-02 09:00:00,-0.06576185342754304,0.008297069496836333
2017-01-02 09:00:00,1.3302601285833895,-0.012747334056628775
2017-01-02 09:00:00,0.7654922825683834,0.003191004355155229
2017-01-02 09:00:00,-1.2861691684523773,0.009319336551453724
2017-01-02 09:00:00,-0.32618638411215667,0.001222052522382878
2017-01-02 09:00:00,-0.784783181368418,0.0013130946250370194
2017-01-02 09:00:00,-1.0510659168146308,0.001045260786796589
2017-01-02 09:00:00,-1.2884218085050592,0.0018369502859584756
2017-01-02 09:00:00,-0.19161577045408545,0.00013733779860314316
2017-01-02 09:00:00,0.828447896591346,-0.6725550757289367
2017-01-02 09:00:00,1.6762735901882493,0.7255431969486982
2017-01-02 09:00:00,0.5376546513285786,0.00019721466126234433
2017-01-02 09:00:00,0.8234092015765088,-0.11307101285853492
2017-01-02 09:00:00,-0.5103252947850158,0.00044991576191844414
2017-01-02 09:00:00,-0.1184089313102258,-0.00044328024968822886
2017-01-02 09:00:00,0.1710369659779729,-0.00013186058220685418
2017-01-02 09:00:00,-0.7030287232118919,0.003155146367256701
2017-01-02 09:00:00,-1.5582629750062957,0.013646310426628342
2017-01-02 09:00:00,1.499246062046583,-0.0013998604920713246
2017-01-02 09:00:00,0.23091742792213696,-1.924121335417317e-05
2017-01-02 09:00:00,2.2866029976499194,1.8430754838684503e-05
2017-01-02 09:00:00,1.7504187923036831,-0.001388511251785164
2017-01-02 09:00:00,-0.014063923794920743,0.0008485818361538973
2017-01-02 09:00:00,0.29803241368942834,0.0005768421778829539
2017-01-02 09:00:00,0.9771607694074963,-0.0013283100881894031
2017-01-02 09:00:00,2.5603278222694397,0.0003202556929608528
2017-01-02 09:00:00,-0.2000043955283193,-0.00045980054731619536
2017-01-02 09:00:00,-1.1271068706669447,0.0008570074159659182
2017-01-02 09:00:00,-1.5363386637991794,0.00265650028813032
2017-01-02 09:00:00,-1.5369284297173815,0.0027256431292036285
2017-01-02 09:00:00,-0.5413544946363757,0.00042233472840597634
2017-01-02 09:00:00,0.2816104498824012,-0.0007496424786949343
2017-01-02 09:00:00,0.26278219994627194,-4.952052692827781e-05
2017-01-02 09:00:00,0.38367376536564635,-0.0007957909239643012
2017-01-02 09:00:00,0.5658259801591646,-0.0004894391765340972
2017-01-02 09:00:00,-1.0433985013881373,0.000749826802574197
2017-01-02 09:00:00,0.02062676855410107,-0.007248045424916161
2017-01-02 09:00:00,0.8952073696291253,-0.00201801241924313
2017-01-02 09:00:00,-0.6746301832382243,0.003874353402281107
2017-01-02 09:00:00,-0.3879448831453518,0.0027649476296533904
2017-01-02 09:00:00,-0.36761281886693964,0.008213002906568177
2017-01-02 09:00:00,-0.8443357559000075,0.07346200358864945
2017-01-02 09:00:00,0.6300912124080111,0.005214126653385422
2017-01-02 09:00:00,1.33909975272578,-0.012474760253063997
2017-01-02 09:00:00,-0.2778427506643805,0.003858189123737093
2017-01-02 09:00:00,-0.07198377333772736,-0.04468145797216679
2017-01-02 09:00:00,-0.08475337394019104,0.00349713458552196
2017-01-02 09:00:00,1.626038169562095,-0.0036392904396920986
2017-01-02 09:00:00,-0.12211724812514495,-0.0007938413770920701
2017-01-02 09:00:00,-0.21524066827629604,-0.0012683193445180074
2017-01-02 09:00:00,-0.2076089914272962,0.0003123848115574105
2017-01-02 10:00:00,-0.6063684791084148,0.0010932573273200986
2017-01-02 10:00:00,-0.6258991494169774,0.00640996574161192
2017-01-02 10:00:00,1.7636491185844652,-0.0082142666648902
2017-01-02 10:00:00,1.6245227478035358,-0.0013561059017571464
2017-01-02 10:00:00,-0.2215722984524919,0.008304654871896695
2017-01-02 10:00:00,1.5951378851258025,-0.012760229194231393
2017-01-02 10:00:00,0.9213027275933323,0.0031834189800948667
2017-01-02 10:00:00,-1.2705881239498822,0.009318578013947688
2017-01-02 10:00:00,-0.2950242951071669,0.0012205354473708038
2017-01-02 10:00:00,-0.7224590033584385,0.0013100604750128728
2017-01-02 10:00:00,-1.0043227833071464,0.0010429851742784803
2017-01-02 10:00:00,-1.2260976304950795,0.0018339161359343307
2017-01-02 10:00:00,-0.11371054794161099,0.00013354511107296218
2017-01-02 10:00:00,1.2491360981587092,-0.6725755562415997
2017-01-02 10:00:00,1.7853409017057134,0.725537887186156
2017-01-02 10:00:00,0.7090461408560224,0.00018887074869594422
2017-01-02 10:00:00,1.0259627801089433,-0.1130808738461134
2017-01-02 10:00:00,-0.4168390277700463,0.0004453645368822251
2017-01-02 10:00:00,0.006239424709733307,-0.0004493485497365203
2017-01-02 10:00:00,0.2021990549829627,-0.0001333776572189266
2017-01-02 10:00:00,-0.6095424561969226,0.0031505951422204836
2017-01-02 10:00:00,-1.5582629750062957,0.013646310426628342
2017-01-02 10:00:00,1.6394754625690369,-0.0014066873296256506
2017-01-02 10:00:00,0.3555657839420959,-2.5309513402464636e-05
2017-01-02 10:00:00,2.442413442674868,1.0845379778322341e-05
2017-01-02 10:00:00,1.8439050593186526,-0.001393062476821383
2017-01-02 10:00:00,0.01709816521006904,0.0008470647611418248
2017-01-02 10:00:00,0.2824513691869335,0.0005776007153889901
2017-01-02 10:00:00,0.9615797249050014,-0.001327551550683367
2017-01-02 10:00:00,2.5759088667719348,0.00031949715545481484
2017-01-02 10:00:00,-0.15326126202083465,-0.000462076159834304
2017-01-02 10:00:00,-1.0959447816619547,0.0008554903409538458
2017-01-02 10:00:00,-1.4895955302916948,0.0026542246756122113
2017-01-02 10:00:00,-1.5680905187223715,0.002727160204215701
2017-01-02 10:00:00,-0.4167061386164164,0.00041626642835768487
2017-01-02 10:00:00,0.3595156723948756,-0.0007534351662251154
2017-01-02 10:00:00,0.32510637795625147,-5.255467695242441e-05
2017-01-02 10:00:00,0.4615789878781208,-0.0007995836114944823
2017-01-02 10:00:00,0.6904743361791237,-0.0004955074765823885
2017-01-02 10:00:00,-1.0433985013881373,0.000749826802574197
2017-01-02 10:00:00,0.005045724051606185,-0.007247286887410125
2017-01-02 10:00:00,0.9886936366440947,-0.002022563644279347
2017-01-02 10:00:00,-0.6434680942332346,0.0038728363272690345
2017-01-02 10:00:00,-0.3879448831453518,0.0027649476296533904
2017-01-02 10:00:00,-0.30528864085696006,0.008209968756544032
2017-01-02 10:00:00,-0.782011577890028,0.0734589694386253
2017-01-02 10:00:00,0.6924153904179906,0.005211092503361275
2017-01-02 10:00:00,1.4325860197407494,-0.012479311478100214
2017-01-02 10:00:00,-0.24668066165939062,0.0038566720487250208
2017-01-02 10:00:00,-0.009659595327747865,-0.04468449212219094
2017-01-02 10:00:00,0.008732893074778215,0.003492583360485743
2017-01-02 10:00:00,1.750686525582054,-0.0036453587397403883
2017-01-02 10:00:00,-0.013049936607680768,-0.0007991511396343254
2017-01-02 10:00:00,-0.12175440126132672,-0.0012728705695542247
2017-01-02 10:00:00,-0.14528481341731667,0.0003093506615332656
2017-01-02 11:00:00,-0.5284632565959404,0.0010894646397899158
2017-01-02 11:00:00,-0.563574971406998,0.0064069315915877756
2017-01-02 11:00:00,1.9194595636094138,-0.008221852039950564
2017-01-02 11:00:00,2.060791993873391,-0.0013773449519261622
2017-01-02 11:00:00,-0.14366707594001749,0.008300862184366514
2017-01-02 11:00:00,1.7509483301507514,-0.012767814569291755
2017-01-02 11:00:00,0.9368837720958272,0.0031826604425888305
2017-01-02 11:00:00,-1.2550070794473873,0.009317819476441652
2017-01-02 11:00:00,-0.13921385008221787,0.0012129500723104417
2017-01-02 11:00:00,-0.7068779588559436,0.0013093019375068366
2017-01-02 11:00:00,-0.9887417388046527,0.001042226636772444
2017-01-02 11:00:00,-1.2105165859925846,0.0018331575984282945
2017-01-02 11:00:00,-0.06696741443412635,0.00013126949855485354
2017-01-02 11:00:00,1.4828517656961326,-0.6725869343041903
2017-01-02 11:00:00,1.972313435735652,0.7255287847360835
2017-01-02 11:00:00,0.6934650963535274,0.00018962928620198043
2017-01-02 11:00:00,1.197354269636387,-0.1130892177586798
2017-01-02 11:00:00,-0.3700958942625616,0.0004430889243641167
2017-01-02 11:00:00,0.2555361367496513,-0.00046148514983309984
2017-01-02 11:00:00,0.32684741100292164,-0.00013944595726721808
2017-01-02 11:00:00,-0.562799322689438,0.003148319529702375
2017-01-02 11:00:00,-1.5426819305038009,0.013645551889122306
2017-01-02 11:00:00,1.7641238185889963,-0.0014127556296739403
2017-01-02 11:00:00,0.3555657839420959,-2.5309513402464636e-05
2017-01-02 11:00:00,2.598223887699817,3.2600047179584417e-06
2017-01-02 11:00:00,1.999715504343601,-0.0014006478518817451
2017-01-02 11:00:00,0.03267920971256393,0.0008463062236357886
2017-01-02 11:00:00,0.37593763620190274,0.0005730494903527728
2017-01-02 11:00:00,1.1329712144324464,-0.001335895463249767
2017-01-02 11:00:00,2.7005572227918937,0.0003134288554065251
2017-01-02 11:00:00,-0.10651812851334995,-0.0004643517723524144
2017-01-02 11:00:00,-1.0336206036519753,0.0008524561909297009
2017-01-02 11:00:00,-1.5051765747941899,0.0026549832131182475
2017-01-02 11:00:00,-1.5369284297173815,0.0027256431292036285
2017-01-02 11:00:00,-0.3232198716014471,0.00041171520332146757
2017-01-02 11:00:00,0.530907161922319,-0.0007617790787915138
2017-01-02 11:00:00,0.26278219994627194,-4.952052692827781e-05
2017-01-02 11:00:00,0.5550652548930899,-0.0008041348365306996
2017-01-02 11:00:00,0.783960603194093,-0.0005000587016186058
2017-01-02 11:00:00,-1.0122364123831475,0.0007483097275621245
2017-01-02 11:00:00,0.06736990206158575,-0.00725032103743427
2017-01-02 11:00:00,1.1445040816690448,-0.002030149019339711
2017-01-02 11:00:00,-0.59672496072575,0.003870560714750926
2017-01-02 11:00:00,-0.3256207051353723,0.0027619134796292456
2017-01-02 11:00:00,-0.1494781958320111,0.00820238338148367
2017-01-02 11:00:00,-0.782011577890028,0.0734589694386253
2017-01-02 11:00:00,0.7547395684279702,0.00520805835333713
2017-01-02 11:00:00,1.9000173548155959,-0.012502067603281304
2017-01-02 11:00:00,-0.09087021663444173,0.003849086673664657
2017-01-02 11:00:00,0.11498876069221127,-0.04469056042223923
2017-01-02 11:00:00,0.10221916008974759,0.0034880321354495256
2017-01-02 11:00:00,2.1557936826469204,-0.0036650807148973317
2017-01-02 11:00:00,0.2206657309297425,-0.0008105292022248686
2017-01-02 11:00:00,-0.028268134246357407,-0.0012774217945904437
2017-01-02 11:00:00,0.010525631607632186,0.0003017652864729017
2017-01-02 12:00:00,-0.5596253456009302,0.0010909817148019882
2017-01-02 12:00:00,-0.547993926904503,0.006406173054081739
2017-01-02 12:00:00,1.6078386735595163,-0.008206681289829838
2017-01-02 12:00:00,1.889400504345949,-0.0013690010393597638
2017-01-02 12:00:00,-0.09692394243253279,0.008298586571848406
2017-01-02 12:00:00,1.6886241521407719,-0.01276478041926761
2017-01-02 12:00:00,0.8745595940858476,0.0031856945926129754
2017-01-02 12:00:00,-1.2550070794473873,0.009317819476441652
2017-01-02 12:00:00,-0.18595698358970253,0.0012152256848285503
2017-01-02 12:00:00,-0.7380400478609334,0.0013108190125189108
2017-01-02 12:00:00,-0.9731606943021577,0.0010414680992664078
2017-01-02 12:00:00,-1.2260976304950795,0.0018339161359343307
2017-01-02 12:00:00,0.2290724311132764,0.0001168572859401637
2017-01-02 12:00:00,1.3582034096761735,-0.6725808660041419
2017-01-02 12:00:00,2.1592859697655897,0.725519682286011
2017-01-02 12:00:00,0.8492755413784763,0.00018204391114161827
2017-01-02 12:00:00,1.2285163586413768,-0.11309073483369188
2017-01-02 12:00:00,-0.33893380525757183,0.00044157184935204424
2017-01-02 12:00:00,0.13088778072969245,-0.0004554168497848101
2017-01-02 12:00:00,0.38917158901290116,-0.00014248010729136295
2017-01-02 12:00:00,-0.547218278186943,0.0031475609921963387
2017-01-02 12:00:00,-1.4803577524938214,0.013642517739098161
2017-01-02 12:00:00,1.90435321911145,-0.001419582467228268
2017-01-02 12:00:00,0.5113762289670447,-3.289488846282702e-05
2017-01-02 12:00:00,2.816358510734745,-7.359520366548592e-06
2017-01-02 12:00:00,2.2645932608860138,-0.0014135429894843626
2017-01-02 12:00:00,0.09500338772254352,0.0008432720736116437
2017-01-02 12:00:00,0.4070997252068926,0.0005715324153407003
2017-01-02 12:00:00,1.1952953924424259,-0.001338929613273912
2017-01-02 12:00:00,2.8096245343093575,0.0003081190928642716
2017-01-02 12:00:00,-0.13768021751833978,-0.0004628346973403402
2017-01-02 12:00:00,-1.0024585146469867,0.0008509391159176285
2017-01-02 12:00:00,-1.5207576192966847,0.0026557417506242837
2017-01-02 12:00:00,-1.5369284297173815,0.0027256431292036285
2017-01-02 12:00:00,-0.27647673809396245,0.0004094395908033589
2017-01-02 12:00:00,0.6088123844347935,-0.0007655717663216948
2017-01-02 12:00:00,0.4497547339762106,-5.8622977000714145e-05
2017-01-02 12:00:00,0.6173894329030694,-0.0008071689865548445
2017-01-02 12:00:00,0.8774468702090624,-0.0005046099266548231
2017-01-02 12:00:00,-0.965493278875664,0.0007460341150440159
2017-01-02 12:00:00,0.036207813056595976,-0.007248803962422197
2017-01-02 12:00:00,1.0510178146540756,-0.0020255977943034937
2017-01-02 12:00:00,-0.6434680942332346,0.0038728363272690345
2017-01-02 12:00:00,-0.20097234911541303,0.002755845179580956
2017-01-02 12:00:00,-0.21180237384199063,0.008205417531507815
2017-01-02 12:00:00,-0.782011577890028,0.0734589694386253
2017-01-02 12:00:00,0.7547395684279702,0.00520805835333713
2017-01-02 12:00:00,2.118151977850523,-0.01251268712836581
2017-01-02 12:00:00,-0.09087021663444173,0.003849086673664657
2017-01-02 12:00:00,0.11498876069221127,-0.04469056042223923
2017-01-02 12:00:00,0.19570542710471686,0.0034834809104133083
2017-01-02 12:00:00,2.1713747271494155,-0.003665839252403368
2017-01-02 12:00:00,0.09601737490978347,-0.0008044609021765789
2017-01-02 12:00:00,-0.012687089743862522,-0.00127818033209648
2017-01-02 12:00:00,-0.020636457397357564,0.00030328236148497416
2017-01-02 13:00:00,-0.59078743460592,0.0010924987898140624
2017-01-02 13:00:00,-0.6258991494169774,0.00640996574161192
2017-01-02 13:00:00,1.5766765845545263,-0.008205164214817765
2017-01-02 13:00:00,1.7959142373309795,-0.0013644498143235465
2017-01-02 13:00:00,-0.05018080892504816,0.008296310959330297
2017-01-02 13:00:00,1.7197862411457616,-0.012766297494279683
2017-01-02 13:00:00,0.7810733270708784,0.0031902458176491927
2017-01-02 13:00:00,-1.2082639459399027,0.009315543863923543
2017-01-02 13:00:00,-0.13921385008221787,0.0012129500723104417
2017-01-02 13:00:00,-0.8003642258709129,0.0013138531625430556
2017-01-02 13:00:00,-0.9731606943021577,0.0010414680992664078
2017-01-02 13:00:00,-1.1949355414900897,0.0018323990609222583
2017-01-02 13:00:00,0.2913966091232558,0.00011382313591601882
2017-01-02 13:00:00,1.3270413206711837,-0.6725793489291298
2017-01-02 13:00:00,2.252772236780559,0.7255151310609749
2017-01-02 13:00:00,0.9271807638909507,0.00017825122361143719
2017-01-02 13:00:00,1.4154888926713154,-0.11309983728376431
2017-01-02 13:00:00,-0.2766096272475923,0.0004385376993278994
2017-01-02 13:00:00,0.20879300324216685,-0.0004592095373149912
2017-01-02 13:00:00,0.4982389005303654,-0.0001477898698336165
2017-01-02 13:00:00,-0.4848941001769633,0.003144526842172192
2017-01-02 13:00:00,-1.4803577524938214,0.013642517739098161
2017-01-02 13:00:00,2.1069067976438824,-0.0014294434548067388
2017-01-02 13:00:00,0.5113762289670447,-3.289488846282702e-05
2017-01-02 13:00:00,2.816358510734745,-7.359520366548592e-06
2017-01-02 13:00:00,2.5138899729259316,-0.001425679589580942
2017-01-02 13:00:00,0.20407069924000765,0.0008379623110693902
2017-01-02 13:00:00,0.37593763620190274,0.0005730494903527728
2017-01-02 13:00:00,1.3822679264723645,-0.0013480320633463465
2017-01-02 13:00:00,2.7473003562993785,0.00031115324288841646
2017-01-02 13:00:00,-0.04419395050337045,-0.00046738592237655926
2017-01-02 13:00:00,-1.0024585146469867,0.0008509391159176285
2017-01-02 13:00:00,-1.5051765747941899,0.0026549832131182475
2017-01-02 13:00:00,-1.5213473852148869,0.0027248845916975923
2017-01-02 13:00:00,-0.22973360458647768,0.00040716397828525027
2017-01-02 13:00:00,0.5932313399322987,-0.0007648132288156586
2017-01-02 13:00:00,0.3095253334537566,-5.1796139446388197e-05
2017-01-02 13:00:00,0.6641325664105541,-0.0008094445990729531
2017-01-02 13:00:00,0.8930279147115572,-0.0005053684641608593
2017-01-02 13:00:00,-0.9187501453681793,0.0007437585025259072
2017-01-02 13:00:00,0.14527512457406014,-0.007254113724964451
2017-01-02 13:00:00,1.237990348684014,-0.0020347002443759283
2017-01-02 13:00:00,-0.6278870497307397,0.0038720777897629983
2017-01-02 13:00:00,-0.10748608210044369,0.002751293954544737
2017-01-02 13:00:00,-0.18064028483700087,0.008203900456495742
2017-01-02 13:00:00,-0.782011577890028,0.0734589694386253
2017-01-02 13:00:00,0.8482258354429395,0.005203507128300913
2017-01-02 13:00:00,2.2739624228754716,-0.012520272503426175
2017-01-02 13:00:00,-0.09087021663444173,0.003849086673664657
2017-01-02 13:00:00,0.14615084969720096,-0.0446920774972513
2017-01-02 13:00:00,0.35151587212966556,0.0034758955353529444
2017-01-02 13:00:00,2.3116041276718695,-0.0036726660899576956
2017-01-02 13:00:00,0.3608951314521963,-0.0008173560397791963
2017-01-02 13:00:00,0.01847499926112723,-0.0012796974071085524
2017-01-02 13:00:00,0.02610667611012709,0.0003010067489668655
2017-01-02 14:00:00,-0.575206390103425,0.0010917402523080261
2017-01-02 14:00:00,-0.6103181049144826,0.006409207204105884
2017-01-02 14:00:00,1.888297474604424,-0.008220334964938491
2017-01-02 14:00:00,1.6868469258135153,-0.0013591400517812913
2017-01-02 14:00:00,-0.205991253949997,0.008303896334390659
2017-01-02 14:00:00,1.9223398196781951,-0.012776158481858153
2017-01-02 14:00:00,0.7499112380658886,0.003191762892661265
2017-01-02 14:00:00,-1.2550070794473873,0.009317819476441652
2017-01-02 14:00:00,-0.2327001170971872,0.001217501297346659
2017-01-02 14:00:00,-0.8003642258709129,0.0013138531625430556
2017-01-02 14:00:00,-0.9887417388046527,0.001042226636772444
2017-01-02 14:00:00,-1.2260976304950795,0.0018339161359343307
2017-01-02 14:00:00,0.3069776536257507,0.0001130645984099826
2017-01-02 14:00:00,1.3426223651736786,-0.6725801074666359
2017-01-02 14:00:00,2.4709068598154875,0.7255045115358904
2017-01-02 14:00:00,1.1764774759308698,0.000166114623514856
2017-01-02 14:00:00,1.5712993376962643,-0.11310742265882467
2017-01-02 14:00:00,-0.16754231573012798,0.00043322793678564586
2017-01-02 14:00:00,0.27111718125214623,-0.00046224368733913606
2017-01-02 14:00:00,0.6228872565503243,-0.00015385816988190622
2017-01-02 14:00:00,-0.391407833161994,0.003139975617135975
2017-01-02 14:00:00,-1.4647767079913265,0.013641759201592125
2017-01-02 14:00:00,2.325041420678811,-0.0014400629798912476
2017-01-02 14:00:00,0.5737004069770242,-3.5929038486971884e-05
2017-01-02 14:00:00,2.8786826887447248,-1.0393670390693459e-05
2017-01-02 14:00:00,2.6073762399409013,-0.001430230814617161
2017-01-02 14:00:00,-0.15429332431737472,0.0008554086737082249
2017-01-02 14:00:00,0.32919450269441813,0.0005753251028708814
2017-01-02 14:00:00,1.4290110599798493,-0.0013503076758644551
2017-01-02 14:00:00,2.7005572227918937,0.0003134288554065251
2017-01-02 14:00:00,0.06487336101409373,-0.0004726956849188128
2017-01-02 14:00:00,-1.0024585146469867,0.0008509391159176285
2017-01-02 14:00:00,-1.4895955302916948,0.0026542246756122113
2017-01-02 14:00:00,-1.5369284297173815,0.0027256431292036285
2017-01-02 14:00:00,-0.1985715155814879,0.00040564690327317784
2017-01-02 14:00:00,0.6867176069472679,-0.0007693644538518777
2017-01-02 14:00:00,0.4497547339762106,-5.8622977000714145e-05
2017-01-02 14:00:00,0.8355240559379978,-0.0008177885116393532
2017-01-02 14:00:00,1.080000448741497,-0.0005144709142332957
2017-01-02 14:00:00,-0.8720070118606948,0.0007414828900077969
2017-01-02 14:00:00,0.14527512457406014,-0.007254113724964451
2017-01-02 14:00:00,1.237990348684014,-0.0020347002443759283
2017-01-02 14:00:00,-0.6278870497307397,0.0038720777897629983
2017-01-02 14:00:00,-0.10748608210044369,0.002751293954544737
2017-01-02 14:00:00,-0.18064028483700087,0.008203900456495742
2017-01-02 14:00:00,-0.782011577890028,0.0734589694386253
2017-01-02 14:00:00,0.910550013452919,0.005200472978276768
2017-01-02 14:00:00,2.3674486898904408,-0.012524823728462392
2017-01-02 14:00:00,-0.05970812762945198,0.0038475695986525844
2017-01-02 14:00:00,0.23963711671217025,-0.04469662872228752
2017-01-02 14:00:00,0.4450021391446349,0.003471344310316727
2017-01-02 14:00:00,2.2181178606569,-0.0036681148649214766
2017-01-02 14:00:00,0.7348401995120735,-0.0008355609399240675
2017-01-02 14:00:00,0.5949736458534377,-0.0013077632948318941
2017-01-02 14:00:00,0.05726876511511686,0.0002994896739547931
2017-01-02 15:00:00,-0.6063684791084148,0.0010932573273200986
2017-01-02 15:00:00,-0.6570612384219672,0.006411482816623993
2017-01-02 15:00:00,1.7948112075894547,-0.008215783739902272
2017-01-02 15:00:00,1.5310364807885666,-0.0013515546767209291
2017-01-02 15:00:00,-0.361801698974946,0.008311481709451025
2017-01-02 15:00:00,1.8444345971657208,-0.012772365794327972
2017-01-02 15:00:00,0.7343301935633937,0.0031925214301673013
2017-01-02 15:00:00,-1.2394260349448925,0.009317060938935615
2017-01-02 15:00:00,-0.2327001170971872,0.001217501297346659
2017-01-02 15:00:00,-0.8003642258709129,0.0013138531625430556
2017-01-02 15:00:00,-1.0043227833071464,0.0010429851742784803
2017-01-02 15:00:00,-1.2260976304950795,0.0018339161359343307
2017-01-02 15:00:00,0.26023452011826603,0.00011534021092809125
2017-01-02 15:00:00,1.3893654986811632,-0.672582383079154
2017-01-02 15:00:00,2.517649993322972,0.7255022359233723
2017-01-02 15:00:00,1.2543826984433444,0.0001623219359846749
2017-01-02 15:00:00,1.6336235157062438,-0.11311045680884882
2017-01-02 15:00:00,-0.12079918222264328,0.0004309523242675355
2017-01-02 15:00:00,0.4113465817746002,-0.00046907052489346374
2017-01-02 15:00:00,0.6852114345603038,-0.00015689231990605282
2017-01-02 15:00:00,-0.4225699221669838,0.0031414926921480473
2017-01-02 15:00:00,-1.4803577524938214,0.013642517739098161
2017-01-02 15:00:00,2.4341087321962753,-0.001445372742433501
2017-01-02 15:00:00,0.5737004069770242,-3.5929038486971884e-05
2017-01-02 15:00:00,2.644967021207301,9.843921998497894e-07
2017-01-02 15:00:00,2.7320245959608602,-0.0014362991146654504
2017-01-02 15:00:00,-0.07638810180490023,0.0008516159861780421
2017-01-02 15:00:00,0.23570823567944896,0.0005798763279071005
2017-01-02 15:00:00,1.3978489709748594,-0.0013487906008523827
2017-01-02 15:00:00,2.5759088667719348,0.00031949715545481484
2017-01-02 15:00:00,0.03371127200910398,-0.00047117860990674034
2017-01-02 15:00:00,-1.0024585146469867,0.0008509391159176285
2017-01-02 15:00:00,-1.4740144857892,0.002653466138106175
2017-01-02 15:00:00,-1.4590232072049072,0.0027218504416734474
2017-01-02 15:00:00,-0.21415256008398278,0.00040640544077921405
2017-01-02 15:00:00,0.6555555179422782,-0.0007678473788398035
2017-01-02 15:00:00,0.3406874224587464,-5.331321445846063e-05
2017-01-02 15:00:00,0.8822671894454825,-0.0008200641241574619
2017-01-02 15:00:00,1.1734867157564663,-0.000519022139269513
2017-01-02 15:00:00,-0.8252638783532101,0.0007392072774896882
2017-01-02 15:00:00,0.23876139158902943,-0.007258664950000668
2017-01-02 15:00:00,1.0198557256490857,-0.0020240807192914195
2017-01-02 15:00:00,-0.5188197382132755,0.003866768027220745
2017-01-02 15:00:00,-0.06074294859295906,0.002749018342026628
2017-01-02 15:00:00,-0.18064028483700087,0.008203900456495742
2017-01-02 15:00:00,-0.782011577890028,0.0734589694386253
2017-01-02 15:00:00,0.910550013452919,0.005200472978276768
2017-01-02 15:00:00,2.3674486898904408,-0.012524823728462392
2017-01-02 15:00:00,-0.05970812762945198,0.0038475695986525844
2017-01-02 15:00:00,0.23963711671217025,-0.04469662872228752
2017-01-02 15:00:00,0.4450021391446349,0.003471344310316727
2017-01-02 15:00:00,2.2025368161544048,-0.0036673563274154403
2017-01-02 15:00:00,0.656934976999599,-0.0008317682523938844
2017-01-02 15:00:00,0.5638115568484479,-0.0013062462198198217
2017-01-02 15:00:00,-0.05179854640234734,0.0003047994364970466
2017-01-02 16:00:00,-0.575206390103425,0.0010917402523080261
2017-01-02 16:00:00,-0.688223327426957,0.006412999891636065
2017-01-02 16:00:00,2.0129458306243815,-0.008226403264986781
2017-01-02 16:00:00,1.7959142373309795,-0.0013644498143235465
2017-01-02 16:00:00,-0.25273438745748183,0.008306171946908768
2017-01-02 16:00:00,1.828853552663226,-0.012771607256821936
2017-01-02 16:00:00,0.6720060155534141,0.0031955555801914466
2017-01-02 16:00:00,-1.2705881239498822,0.009318578013947688
2017-01-02 16:00:00,-0.24828116159968205,0.0012182598348526952
2017-01-02 16:00:00,-0.8471073593783975,0.0013161287750611643
2017-01-02 16:00:00,-1.0043227833071464,0.0010429851742784803
2017-01-02 16:00:00,-1.2260976304950795,0.0018339161359343307
2017-01-02 16:00:00,0.26023452011826603,0.00011534021092809125
2017-01-02 16:00:00,1.3426223651736786,-0.6725801074666359
2017-01-02 16:00:00,2.3306774592930335,0.7255113383734446
2017-01-02 16:00:00,1.2388016539408495,0.00016308047349071112
2017-01-02 16:00:00,1.5401372486912746,-0.1131059055838126
2017-01-02 16:00:00,-0.18312336023262288,0.0004339864742916821
2017-01-02 16:00:00,0.3957655372721053,-0.0004683119873874275
2017-01-02 16:00:00,0.6228872565503243,-0.00015385816988190622
2017-01-02 16:00:00,-0.4848941001769633,0.003144526842172192
2017-01-02 16:00:00,-1.4803577524938214,0.013642517739098161
2017-01-02 16:00:00,2.3094603761763164,-0.0014393044423852113
2017-01-02 16:00:00,0.6048624959820139,-3.744611349904432e-05
2017-01-02 16:00:00,1.8814958405850533,3.8152729995627874e-05
2017-01-02 16:00:00,2.7008625069558705,-0.0014347820396533784
2017-01-02 16:00:00,-0.07638810180490023,0.0008516159861780421
2017-01-02 16:00:00,-0.37195249991785173,0.0006094592906425146
2017-01-02 16:00:00,1.3822679264723645,-0.0013480320633463465
2017-01-02 16:00:00,2.217544843214552,0.00033694351809364945
2017-01-02 16:00:00,0.03371127200910398,-0.00047117860990674034
2017-01-02 16:00:00,-0.9868774701444921,0.0008501805784115922
2017-01-02 16:00:00,-1.4740144857892,0.002653466138106175
2017-01-02 16:00:00,-1.4434421627024125,0.002721091904167411
2017-01-02 16:00:00,-0.1985715155814879,0.00040564690327317784
2017-01-02 16:00:00,0.5932313399322987,-0.0007648132288156586
2017-01-02 16:00:00,0.3406874224587464,-5.331321445846063e-05
2017-01-02 16:00:00,0.6018083884005746,-0.0008064104490488083
2017-01-02 16:00:00,1.1267435822489817,-0.0005167465267514043
2017-01-02 16:00:00,-0.8252638783532101,0.0007392072774896882
2017-01-02 16:00:00,0.23876139158902943,-0.007258664950000668
2017-01-02 16:00:00,1.0198557256490857,-0.0020240807192914195
2017-01-02 16:00:00,-0.5188197382132755,0.003866768027220745
2017-01-02 16:00:00,-0.06074294859295906,0.002749018342026628
2017-01-02 16:00:00,-0.36761281886693964,0.008213002906568177
2017-01-02 16:00:00,-0.8443357559000075,0.07346200358864945
2017-01-02 16:00:00,0.6924153904179906,0.005211092503361275
2017-01-02 16:00:00,2.180476155860503,-0.012515721278389956
2017-01-02 16:00:00,-0.15319439464442133,0.0038521208236888035
2017-01-02 16:00:00,0.14615084969720096,-0.0446920774972513
2017-01-02 16:00:00,0.039894982079768,0.0034910662854736704
2017-01-02 16:00:00,2.2492799496618896,-0.0036696319399335507
2017-01-02 16:00:00,0.6413539324971042,-0.0008310097148878482
2017-01-02 16:00:00,0.48590633433597363,-0.0013024535322896406
2017-01-02 16:00:00,-0.020636457397357564,0.00030328236148497416
2017-01-02 17:00:00,-0.5440443010984353,0.001090223177295952
2017-01-02 17:00:00,-0.688223327426957,0.006412999891636065
2017-01-02 17:00:00,2.0441079196293717,-0.008227920339998853
2017-01-02 17:00:00,2.8865873525056203,-0.0014175474397460869
2017-01-02 17:00:00,-0.5643552775073797,0.008321342697029496
2017-01-02 17:00:00,1.7353672856482565,-0.012767056031785719
2017-01-02 17:00:00,0.6096818375434346,0.0031985897302155915
2017-01-02 17:00:00,-1.2861691684523773,0.009319336551453724
2017-01-02 17:00:00,-0.34176742861465154,0.0012228110598889142
2017-01-02 17:00:00,-0.8315263148759027,0.001315370237555128
2017-01-02 17:00:00,-1.0043227833071464,0.0010429851742784803
2017-01-02 17:00:00,-1.2260976304950795,0.0018339161359343307
2017-01-02 17:00:00,0.21349138661078154,0.00011761582344619992
2017-01-02 17:00:00,1.1244877421387502,-0.6725694879415514
2017-01-02 17:00:00,2.221610147775569,0.7255166481359869
2017-01-02 17:00:00,1.1764774759308698,0.000166114623514856
2017-01-02 17:00:00,1.3999078481688205,-0.11309907874625827
2017-01-02 17:00:00,-0.26102858274509744,0.00043777916182186316
2017-01-02 17:00:00,0.3490224037646207,-0.0004660363748693189
2017-01-02 17:00:00,0.5605630785403447,-0.00015082401985776135
2017-01-02 17:00:00,-0.5004751446794583,0.0031452853796782284
2017-01-02 17:00:00,-1.4959387969963163,0.013643276276604197
2017-01-02 17:00:00,2.2003930646588516,-0.001433994679842956
2017-01-02 17:00:00,0.5737004069770242,-3.5929038486971884e-05
2017-01-02 17:00:00,1.4452265945151963,5.939178016464367e-05
2017-01-02 17:00:00,2.4671468394184473,-0.0014234039770628334
2017-01-02 17:00:00,-0.10755019080988999,0.0008531330611901146
2017-01-02 17:00:00,-0.6991544344702445,0.0006253885782692769
2017-01-02 17:00:00,1.30436270395989,-0.0013442393758161654
2017-01-02 17:00:00,1.8747618641596657,0.00035363134322644773
2017-01-02 17:00:00,-0.05977499500586529,-0.00046662738487052304
2017-01-02 17:00:00,-1.0959447816619547,0.0008554903409538458
2017-01-02 17:00:00,-1.4895955302916948,0.0026542246756122113
2017-01-02 17:00:00,-1.474604251707402,0.0027226089791794836
2017-01-02 17:00:00,-0.21415256008398278,0.00040640544077921405
2017-01-02 17:00:00,0.546488206424814,-0.00076253761629755
2017-01-02 17:00:00,0.5588220454936745,-6.393273954296766e-05
2017-01-02 17:00:00,0.5083221213856053,-0.000801859224012591
2017-01-02 17:00:00,0.8930279147115572,-0.0005053684641608593
2017-01-02 17:00:00,-0.8564259673581999,0.0007407243525017606
2017-01-02 17:00:00,0.09853199106657555,-0.007251838112446342
2017-01-02 17:00:00,1.0510178146540756,-0.0020255977943034937
2017-01-02 17:00:00,-0.59672496072575,0.003870560714750926
2017-01-02 17:00:00,-0.1542292156079284,0.002753569567062847
2017-01-02 17:00:00,-0.21180237384199063,0.008205417531507815
2017-01-02 17:00:00,-0.8443357559000075,0.07346200358864945
2017-01-02 17:00:00,0.5989291234030213,0.005215643728397494
2017-01-02 17:00:00,2.055827799840543,-0.012509652978341666
2017-01-02 17:00:00,-0.15319439464442133,0.0038521208236888035
2017-01-02 17:00:00,0.11498876069221127,-0.04469056042223923
2017-01-02 17:00:00,0.008732893074778215,0.003492583360485743
2017-01-02 17:00:00,2.0311453266269615,-0.003659012414849042
2017-01-02 17:00:00,0.656934976999599,-0.0008317682523938844
2017-01-02 17:00:00,0.5170684233409633,-0.001303970607301713
2017-01-02 17:00:00,-0.06737959090484219,0.0003055579740030828
2017-01-02 18:00:00,-0.575206390103425,0.0010917402523080261
2017-01-02 18:00:00,-0.7193854164319468,0.006414516966648138
2017-01-02 18:00:00,1.8415543410969395,-0.00821805935242038
2017-01-02 18:00:00,2.9644925750180944,-0.001421340127276268
2017-01-02 18:00:00,-0.6890036335273387,0.008327410997077785
2017-01-02 18:00:00,1.7353672856482565,-0.012767056031785719
2017-01-02 18:00:00,0.5006145260259705,0.0032038994927578467
2017-01-02 18:00:00,-1.2861691684523773,0.009319336551453724
2017-01-02 18:00:00,-0.4040916066246311,0.001225845209913059
2017-01-02 18:00:00,-0.8315263148759027,0.001315370237555128
2017-01-02 18:00:00,-1.0043227833071464,0.0010429851742784803
2017-01-02 18:00:00,-1.2260976304950795,0.0018339161359343307
2017-01-02 18:00:00,0.21349138661078154,0.00011761582344619992
2017-01-02 18:00:00,0.9063531191038204,-0.6725588684164668
2017-01-02 18:00:00,1.847665079715693,0.7255348530361317
2017-01-02 18:00:00,1.036248075408416,0.00017294146106918194
2017-01-02 18:00:00,1.2129353141388821,-0.11308997629618583
2017-01-02 18:00:00,-0.448001116775036,0.00044688161189429754
2017-01-02 18:00:00,0.03740151371472309,-0.00045086562474859276
2017-01-02 18:00:00,0.5761441230428396,-0.00015158255736379757
2017-01-02 18:00:00,-0.4693130556744684,0.003143768304666156
2017-01-02 18:00:00,-1.4803577524938214,0.013642517739098161
2017-01-02 18:00:00,1.9666773971214295,-0.0014226166172524128
2017-01-02 18:00:00,0.44905205095706524,-2.9860738438682152e-05
2017-01-02 18:00:00,1.071281526455319,7.75966803095146e-05
2017-01-02 18:00:00,2.2801743053885084,-0.0014143015269903988
2017-01-02 18:00:00,0.06384129871755374,0.0008447891486237162
2017-01-02 18:00:00,-0.8705459239976883,0.0006337324908356753
2017-01-02 18:00:00,1.055065991919972,-0.001332102775719586
2017-01-02 18:00:00,1.3450063510748398,0.00037942161843168256
2017-01-02 18:00:00,-0.262328573538299,-0.0004567663972920505
2017-01-02 18:00:00,-0.9868774701444921,0.0008501805784115922
2017-01-02 18:00:00,-1.5207576192966847,0.0026557417506242837
2017-01-02 18:00:00,-1.474604251707402,0.0027226089791794836
2017-01-02 18:00:00,-0.3076388270989522,0.00041095666581543135
2017-01-02 18:00:00,0.46858298391233977,-0.0007587449287673689
2017-01-02 18:00:00,0.3406874224587464,-5.331321445846063e-05
2017-01-02 18:00:00,0.4615789878781208,-0.0007995836114944823
2017-01-02 18:00:00,0.8930279147115572,-0.0005053684641608593
2017-01-02 18:00:00,-0.8564259673581999,0.0007407243525017606
2017-01-02 18:00:00,-0.026116364953383576,-0.0072457698123980525
2017-01-02 18:00:00,0.94195050313661,-0.0020202880317612385
2017-01-02 18:00:00,-0.59672496072575,0.003870560714750926
2017-01-02 18:00:00,-0.1542292156079284,0.002753569567062847
2017-01-02 18:00:00,-0.39877490787192943,0.00821451998158025
2017-01-02 18:00:00,-0.8443357559000075,0.07346200358864945
2017-01-02 18:00:00,0.5677670343980316,0.0052171608034095665
2017-01-02 18:00:00,1.7753689987956367,-0.012495999303233012
2017-01-02 18:00:00,-0.09087021663444173,0.003849086673664657
2017-01-02 18:00:00,0.05266458268223168,-0.04468752627221508
2017-01-02 18:00:00,-0.05359128493520131,0.0034956175105098877
2017-01-02 18:00:00,1.8597538370995181,-0.0036506685022826436
2017-01-02 18:00:00,0.5790297544871246,-0.0008279755648637033
2017-01-02 18:00:00,0.3145148448085299,-0.0012941096197232422
2017-01-02 18:00:00,-0.08296063540733707,0.000306316511509119
2017-01-02 19:00:00,-0.5284632565959404,0.0010894646397899158
2017-01-02 19:00:00,-0.7038043719294519,0.0064137584291421015
2017-01-02 19:00:00,1.5455144955495366,-0.008203647139805693
2017-01-02 19:00:00,2.419156017430774,-0.001394791314564997
2017-01-02 19:00:00,-0.7669088560398132,0.008331203684607966
2017-01-02 19:00:00,1.6574620631357821,-0.012763263344255538
2017-01-02 19:00:00,0.6096818375434346,0.0031985897302155915
2017-01-02 19:00:00,-1.2861691684523773,0.009319336551453724
2017-01-02 19:00:00,-0.24828116159968205,0.0012182598348526952
2017-01-02 19:00:00,-0.5978106473384794,0.001303992174964583
2017-01-02 19:00:00,-0.926417560794673,0.0010391924867482992
2017-01-02 19:00:00,-1.2260976304950795,0.0018339161359343307
2017-01-02 19:00:00,0.3069776536257507,0.0001130645984099826
2017-01-02 19:00:00,1.0621635641287708,-0.6725664537915272
2017-01-02 19:00:00,2.00347552474064,0.7255272676610715
2017-01-02 19:00:00,0.9583428528959405,0.00017673414859936475
2017-01-02 19:00:00,1.2129353141388821,-0.11308997629618583
2017-01-02 19:00:00,-0.448001116775036,0.00044688161189429754
2017-01-02 19:00:00,-0.04050370879775133,-0.0004470729372184117
2017-01-02 19:00:00,0.4982389005303654,-0.0001477898698336165
2017-01-02 19:00:00,-0.6095424561969226,0.0031505951422204836
2017-01-02 19:00:00,-1.4647767079913265,0.013641759201592125
2017-01-02 19:00:00,2.091325753141388,-0.0014286849173007026
2017-01-02 19:00:00,0.5269572734695395,-3.3653425968863235e-05
2017-01-02 19:00:00,1.258254060485258,6.849423023708e-05
2017-01-02 19:00:00,2.5294710174284267,-0.0014264381270869782
2017-01-02 19:00:00,0.157327565732523,0.0008402379235874989
2017-01-02 19:00:00,-0.886126968500183,0.0006344910283417115
2017-01-02 19:00:00,1.2420385259499105,-0.0013412052257920205
2017-01-02 19:00:00,0.8308318824925072,0.00040445335613087933
2017-01-02 19:00:00,-0.23116648453330907,-0.0004582834723041229
2017-01-02 19:00:00,-0.8466480696220381,0.0008433537408572646
2017-01-02 19:00:00,-1.5207576192966847,0.0026557417506242837
2017-01-02 19:00:00,-1.4590232072049072,0.0027218504416734474
2017-01-02 19:00:00,-0.18299047107899302,0.0004048883657671416
2017-01-02 19:00:00,0.9204332744846911,-0.0007807425164424209
2017-01-02 19:00:00,0.3406874224587464,-5.331321445846063e-05
2017-01-02 19:00:00,0.5550652548930899,-0.0008041348365306996
2017-01-02 19:00:00,0.8930279147115572,-0.0005053684641608593
2017-01-02 19:00:00,-0.8720070118606948,0.0007414828900077969
2017-01-02 19:00:00,0.05178885755909086,-0.0072495624999282336
2017-01-02 19:00:00,1.2847334821914989,-0.002036975856894037
2017-01-02 19:00:00,-0.6434680942332346,0.0038728363272690345
2017-01-02 19:00:00,-0.09190503759794881,0.0027505354170387006
2017-01-02 19:00:00,-0.02482983981205202,0.008196315081435378
2017-01-02 19:00:00,-0.7196873998800485,0.07345593528860116
2017-01-02 19:00:00,0.8482258354429395,0.005203507128300913
2017-01-02 19:00:00,2.118151977850523,-0.01251268712836581
2017-01-02 19:00:00,0.06494022839050713,0.0038415012986042947
2017-01-02 19:00:00,0.36428547273212925,-0.044702697022335806
2017-01-02 19:00:00,0.07105707108475781,0.003489549210461598
2017-01-02 19:00:00,2.2648609941643847,-0.003670390477439587
2017-01-02 19:00:00,0.6725160215020939,-0.0008325267898999224
2017-01-02 19:00:00,0.2521906667985505,-0.0012910754696990956
2017-01-02 19:00:00,0.010525631607632186,0.0003017652864729017
2017-01-02 20:00:00,-0.29474758905851695,0.0010780865771993725
2017-01-02 20:00:00,-0.407764526382049,0.006399346216527413
2017-01-02 20:00:00,1.8571353855994341,-0.008218817889926417
2017-01-02 20:00:00,2.5438043734507327,-0.0014008596146132884
2017-01-02 20:00:00,-0.7980709450448029,0.008332720759620039
2017-01-02 20:00:00,2.000245042190668,-0.012779951169388336
2017-01-02 20:00:00,1.513382418688139,0.003154594554865487
2017-01-02 20:00:00,-1.1926829014374078,0.009314785326417507
2017-01-02 20:00:00,0.2035691289726696,0.0011962622471776432
2017-01-02 20:00:00,-0.4887433358210151,0.0012986824124223296
2017-01-02 20:00:00,-0.8329312937797038,0.001034641261712082
2017-01-02 20:00:00,-1.2105165859925846,0.0018331575984282945
2017-01-02 20:00:00,0.5874364546706586,9.941092330132897e-05
2017-01-02 20:00:00,1.9970262342784637,-0.6726119660418894
2017-01-02 20:00:00,2.938338194890334,0.7254817554107093
2017-01-02 20:00:00,1.3478689654583138,0.0001577707109484576
2017-01-02 20:00:00,1.9919875392636262,-0.11312790317148765
2017-01-02 20:00:00,-0.21428544923761264,0.0004355035493037545
2017-01-02 20:00:00,0.11530673622719756,-0.00045465831227877384
2017-01-02 20:00:00,0.8877650130927373,-0.00016675330748452364
2017-01-02 20:00:00,-0.5316372336844482,0.0031468024546903025
2017-01-02 20:00:00,-1.418033574483842,0.013639483589074016
2017-01-02 20:00:00,3.0885126013010606,-0.0014772313176870256
2017-01-02 20:00:00,0.7918350300119527,-4.654856357148065e-05
2017-01-02 20:00:00,2.1931167306349497,2.2981979874903537e-05
2017-01-02 20:00:00,3.6045630881005737,-0.001478777215003482
2017-01-02 20:00:00,0.31313801075747166,0.000832652548527135
2017-01-02 20:00:00,-0.901708013002678,0.0006352495658477495
2017-01-02 20:00:00,1.475754193487334,-0.0013525832883825655
2017-01-02 20:00:00,0.861993971497497,0.0004029362811188069
2017-01-02 20:00:00,-0.07535603950836019,-0.0004658688473644868
2017-01-02 20:00:00,-0.7999049361145535,0.0008410781283391559
2017-01-02 20:00:00,-1.5051765747941899,0.0026549832131182475
2017-01-02 20:00:00,-1.4434421627024125,0.002721091904167411
2017-01-02 20:00:00,-0.011598981551549283,0.0003965444532007415
2017-01-02 20:00:00,1.2476352090370852,-0.0007966718040691832
2017-01-02 20:00:00,0.7302135350211183,-7.227665210936778e-05
2017-01-02 20:00:00,1.4899279250427844,-0.000849647086892878
2017-01-02 20:00:00,1.625337006328818,-0.000541019726944565
2017-01-02 20:00:00,-0.6538723888257664,0.0007308633649232898
2017-01-02 20:00:00,0.33224765860399863,-0.007263216175036887
2017-01-02 20:00:00,2.0014615293062623,-0.0020718685821717064
2017-01-02 20:00:00,-0.6278870497307397,0.0038720777897629983
2017-01-02 20:00:00,0.2508779414569385,0.0027338475919059043
2017-01-02 20:00:00,0.1621426942178866,0.008187212631362944
2017-01-02 20:00:00,-0.5638769548550997,0.0734483499135408
2017-01-02 20:00:00,1.3779813485277668,0.00517771685309568
2017-01-02 20:00:00,2.5544212239203796,-0.012533926178534827
2017-01-02 20:00:00,0.4077232074453945,0.003824813473471496
2017-01-02 20:00:00,0.7693926297969961,-0.044722418997492755
2017-01-02 20:00:00,0.41384005013964514,0.0034728613853287995
2017-01-02 20:00:00,2.779035462746716,-0.003695422215138784
2017-01-02 20:00:00,1.2645957125969007,-0.0008613512151293003
2017-01-02 20:00:00,0.7352030463758916,-0.001314590132386222
2017-01-02 20:00:00,0.29098443265254004,0.0002881116113642481
2017-01-02 21:00:00,-0.29474758905851695,0.0010780865771993725
2017-01-02 21:00:00,-0.34544034837206944,0.006396312066503265
2017-01-02 21:00:00,1.6857438960719906,-0.008210473977360019
2017-01-02 21:00:00,2.3256697504158046,-0.0013902400895287796
2017-01-02 21:00:00,-0.642260500019854,0.008325135384559677
2017-01-02 21:00:00,2.1716365317181126,-0.012788295081954735
2017-01-02 21:00:00,1.7315170417230676,0.0031439750297809783
2017-01-02 21:00:00,-1.177101856934913,0.00931402678891147
2017-01-02 21:00:00,0.2814743514851439,0.001192469559647462
2017-01-02 21:00:00,-0.364094979801056,0.0012926141123740399
2017-01-02 21:00:00,-0.7706071157697243,0.001031607111687937
2017-01-02 21:00:00,-1.0702871854701306,0.0018263307608739686
2017-01-02 21:00:00,0.6341795881781432,9.713531078322032e-05
2017-01-02 21:00:00,2.3086471243283606,-0.6726271367920101
2017-01-02 21:00:00,3.6394851975026037,0.7254476212229376
2017-01-02 21:00:00,1.581584632995737,0.00014639264835791262
2017-01-02 21:00:00,2.615229319363421,-0.11315824467172911
2017-01-02 21:00:00,-0.08963709321765352,0.0004294352492554628
2017-01-02 21:00:00,0.19321195873967195,-0.000458450999808955
2017-01-02 21:00:00,1.1682238141376464,-0.00018040698259317727
2017-01-02 21:00:00,-0.4225699221669838,0.0031414926921480473
2017-01-02 21:00:00,-1.418033574483842,0.013639483589074016
2017-01-02 21:00:00,3.135255734808545,-0.0014795069302051343
2017-01-02 21:00:00,0.8229971190169424,-4.806563858355308e-05
2017-01-02 21:00:00,2.2242788196399395,2.146490486282937e-05
2017-01-02 21:00:00,3.6513062216080585,-0.0014810528275215906
2017-01-02 21:00:00,0.31313801075747166,0.000832652548527135
2017-01-02 21:00:00,-0.8705459239976883,0.0006337324908356753
2017-01-02 21:00:00,1.475754193487334,-0.0013525832883825655
2017-01-02 21:00:00,0.5659541259500941,0.00041734849373349674
2017-01-02 21:00:00,-0.07535603950836019,-0.0004658688473644868
2017-01-02 21:00:00,-0.7843238916120585,0.0008403195908331197
2017-01-02 21:00:00,-1.4895955302916948,0.0026542246756122113
2017-01-02 21:00:00,-1.4434421627024125,0.002721091904167411
2017-01-02 21:00:00,0.035144151955935385,0.00039426884068263286
2017-01-02 21:00:00,1.3255404315495596,-0.0008004644915993643
2017-01-02 21:00:00,0.6211462235036541,-6.696688956711253e-05
2017-01-02 21:00:00,1.38086061352532,-0.0008443373243506228
2017-01-02 21:00:00,1.656499095333808,-0.0005425368019566374
2017-01-02 21:00:00,-0.6071292553182818,0.0007285877524051812
2017-01-02 21:00:00,0.3634097476089884,-0.00726473325004896
2017-01-02 21:00:00,2.2351771968436855,-0.0020832466447622514
2017-01-02 21:00:00,-0.6278870497307397,0.0038720777897629983
2017-01-02 21:00:00,0.28204003046192827,0.00273233051689383
2017-01-02 21:00:00,0.22446687222786613,0.008184178481338799
2017-01-02 21:00:00,-0.4080665098301506,0.07344076453848043
2017-01-02 21:00:00,1.7207643275826543,0.005161029027962881
2017-01-02 21:00:00,2.803717935960298,-0.012546062778631408
2017-01-02 21:00:00,0.5946957414753329,0.0038157110233990616
2017-01-02 21:00:00,0.5073263171546143,0.003468310160292582
2017-01-02 21:00:00,2.841359640756695,-0.0036984563651629287
2017-01-02 21:00:00,1.1087852675719518,-0.0008537658400689382
2017-01-02 21:00:00,0.813108268888366,-0.001318382819916403
2017-01-02 21:00:00,0.22866025464256057,0.0002911457613883947
2017-01-02 22:00:00,-0.4349769895809709,0.0010849134147536985
2017-01-02 22:00:00,-0.43892661538703875,0.006400863291539486
2017-01-02 22:00:00,1.374123006022093,-0.008195303227239293
2017-01-02 22:00:00,1.5621985697935563,-0.0013530717517330015
2017-01-02 22:00:00,-0.6734225890248438,0.008326652459571749
2017-01-02 22:00:00,2.1716365317181126,-0.012788295081954735
2017-01-02 22:00:00,1.4822203296831493,0.0031561116298775595
2017-01-02 22:00:00,-1.177101856934913,0.00931402678891147
2017-01-02 22:00:00,0.12566390646019518,0.0012000549347078243
2017-01-02 22:00:00,-0.7706071157697243,0.001031607111687937
2017-01-02 22:00:00,-1.0702871854701306,0.0018263307608739686
2017-01-02 22:00:00,0.44720705414820466,0.00010623776085565492
2017-01-02 22:00:00,2.3865523468408347,-0.6726309294795403
2017-01-02 22:00:00,3.5459989304876345,0.7254521724479739
2017-01-02 22:00:00,1.5971656774982317,0.0001456341108518764
2017-01-02 22:00:00,2.4594188743384717,-0.11315065929666873
2017-01-02 22:00:00,-0.1052181377201484,0.00043019378676149904
2017-01-02 22:00:00,0.08414464722220778,-0.0004531412372667014
2017-01-02 22:00:00,1.2928721701576054,-0.000186475282641467
2017-01-02 22:00:00,-0.4693130556744684,0.003143768304666156
2017-01-02 22:00:00,-1.418033574483842,0.013639483589074016
2017-01-02 22:00:00,3.306647224335989,-0.0014878508427715327
2017-01-02 22:00:00,0.6516056294894986,-3.972172601715297e-05
2017-01-02 22:00:00,2.0996304636199805,2.753320491112084e-05
2017-01-02 22:00:00,3.7915356221305125,-0.0014878796650759183
2017-01-02 22:00:00,0.28197592175248193,0.0008341696235392074
2017-01-02 22:00:00,-0.9328701020076677,0.0006367666408598219
2017-01-02 22:00:00,1.475754193487334,-0.0013525832883825655
2017-01-02 22:00:00,0.12968487988023764,0.00043858754390251276
2017-01-02 22:00:00,-0.028612906000875578,-0.0004681444598825955
2017-01-02 22:00:00,-0.8778101586270279,0.000844870815869337
2017-01-02 22:00:00,-1.4895955302916948,0.0026542246756122113
2017-01-02 22:00:00,-1.4590232072049072,0.0027218504416734474
2017-01-02 22:00:00,0.019563107453440504,0.00039502737818866907
2017-01-02 22:00:00,1.2320541645345902,-0.000795913266563147
2017-01-02 22:00:00,0.3095253334537566,-5.1796139446388197e-05
2017-01-02 22:00:00,1.536671058550269,-0.0008519226994109867
2017-01-02 22:00:00,1.640918050831313,-0.0005417782644506012
2017-01-02 22:00:00,-0.5448050773083022,0.0007255536023810363
2017-01-02 22:00:00,0.3010855695990089,-0.007261699100024815
2017-01-02 22:00:00,2.204015107838696,-0.002081729569750177
2017-01-02 22:00:00,-0.6434680942332346,0.0038728363272690345
2017-01-02 22:00:00,0.453431519989372,0.0027239866043274317
2017-01-02 22:00:00,0.22446687222786613,0.008184178481338799
2017-01-02 22:00:00,-0.5015527768451201,0.07344531576351665
2017-01-02 22:00:00,1.5649538825577054,0.0051686144030232434
2017-01-02 22:00:00,2.4609349569054104,-0.01252937495349861
2017-01-02 22:00:00,0.4388852964503842,0.0038232963984594238
2017-01-02 22:00:00,-1.100332710502389,-0.044631394496768395
2017-01-02 22:00:00,0.4450021391446349,0.003471344310316727
2017-01-02 22:00:00,2.5297387507067977,-0.0036832856150422026
2017-01-02 22:00:00,0.7348401995120735,-0.0008355609399240675
2017-01-02 22:00:00,0.6572978238634172,-0.001310797444856039
2017-01-02 22:00:00,0.07284980961761178,0.00029873113644875686
2017-01-02 23:00:00,-0.5440443010984353,0.001090223177295952
2017-01-02 23:00:00,-0.547993926904503,0.006406173054081739
2017-01-02 23:00:00,1.1715694274896593,-0.008185442239660822
2017-01-02 23:00:00,1.2349966352411637,-0.0013371424641062393
2017-01-02 23:00:00,-0.5799363220098744,0.008322101234535532
2017-01-02 23:00:00,2.0314071311956585,-0.012781468244400409
2017-01-02 23:00:00,1.0926942171207772,0.0031750750675284666
2017-01-02 23:00:00,-1.2394260349448925,0.009317060938935615
2017-01-02 23:00:00,0.047758683947720766,0.001203847622238007
2017-01-02 23:00:00,-0.8485123382821986,0.0010353997992181181
2017-01-02 23:00:00,-1.1637734524850998,0.0018308819859101859
2017-01-02 23:00:00,0.21349138661078154,0.00011761582344619992
2017-01-02 23:00:00,1.6854053442285661,-0.6725967952917687
2017-01-02 23:00:00,3.249959084940232,0.7254665846605886
2017-01-02 23:00:00,1.581584632995737,0.00014639264835791262
2017-01-02 23:00:00,2.4594188743384717,-0.11315065929666873
2017-01-02 23:00:00,-0.21428544923761264,0.0004355035493037545
2017-01-02 23:00:00,-0.04050370879775133,-0.0004470729372184117
2017-01-02 23:00:00,1.0435754581176875,-0.00017433868254488754
2017-01-02 23:00:00,-0.4848941001769633,0.003144526842172192
2017-01-02 23:00:00,-1.4491956634888319,0.013641000664086089
2017-01-02 23:00:00,3.2287420018235147,-0.0014840581552413516
2017-01-02 23:00:00,0.6516056294894986,-3.972172601715297e-05
2017-01-02 23:00:00,1.9905631521025173,3.284296745337435e-05
2017-01-02 23:00:00,3.6357251771055634,-0.0014802942900155544
2017-01-02 23:00:00,0.157327565732523,0.0008402379235874989
2017-01-02 23:00:00,-0.9640321910126575,0.0006382837158718943
2017-01-02 23:00:00,1.3978489709748594,-0.0013487906008523827
2017-01-02 23:00:00,0.051779657367763215,0.00044238023143269384
2017-01-02 23:00:00,-0.12209917301584493,-0.00046359323484637644
2017-01-02 23:00:00,-0.9245532921345124,0.0008471464283874474
2017-01-02 23:00:00,-1.4895955302916948,0.0026542246756122113
2017-01-02 23:00:00,-1.5213473852148869,0.0027248845916975923
2017-01-02 23:00:00,-0.12066629306901341,0.000401854215742995
2017-01-02 23:00:00,1.0139195414996618,-0.0007852937414786382
2017-01-02 23:00:00,0.044647576911343675,-3.890100184377078e-05
2017-01-02 23:00:00,1.396441658027815,-0.000845095861856659
2017-01-02 23:00:00,1.5474317838163436,-0.0005372270394143839
2017-01-02 23:00:00,-0.5915482108157869,0.000727829214899145
2017-01-02 23:00:00,0.23876139158902943,-0.007258664950000668
2017-01-02 23:00:00,2.032623618311252,-0.002073385657183779
2017-01-02 23:00:00,-0.7525354057506988,0.003878146089811288
2017-01-02 23:00:00,0.48459360899436177,0.0027224695293153593
2017-01-02 23:00:00,0.037494338197927524,0.008193280931411234
2017-01-02 23:00:00,-0.6885253108750587,0.07345441821358908
2017-01-02 23:00:00,1.3468192595227773,0.005179233928107752
2017-01-02 23:00:00,2.803717935960298,-0.012546062778631408
2017-01-02 23:00:00,0.2519127624204456,0.00383239884853186
2017-01-02 23:00:00,-1.0380085324924093,-0.04463442864679254
2017-01-02 23:00:00,0.35151587212966556,0.0034758955353529444
2017-01-02 23:00:00,1.9688211486169824,-0.003655978264824897
2017-01-02 23:00:00,0.5011245319746503,-0.0008241828773335223
2017-01-02 23:00:00,0.26777171130104527,-0.0012918340072051318
2017-01-02 23:00:00,-0.08296063540733707,0.000306316511509119
2017-01-03 00:00:00,-0.59078743460592,0.0010924987898140624
2017-01-03 00:00:00,-0.6103181049144826,0.006409207204105884
2017-01-03 00:00:00,1.1248262939821747,-0.008183166627142713
2017-01-03 00:00:00,0.9856999232012443,-0.0013250058640096598
2017-01-03 00:00:00,-0.6578415445223489,0.008325893922065713
2017-01-03 00:00:00,1.7509483301507514,-0.012767814569291755
2017-01-03 00:00:00,0.9368837720958272,0.0031826604425888305
2017-01-03 00:00:00,-1.2394260349448925,0.009317060938935615
2017-01-03 00:00:00,-0.24828116159968205,0.0012182598348526952
2017-01-03 00:00:00,-1.3612818279607275,0.0013411605127603607
2017-01-03 00:00:00,-0.8485123382821986,0.0010353997992181181
2017-01-03 00:00:00,-1.1637734524850998,0.0018308819859101859
2017-01-03 00:00:00,0.04209989708333782,0.00012595973601259828
2017-01-03 00:00:00,1.8879589227609996,-0.6726066562793471
2017-01-03 00:00:00,2.938338194890334,0.7254817554107093
2017-01-03 00:00:00,1.4257741879707881,0.00015397802341827652
2017-01-03 00:00:00,2.381513651825997,-0.11314686660913856
2017-01-03 00:00:00,-0.13638022672513822,0.0004317108617735734
2017-01-03 00:00:00,-0.16515206481771041,-0.0004410046371701202
2017-01-03 00:00:00,1.0124133691126975,-0.00017282160753281337
2017-01-03 00:00:00,-0.5783803671919328,0.003149078067208411
2017-01-03 00:00:00,-1.4647767079913265,0.013641759201592125
2017-01-03 00:00:00,3.010607378788586,-0.0014734386301568445
2017-01-03 00:00:00,0.4957951844645499,-3.21363509567908e-05
2017-01-03 00:00:00,1.8503337515800635,3.966980500770031e-05
2017-01-03 00:00:00,3.4643336875781197,-0.001471950377449156
2017-01-03 00:00:00,0.12616547672753323,0.0008417549985995713
2017-01-03 00:00:00,-0.9640321910126575,0.0006382837158718943
2017-01-03 00:00:00,1.319943748462385,-0.0013449979133222016
2017-01-03 00:00:00,-0.05728765414970098,0.00044768999397494714
2017-01-03 00:00:00,-0.2155854400308142,-0.00045904200981015914
2017-01-03 00:00:00,-1.0180395591494804,0.0008516976534236647
2017-01-03 00:00:00,-1.5051765747941899,0.0026549832131182475
2017-01-03 00:00:00,-1.5213473852148869,0.0027248845916975923
2017-01-03 00:00:00,-0.27647673809396245,0.0004094395908033589
2017-01-03 00:00:00,0.7334607404547526,-0.0007716400663699863
2017-01-03 00:00:00,-0.06441973460612048,-3.3591239301517266e-05
2017-01-03 00:00:00,1.2094691239978765,-0.0008359934117842244
2017-01-03 00:00:00,1.34487820528391,-0.0005273660518359114
2017-01-03 00:00:00,-0.6071292553182818,0.0007285877524051812
2017-01-03 00:00:00,0.160856169076555,-0.007254872262470487
2017-01-03 00:00:00,1.8456510842813145,-0.0020642832071113442
2017-01-03 00:00:00,-0.8148595837606784,0.003881180239835433
2017-01-03 00:00:00,0.29762107496442314,0.002731571979387794
2017-01-03 00:00:00,-0.1494781958320111,0.00820238338148367
2017-01-03 00:00:00,-0.7196873998800485,0.07345593528860116
2017-01-03 00:00:00,1.1598467254928384,0.005188336378180187
2017-01-03 00:00:00,2.803717935960298,-0.012546062778631408
2017-01-03 00:00:00,0.15842649540547638,0.0038369500735680774
2017-01-03 00:00:00,-1.069170621497399,-0.04463291157178047
2017-01-03 00:00:00,0.2268675161097066,0.003481963835401236
2017-01-03 00:00:00,1.6883623475720746,-0.0036423245897162435
2017-01-03 00:00:00,0.3608951314521963,-0.0008173560397791963
2017-01-03 00:00:00,-0.21524066827629604,-0.0012683193445180074
2017-01-03 00:00:00,-0.2855142139397707,0.00031617749908759157
2017-01-03 01:00:00,-0.6063684791084148,0.0010932573273200986
2017-01-03 01:00:00,-0.6258991494169774,0.00640996574161192
2017-01-03 01:00:00,1.0936642049771848,-0.008181649552130639
2017-01-03 01:00:00,0.8922136561862749,-0.0013204546389734408
2017-01-03 01:00:00,-0.6890036335273387,0.008327410997077785
2017-01-03 01:00:00,1.673043107638277,-0.012764021881761574
2017-01-03 01:00:00,0.8589785495833528,0.0031864531301190116
2017-01-03 01:00:00,-1.2394260349448925,0.009317060938935615
2017-01-03 01:00:00,-0.24828116159968205,0.0012182598348526952
2017-01-03 01:00:00,-1.3612818279607275,0.0013411605127603607
2017-01-03 01:00:00,-0.926417560794673,0.0010391924867482992
2017-01-03 01:00:00,-1.1637734524850998,0.0018308819859101859
2017-01-03 01:00:00,-0.03580532542913661,0.0001297524235427811
2017-01-03 01:00:00,1.810053700248525,-0.672602863591817
2017-01-03 01:00:00,2.8604329723778594,0.7254855480982394
2017-01-03 01:00:00,1.2699637429458392,0.0001615633984786387
2017-01-03 01:00:00,2.2257032068010485,-0.1131392812340782
2017-01-03 01:00:00,-0.13638022672513822,0.0004317108617735734
2017-01-03 01:00:00,-0.25863833183267987,-0.0004364534121339029
2017-01-03 01:00:00,0.918927102097727,-0.00016827038249659607
2017-01-03 01:00:00,-0.6095424561969226,0.0031505951422204836
2017-01-03 01:00:00,-1.4491956634888319,0.013641000664086089
2017-01-03 01:00:00,2.839215889261142,-0.0014650947175904444
2017-01-03 01:00:00,0.4023089174495806,-2.7585125920573286e-05
2017-01-03 01:00:00,1.756847484565094,4.422103004391934e-05
2017-01-03 01:00:00,3.277361153548181,-0.0014628479273767197
2017-01-03 01:00:00,0.0015171207075741423,0.000847823298647861
2017-01-03 01:00:00,-0.9951942800176472,0.0006398007908839668
2017-01-03 01:00:00,1.1641333034374362,-0.0013374125382618395
2017-01-03 01:00:00,-0.13519287666217542,0.00045148268150512996
2017-01-03 01:00:00,-0.262328573538299,-0.0004567663972920505
2017-01-03 01:00:00,-1.0336206036519753,0.0008524561909297009
2017-01-03 01:00:00,-1.5207576192966847,0.0026557417506242837
2017-01-03 01:00:00,-1.5213473852148869,0.0027248845916975923
2017-01-03 01:00:00,-0.338800916103942,0.0004124737408275038
2017-01-03 01:00:00,0.5932313399322987,-0.0007648132288156586
2017-01-03 01:00:00,-0.12674391261610007,-3.0557089277370665e-05
2017-01-03 01:00:00,1.0848207679779172,-0.0008299251117359347
2017-01-03 01:00:00,1.2358108937664458,-0.0005220562892936578
2017-01-03 01:00:00,-0.6382913443232715,0.0007301048274172536
2017-01-03 01:00:00,0.09853199106657555,-0.007251838112446342
2017-01-03 01:00:00,1.674259594753871,-0.002055939294544944
2017-01-03 01:00:00,-0.7992785392581835,0.0038804217023293967
2017-01-03 01:00:00,0.21971585245194883,0.0027353646669179767
2017-01-03 01:00:00,-0.18064028483700087,0.008203900456495742
2017-01-03 01:00:00,-0.782011577890028,0.0734589694386253
2017-01-03 01:00:00,1.097522547482859,0.005191370528204332
2017-01-03 01:00:00,2.52325913491539,-0.012532409103522754
2017-01-03 01:00:00,0.06494022839050713,0.0038415012986042947
2017-01-03 01:00:00,-1.100332710502389,-0.044631394496768395
2017-01-03 01:00:00,0.16454333809972707,0.0034849979854253807
2017-01-03 01:00:00,1.5169708580446308,-0.003633980677149845
2017-01-03 01:00:00,0.2829899089397219,-0.0008135633522490152
2017-01-03 01:00:00,-0.29314589078877057,-0.0012645266569878263
2017-01-03 01:00:00,-0.2855142139397707,0.00031617749908759157
2017-01-03 02:00:00,-0.6063684791084148,0.0010932573273200986
2017-01-03 02:00:00,-0.6258991494169774,0.00640996574161192
2017-01-03 02:00:00,1.0780831604746899,-0.008180891014624603
2017-01-03 02:00:00,0.8143084336738005,-0.0013166619514432597
2017-01-03 02:00:00,-0.6578415445223489,0.008325893922065713
2017-01-03 02:00:00,1.6107189296282975,-0.012760987731737429
2017-01-03 02:00:00,0.703168104558404,0.003194038505179374
2017-01-03 02:00:00,-1.2550070794473873,0.009317819476441652
2017-01-03 02:00:00,-0.32618638411215667,0.001222052522382878
2017-01-03 02:00:00,-1.408024961468212,0.0013434361252784694
2017-01-03 02:00:00,-0.926417560794673,0.0010391924867482992
2017-01-03 02:00:00,-1.2416786749975743,0.001834674673440367
2017-01-03 02:00:00,-0.12929159244410593,0.0001343036485789984
2017-01-03 02:00:00,1.6075001217160918,-0.6725930026042385
2017-01-03 02:00:00,2.6267173048404366,0.72549692616083
2017-01-03 02:00:00,1.160896431428375,0.0001668731610208922
2017-01-03 02:00:00,1.9764064947611315,-0.11312714463398162
2017-01-03 02:00:00,-0.2454475382426024,0.00043702062431582694
2017-01-03 02:00:00,-0.3209625098426594,-0.00043341926210975804
2017-01-03 02:00:00,0.7631166570727782,-0.0001606850074362339
2017-01-03 02:00:00,-0.7030287232118919,0.003155146367256701
2017-01-03 02:00:00,-1.4647767079913265,0.013641759201592125
2017-01-03 02:00:00,2.636662310728709,-0.0014552337300119736
2017-01-03 02:00:00,0.32440369493710614,-2.3792438390392203e-05
2017-01-03 02:00:00,1.6010370395401452,5.1806405104281505e-05
2017-01-03 02:00:00,2.996902352503273,-0.0014491942522680678
2017-01-03 02:00:00,-0.029644968297415614,0.0008493403736599335
2017-01-03 02:00:00,-0.9951942800176472,0.0006398007908839668
2017-01-03 02:00:00,1.1641333034374362,-0.0013374125382618395
2017-01-03 02:00:00,-0.13519287666217542,0.00045148268150512996
2017-01-03 02:00:00,-0.2779096180407939,-0.0004560078597860143
2017-01-03 02:00:00,-1.0492016481544701,0.0008532147284357371
2017-01-03 02:00:00,-1.5207576192966847,0.0026557417506242837
2017-01-03 02:00:00,-1.5369284297173815,0.0027256431292036285
2017-01-03 02:00:00,-0.4322871831189113,0.0004170249658637211
2017-01-03 02:00:00,0.46858298391233977,-0.0007587449287673689
2017-01-03 02:00:00,-0.1890680906260796,-2.75229392532258e-05
2017-01-03 02:00:00,0.9757534564604518,-0.0008246153491936792
2017-01-03 02:00:00,1.1423246267514766,-0.0005175050642574405
2017-01-03 02:00:00,-0.7006155223332511,0.0007331389774413985
2017-01-03 02:00:00,0.09853199106657555,-0.007251838112446342
2017-01-03 02:00:00,1.674259594753871,-0.002055939294544944
2017-01-03 02:00:00,-0.7992785392581835,0.0038804217023293967
2017-01-03 02:00:00,0.21971585245194883,0.0027353646669179767
2017-01-03 02:00:00,-0.1494781958320111,0.00820238338148367
2017-01-03 02:00:00,-0.782011577890028,0.0734589694386253
2017-01-03 02:00:00,1.0351983694728795,0.0051944046782284765
2017-01-03 02:00:00,2.3674486898904408,-0.012524823728462392
2017-01-03 02:00:00,0.033778139385517325,0.003843018373616367
2017-01-03 02:00:00,-1.1314947995073785,-0.04462987742175632
2017-01-03 02:00:00,0.10221916008974759,0.0034880321354495256
2017-01-03 02:00:00,1.5169708580446308,-0.003633980677149845
2017-01-03 02:00:00,0.2829899089397219,-0.0008135633522490152
2017-01-03 02:00:00,-0.29314589078877057,-0.0012645266569878263
2017-01-03 02:00:00,-0.2855142139397707,0.00031617749908759157
2017-01-03 03:00:00,-0.6063684791084148,0.0010932573273200986
2017-01-03 03:00:00,-0.6258991494169774,0.00640996574161192
2017-01-03 03:00:00,1.0780831604746899,-0.008180891014624603
2017-01-03 03:00:00,0.8143084336738005,-0.0013166619514432597
2017-01-03 03:00:00,-0.6578415445223489,0.008325893922065713
2017-01-03 03:00:00,1.6107189296282975,-0.012760987731737429
2017-01-03 03:00:00,0.703168104558404,0.003194038505179374
2017-01-03 03:00:00,-1.2550070794473873,0.009317819476441652
2017-01-03 03:00:00,-0.32618638411215667,0.001222052522382878
2017-01-03 03:00:00,-1.408024961468212,0.0013434361252784694
2017-01-03 03:00:00,-0.926417560794673,0.0010391924867482992
2017-01-03 03:00:00,-1.2416786749975743,0.001834674673440367
2017-01-03 03:00:00,-0.12929159244410593,0.0001343036485789984
2017-01-03 03:00:00,1.6075001217160918,-0.6725930026042385
2017-01-03 03:00:00,2.4709068598154875,0.7255045115358904
2017-01-03 03:00:00,0.9895049419009302,0.00017521707358729232
2017-01-03 03:00:00,1.8205960497361826,-0.11311955925892125
2017-01-03 03:00:00,-0.32335276075507696,0.000440813311846008
2017-01-03 03:00:00,-0.3521245988476492,-0.0004319021870976856
2017-01-03 03:00:00,0.6696303900578089,-0.0001561337824000166
2017-01-03 03:00:00,-0.7030287232118919,0.003155146367256701
2017-01-03 03:00:00,-1.4647767079913265,0.013641759201592125
2017-01-03 03:00:00,2.636662310728709,-0.0014552337300119736
2017-01-03 03:00:00,0.32440369493710614,-2.3792438390392203e-05
2017-01-03 03:00:00,1.6010370395401452,5.1806405104281505e-05
2017-01-03 03:00:00,2.996902352503273,-0.0014491942522680678
2017-01-03 03:00:00,-0.029644968297415614,0.0008493403736599335
2017-01-03 03:00:00,-0.9951942800176472,0.0006398007908839668
2017-01-03 03:00:00,1.1641333034374362,-0.0013374125382618395
2017-01-03 03:00:00,-0.13519287666217542,0.00045148268150512996
2017-01-03 03:00:00,-0.2779096180407939,-0.0004560078597860143
2017-01-03 03:00:00,-1.0492016481544701,0.0008532147284357371
2017-01-03 03:00:00,-1.5207576192966847,0.0026557417506242837
2017-01-03 03:00:00,-1.5369284297173815,0.0027256431292036285
2017-01-03 03:00:00,-0.4322871831189113,0.0004170249658637211
2017-01-03 03:00:00,0.46858298391233977,-0.0007587449287673689
2017-01-03 03:00:00,-0.1890680906260796,-2.75229392532258e-05
2017-01-03 03:00:00,0.9757534564604518,-0.0008246153491936792
2017-01-03 03:00:00,1.1423246267514766,-0.0005175050642574405
2017-01-03 03:00:00,-0.7006155223332511,0.0007331389774413985
2017-01-03 03:00:00,0.09853199106657555,-0.007251838112446342
2017-01-03 03:00:00,1.674259594753871,-0.002055939294544944
2017-01-03 03:00:00,-0.7992785392581835,0.0038804217023293967
2017-01-03 03:00:00,0.21971585245194883,0.0027353646669179767
2017-01-03 03:00:00,-0.1494781958320111,0.00820238338148367
2017-01-03 03:00:00,-0.782011577890028,0.0734589694386253
2017-01-03 03:00:00,1.0351983694728795,0.0051944046782284765
2017-01-03 03:00:00,2.3674486898904408,-0.012524823728462392
2017-01-03 03:00:00,0.033778139385517325,0.003843018373616367
2017-01-03 03:00:00,-1.1314947995073785,-0.04462987742175632
2017-01-03 03:00:00,0.10221916008974759,0.0034880321354495256
2017-01-03 03:00:00,1.5169708580446308,-0.003633980677149845
2017-01-03 03:00:00,0.2829899089397219,-0.0008135633522490152
2017-01-03 03:00:00,-0.29314589078877057,-0.0012645266569878263
2017-01-03 03:00:00,-0.2855142139397707,0.00031617749908759157
2017-01-03 04:00:00,-0.6063684791084148,0.0010932573273200986
2017-01-03 04:00:00,-0.6258991494169774,0.00640996574161192
2017-01-03 04:00:00,1.0780831604746899,-0.008180891014624603
2017-01-03 04:00:00,0.8143084336738005,-0.0013166619514432597
2017-01-03 04:00:00,-0.6578415445223489,0.008325893922065713
2017-01-03 04:00:00,1.6107189296282975,-0.012760987731737429
2017-01-03 04:00:00,0.703168104558404,0.003194038505179374
2017-01-03 04:00:00,-1.2550070794473873,0.009317819476441652
2017-01-03 04:00:00,-0.32618638411215667,0.001222052522382878
2017-01-03 04:00:00,-1.408024961468212,0.0013434361252784694
2017-01-03 04:00:00,-0.926417560794673,0.0010391924867482992
2017-01-03 04:00:00,-1.2416786749975743,0.001834674673440367
2017-01-03 04:00:00,-0.12929159244410593,0.0001343036485789984
2017-01-03 04:00:00,1.6075001217160918,-0.6725930026042385
2017-01-03 04:00:00,2.4709068598154875,0.7255045115358904
2017-01-03 04:00:00,0.9895049419009302,0.00017521707358729232
2017-01-03 04:00:00,1.8205960497361826,-0.11311955925892125
2017-01-03 04:00:00,-0.32335276075507696,0.000440813311846008
2017-01-03 04:00:00,-0.3521245988476492,-0.0004319021870976856
2017-01-03 04:00:00,0.6696303900578089,-0.0001561337824000166
2017-01-03 04:00:00,-0.7030287232118919,0.003155146367256701
2017-01-03 04:00:00,-1.4647767079913265,0.013641759201592125
2017-01-03 04:00:00,2.636662310728709,-0.0014552337300119736
2017-01-03 04:00:00,0.32440369493710614,-2.3792438390392203e-05
2017-01-03 04:00:00,1.6010370395401452,5.1806405104281505e-05
2017-01-03 04:00:00,2.996902352503273,-0.0014491942522680678
2017-01-03 04:00:00,-0.029644968297415614,0.0008493403736599335
2017-01-03 04:00:00,-0.9951942800176472,0.0006398007908839668
2017-01-03 04:00:00,1.1641333034374362,-0.0013374125382618395
2017-01-03 04:00:00,-0.13519287666217542,0.00045148268150512996
2017-01-03 04:00:00,-0.2779096180407939,-0.0004560078597860143
2017-01-03 04:00:00,-1.0492016481544701,0.0008532147284357371
2017-01-03 04:00:00,-1.5207576192966847,0.0026557417506242837
2017-01-03 04:00:00,-1.5369284297173815,0.0027256431292036285
2017-01-03 04:00:00,-0.4322871831189113,0.0004170249658637211
2017-01-03 04:00:00,0.46858298391233977,-0.0007587449287673689
2017-01-03 04:00:00,-0.1890680906260796,-2.75229392532258e-05
2017-01-03 04:00:00,0.7420377889230285,-0.0008132372866031359
2017-01-03 04:00:00,0.8930279147115572,-0.0005053684641608593
2017-01-03 04:00:00,-0.840844922855705,0.0007399658149957244
2017-01-03 04:00:00,0.09853199106657555,-0.007251838112446342
2017-01-03 04:00:00,1.674259594753871,-0.002055939294544944
2017-01-03 04:00:00,-0.7992785392581835,0.0038804217023293967
2017-01-03 04:00:00,0.21971585245194883,0.0027353646669179767
2017-01-03 04:00:00,-0.1494781958320111,0.00820238338148367
2017-01-03 04:00:00,-0.782011577890028,0.0734589694386253
2017-01-03 04:00:00,1.0351983694728795,0.0051944046782284765
2017-01-03 04:00:00,2.3674486898904408,-0.012524823728462392
2017-01-03 04:00:00,0.033778139385517325,0.003843018373616367
2017-01-03 04:00:00,-1.1314947995073785,-0.04462987742175632
2017-01-03 04:00:00,0.10221916008974759,0.0034880321354495256
2017-01-03 04:00:00,1.5169708580446308,-0.003633980677149845
2017-01-03 04:00:00,0.2829899089397219,-0.0008135633522490152
2017-01-03 04:00:00,-0.29314589078877057,-0.0012645266569878263
2017-01-03 04:00:00,-0.2855142139397707,0.00031617749908759157
2017-01-03 05:00:00,-0.6063684791084148,0.0010932573273200986
2017-01-03 05:00:00,-0.6258991494169774,0.00640996574161192
2017-01-03 05:00:00,1.0780831604746899,-0.008180891014624603
2017-01-03 05:00:00,0.8143084336738005,-0.0013166619514432597
2017-01-03 05:00:00,-0.6578415445223489,0.008325893922065713
2017-01-03 05:00:00,1.6107189296282975,-0.012760987731737429
2017-01-03 05:00:00,0.703168104558404,0.003194038505179374
2017-01-03 05:00:00,-1.2550070794473873,0.009317819476441652
2017-01-03 05:00:00,-0.32618638411215667,0.001222052522382878
2017-01-03 05:00:00,-1.408024961468212,0.0013434361252784694
2017-01-03 05:00:00,-0.926417560794673,0.0010391924867482992
2017-01-03 05:00:00,-1.2416786749975743,0.001834674673440367
2017-01-03 05:00:00,-0.12929159244410593,0.0001343036485789984
2017-01-03 05:00:00,1.6075001217160918,-0.6725930026042385
2017-01-03 05:00:00,2.4709068598154875,0.7255045115358904
2017-01-03 05:00:00,0.9895049419009302,0.00017521707358729232
2017-01-03 05:00:00,1.8205960497361826,-0.11311955925892125
2017-01-03 05:00:00,-0.32335276075507696,0.000440813311846008
2017-01-03 05:00:00,-0.3521245988476492,-0.0004319021870976856
2017-01-03 05:00:00,0.6696303900578089,-0.0001561337824000166
2017-01-03 05:00:00,-0.7030287232118919,0.003155146367256701
2017-01-03 05:00:00,-1.4647767079913265,0.013641759201592125
2017-01-03 05:00:00,2.636662310728709,-0.0014552337300119736
2017-01-03 05:00:00,0.32440369493710614,-2.3792438390392203e-05
2017-01-03 05:00:00,1.6010370395401452,5.1806405104281505e-05
2017-01-03 05:00:00,2.996902352503273,-0.0014491942522680678
2017-01-03 05:00:00,-0.029644968297415614,0.0008493403736599335
2017-01-03 05:00:00,-0.9951942800176472,0.0006398007908839668
2017-01-03 05:00:00,1.1641333034374362,-0.0013374125382618395
2017-01-03 05:00:00,-0.13519287666217542,0.00045148268150512996
2017-01-03 05:00:00,-0.2779096180407939,-0.0004560078597860143
2017-01-03 05:00:00,-1.0492016481544701,0.0008532147284357371
2017-01-03 05:00:00,-1.5207576192966847,0.0026557417506242837
2017-01-03 05:00:00,-1.5369284297173815,0.0027256431292036285
2017-01-03 05:00:00,-0.4322871831189113,0.0004170249658637211
2017-01-03 05:00:00,0.46858298391233977,-0.0007587449287673689
2017-01-03 05:00:00,-0.1890680906260796,-2.75229392532258e-05
2017-01-03 05:00:00,0.6952946554155438,-0.0008109616740850273
2017-01-03 05:00:00,0.8774468702090624,-0.0005046099266548231
2017-01-03 05:00:00,-0.840844922855705,0.0007399658149957244
2017-01-03 05:00:00,0.09853199106657555,-0.007251838112446342
2017-01-03 05:00:00,1.674259594753871,-0.002055939294544944
2017-01-03 05:00:00,-0.7992785392581835,0.0038804217023293967
2017-01-03 05:00:00,0.21971585245194883,0.0027353646669179767
2017-01-03 05:00:00,-0.1494781958320111,0.00820238338148367
2017-01-03 05:00:00,-0.782011577890028,0.0734589694386253
2017-01-03 05:00:00,1.0351983694728795,0.0051944046782284765
2017-01-03 05:00:00,2.3674486898904408,-0.012524823728462392
2017-01-03 05:00:00,0.033778139385517325,0.003843018373616367
2017-01-03 05:00:00,-1.1314947995073785,-0.04462987742175632
2017-01-03 05:00:00,0.10221916008974759,0.0034880321354495256
2017-01-03 05:00:00,1.5169708580446308,-0.003633980677149845
2017-01-03 05:00:00,0.2829899089397219,-0.0008135633522490152
2017-01-03 05:00:00,-0.29314589078877057,-0.0012645266569878263
2017-01-03 05:00:00,-0.2855142139397707,0.00031617749908759157
2017-01-03 06:00:00,-0.6998547461233842,0.0010978085523563159
2017-01-03 06:00:00,-0.7193854164319468,0.006414516966648138
2017-01-03 06:00:00,1.2650556945046287,-0.008189993464697039
2017-01-03 06:00:00,2.014048860365907,-0.0013750693394080536
2017-01-03 06:00:00,-0.5487742330048847,0.00832058415952346
2017-01-03 06:00:00,1.3614222175883792,-0.012748851131640848
2017-01-03 06:00:00,0.7187491490608988,0.003193279967673338
2017-01-03 06:00:00,-1.2861691684523773,0.009319336551453724
2017-01-03 06:00:00,-0.49757787363960043,0.0012303964349492764
2017-01-03 06:00:00,-1.4703491394781916,0.0013464702753026143
2017-01-03 06:00:00,-1.0043227833071464,0.0010429851742784803
2017-01-03 06:00:00,-1.2416786749975743,0.001834674673440367
2017-01-03 06:00:00,-0.3006830819715498,0.00014264756114539667
2017-01-03 06:00:00,1.2335550536562143,-0.6725747977040937
2017-01-03 06:00:00,1.972313435735652,0.7255287847360835
2017-01-03 06:00:00,0.7246271853585172,0.000188112211189908
2017-01-03 06:00:00,1.306421581153851,-0.11309452752122205
2017-01-03 06:00:00,-0.5259063392875106,0.00045067429942448036
2017-01-03 06:00:00,-0.5235160883750931,-0.0004235582745312855
2017-01-03 06:00:00,0.35800950000791143,-0.0001409630322792905
2017-01-03 06:00:00,-0.8900012572418304,0.0031642488173291355
2017-01-03 06:00:00,-1.4959387969963163,0.013643276276604197
2017-01-03 06:00:00,1.7641238185889963,-0.0014127556296739403
2017-01-03 06:00:00,-0.033960328620276065,-6.346075751557488e-06
2017-01-03 06:00:00,1.3205782384952374,6.546008021293513e-05
2017-01-03 06:00:00,2.06203968235358,-0.00140368200190589
2017-01-03 06:00:00,-0.2633606358348391,0.0008607184362504785
2017-01-03 06:00:00,-0.7770596569827188,0.000629181265799458
2017-01-03 06:00:00,0.7746071908750628,-0.0013184491006109323
2017-01-03 06:00:00,0.6126972594575788,0.0004150728812153881
2017-01-03 06:00:00,-0.5583684190857019,-0.0004423541846773606
2017-01-03 06:00:00,-1.1271068706669447,0.0008570074159659182
2017-01-03 06:00:00,-1.5519197083016742,0.002657258825636356
2017-01-03 06:00:00,-1.5680905187223715,0.002727160204215701
2017-01-03 06:00:00,-0.6504218061538399,0.00042764449094822985
2017-01-03 06:00:00,0.09463791585246271,-0.000740540028622498
2017-01-03 06:00:00,0.32510637795625147,-5.255467695242441e-05
2017-01-03 06:00:00,0.47716003238061566,-0.0008003421490005185
2017-01-03 06:00:00,0.5969880691641545,-0.0004909562515461696
2017-01-03 06:00:00,-0.965493278875664,0.0007460341150440159
2017-01-03 06:00:00,-0.21308889898332223,-0.007236667362325616
2017-01-03 06:00:00,0.8173021471166508,-0.0020142197317129487
2017-01-03 06:00:00,-0.6746301832382243,0.003874353402281107
2017-01-03 06:00:00,-0.2788775716278876,0.002759637867111137
2017-01-03 06:00:00,-0.33645072986194985,0.008211485831556104
2017-01-03 06:00:00,-0.8443357559000075,0.07346200358864945
2017-01-03 06:00:00,0.5366049453930418,0.005218677878421639
2017-01-03 06:00:00,1.6507206427756778,-0.012489931003184723
2017-01-03 06:00:00,-0.21551857265440086,0.0038551549737129483
2017-01-03 06:00:00,-1.1314947995073785,-0.04462987742175632
2017-01-03 06:00:00,0.008732893074778215,0.003492583360485743
2017-01-03 06:00:00,1.0651205674722792,-0.0036119830894747935
2017-01-03 06:00:00,-0.30908978215508376,-0.0007847389270196355
2017-01-03 06:00:00,-0.43337529131122454,-0.0012576998194335004
2017-01-03 06:00:00,-0.37900048095474004,0.00032072872412380887
2017-01-03 07:00:00,-0.6686926571183943,0.0010962914773442434
2017-01-03 07:00:00,-0.7349664609344416,0.006415275504154174
2017-01-03 07:00:00,1.5299334510470417,-0.008202888602299657
2017-01-03 07:00:00,1.6712658813110206,-0.001358381514275255
2017-01-03 07:00:00,-0.361801698974946,0.008311481709451025
2017-01-03 07:00:00,1.3770032620908743,-0.012749609669146884
2017-01-03 07:00:00,0.7966543715733732,0.0031894872801431565
2017-01-03 07:00:00,-1.2861691684523773,0.009319336551453724
2017-01-03 07:00:00,-0.32618638411215667,0.001222052522382878
2017-01-03 07:00:00,-1.4703491394781916,0.0013464702753026143
2017-01-03 07:00:00,-1.1133900948246105,0.0010482949368207338
2017-01-03 07:00:00,-1.2416786749975743,0.001834674673440367
2017-01-03 07:00:00,-0.12929159244410593,0.0001343036485789984
2017-01-03 07:00:00,1.0777446086312654,-0.6725672123290333
2017-01-03 07:00:00,1.7074356791932388,0.7255416798736861
2017-01-03 07:00:00,0.5999788293385581,0.00019418051123819947
2017-01-03 07:00:00,1.0415438246114384,-0.11308163238361943
2017-01-03 07:00:00,-0.5570684282925005,0.00045219137443655257
2017-01-03 07:00:00,-0.383286687852639,-0.0004303851120856132
2017-01-03 07:00:00,0.24894218849044733,-0.00013565326973703526
2017-01-03 07:00:00,-0.8744202127393357,0.0031634902798230993
2017-01-03 07:00:00,-1.4803577524938214,0.013642517739098161
2017-01-03 07:00:00,1.6862185960765217,-0.0014089629421437592
2017-01-03 07:00:00,0.15301220540966254,-1.5448525823992087e-05
2017-01-03 07:00:00,2.2242788196399395,2.146490486282937e-05
2017-01-03 07:00:00,1.9685534153386115,-0.0013991307768696727
2017-01-03 07:00:00,-0.13871227981487982,0.0008546501362021887
2017-01-03 07:00:00,-0.18497996588791296,0.00060035684057008
2017-01-03 07:00:00,0.9304176359000116,-0.0013260344756712945
2017-01-03 07:00:00,1.8591808196571709,0.00035438988073248394
2017-01-03 07:00:00,-0.43372006306574273,-0.00044842248472565206
2017-01-03 07:00:00,-0.9868774701444921,0.0008501805784115922
2017-01-03 07:00:00,-1.5051765747941899,0.0026549832131182475
2017-01-03 07:00:00,-1.4434421627024125,0.002721091904167411
2017-01-03 07:00:00,-0.5257734501338809,0.0004215761908999401
2017-01-03 07:00:00,0.21928627187242175,-0.0007466083286707877
2017-01-03 07:00:00,0.3406874224587464,-5.331321445846063e-05
2017-01-03 07:00:00,0.38367376536564635,-0.0007957909239643012
2017-01-03 07:00:00,0.4723397131441955,-0.0004848879514978798
2017-01-03 07:00:00,-0.9966553678806538,0.0007475511900560883
2017-01-03 07:00:00,0.02062676855410107,-0.007248045424916161
2017-01-03 07:00:00,1.0042746811465897,-0.0020233221817853833
2017-01-03 07:00:00,-0.6590491387357295,0.0038735948647750707
2017-01-03 07:00:00,-0.34120174963786715,0.0027626720171352818
2017-01-03 07:00:00,-0.33645072986194985,0.008211485831556104
2017-01-03 07:00:00,-0.8443357559000075,0.07346200358864945
2017-01-03 07:00:00,0.34963241136310336,0.0052277803284940735
2017-01-03 07:00:00,1.9311794438205856,-0.012503584678293376
2017-01-03 07:00:00,-0.2778427506643805,0.003858189123737093
2017-01-03 07:00:00,-1.1314947995073785,-0.04462987742175632
2017-01-03 07:00:00,-0.05359128493520131,0.0034956175105098877
2017-01-03 07:00:00,1.1430257899847536,-0.003615775777004974
2017-01-03 07:00:00,0.31415199794471166,-0.0008150804272610877
2017-01-03 07:00:00,-0.2308217127787909,-0.0012675608070119712
2017-01-03 07:00:00,-0.37900048095474004,0.00032072872412380887
2017-01-03 08:00:00,-0.6686926571183943,0.0010962914773442434
2017-01-03 08:00:00,-0.7193854164319468,0.006414516966648138
2017-01-03 08:00:00,1.7792301630869598,-0.008215025202396236
2017-01-03 08:00:00,1.4375502137735974,-0.0013470034516847118
2017-01-03 08:00:00,-0.2994775209649665,0.00830844755942688
2017-01-03 08:00:00,1.4081653510958638,-0.012751126744158956
2017-01-03 08:00:00,0.7810733270708784,0.0031902458176491927
2017-01-03 08:00:00,-1.1926829014374078,0.009314785326417507
2017-01-03 08:00:00,-0.32618638411215667,0.001222052522382878
2017-01-03 08:00:00,-1.4547680949756967,0.001345711737796578
2017-01-03 08:00:00,-1.1133900948246105,0.0010482949368207338
2017-01-03 08:00:00,-1.2416786749975743,0.001834674673440367
2017-01-03 08:00:00,0.05768094158583271,0.00012520119850656207
2017-01-03 08:00:00,1.1089066976362554,-0.6725687294040453
2017-01-03 08:00:00,1.987894480238147,0.7255280261985775
2017-01-03 08:00:00,0.8336944968759814,0.00018280244864765448
2017-01-03 08:00:00,1.0571248691139332,-0.11308239092112547
2017-01-03 08:00:00,-0.3700958942625616,0.0004430889243641167
2017-01-03 08:00:00,-0.009341619792761584,-0.0004485900122304841
2017-01-03 08:00:00,0.31126636650042677,-0.00013868741976118186
2017-01-03 08:00:00,-0.7965149902268612,0.003159697592292918
2017-01-03 08:00:00,-1.5271008860013062,0.01364479335161627
2017-01-03 08:00:00,1.8420290411014706,-0.001416548317204123
2017-01-03 08:00:00,0.3711468284445908,-2.6068050908500853e-05
2017-01-03 08:00:00,2.7384532882222707,-3.5668328363675094e-06
2017-01-03 08:00:00,2.09320177135857,-0.0014051990769179624
2017-01-03 08:00:00,0.04826025421505882,0.0008455476861297524
2017-01-03 08:00:00,0.4538428587143772,0.0005692568028225917
2017-01-03 08:00:00,1.1641333034374362,-0.0013374125382618395
2017-01-03 08:00:00,2.669395133786904,0.00031494593041859754
2017-01-03 08:00:00,-0.1844233510258244,-0.0004605590848222316
2017-01-03 08:00:00,-1.0024585146469867,0.0008509391159176285
2017-01-03 08:00:00,-1.5051765747941899,0.0026549832131182475
2017-01-03 08:00:00,-1.490185296209897,0.00272336751668552
2017-01-03 08:00:00,-0.40112509411392155,0.00041550789085164865
2017-01-03 08:00:00,0.4530019394098449,-0.0007579863912613327
2017-01-03 08:00:00,0.35626846696124126,-5.4071751964496846e-05
2017-01-03 08:00:00,0.3369306318581617,-0.0007935153114461926
2017-01-03 08:00:00,0.6437312026716391,-0.0004932318640642783
2017-01-03 08:00:00,-0.9966553678806538,0.0007475511900560883
2017-01-03 08:00:00,0.1296940800715653,-0.007253355187458415
2017-01-03 08:00:00,1.0354367701515808,-0.0020248392567974558
2017-01-03 08:00:00,-0.6278870497307397,0.0038720777897629983
2017-01-03 08:00:00,-0.31003966063287736,0.0027611549421232093
2017-01-03 08:00:00,-0.21180237384199063,0.008205417531507815
2017-01-03 08:00:00,-0.8131736668950178,0.07346048651363737
2017-01-03 08:00:00,0.5054428563880521,0.005220194953433711
2017-01-03 08:00:00,2.2739624228754716,-0.012520272503426175
2017-01-03 08:00:00,-0.1843564836494111,0.003853637898700876
2017-01-03 08:00:00,-0.5082530194075845,-0.04466021892199778
2017-01-03 08:00:00,0.008732893074778215,0.003492583360485743
2017-01-03 08:00:00,1.7351054810795592,-0.003644600202234352
2017-01-03 08:00:00,0.7815833330195581,-0.0008378365524421761
2017-01-03 08:00:00,0.26777171130104527,-0.0012918340072051318
2017-01-03 08:00:00,-0.11412272441232683,0.00030783358652119146
2017-01-03 09:00:00,-0.59078743460592,0.0010924987898140624
2017-01-03 09:00:00,-0.7038043719294519,0.0064137584291421015
2017-01-03 09:00:00,1.8415543410969395,-0.00821805935242038
2017-01-03 09:00:00,1.3752260357636177,-0.001343969301660567
2017-01-03 09:00:00,-0.14366707594001749,0.008300862184366514
2017-01-03 09:00:00,1.9690829531856797,-0.012778434094376264
2017-01-03 09:00:00,0.827816460578363,0.003187970205131084
2017-01-03 09:00:00,-1.2861691684523773,0.009319336551453724
2017-01-03 09:00:00,-0.24828116159968205,0.0012182598348526952
2017-01-03 09:00:00,-1.439187050473202,0.0013449532002905418
2017-01-03 09:00:00,-1.2416786749975743,0.001834674673440367
2017-01-03 09:00:00,0.151167208600802,0.00012064997347034478
2017-01-03 09:00:00,0.9842583416162949,-0.6725626611039971
2017-01-03 09:00:00,2.112542836258105,0.7255219578985291
2017-01-03 09:00:00,0.896018674885961,0.00017976829862350962
2017-01-03 09:00:00,1.1038680026214178,-0.11308466653364359
2017-01-03 09:00:00,-0.33893380525757183,0.00044157184935204424
2017-01-03 09:00:00,0.03740151371472309,-0.00045086562474859276
2017-01-03 09:00:00,0.2645232329929421,-0.00013641180724307148
2017-01-03 09:00:00,-0.6562855897044072,0.0031528707547385923
2017-01-03 09:00:00,-1.5426819305038009,0.013645551889122306
2017-01-03 09:00:00,1.9666773971214295,-0.0014226166172524128
2017-01-03 09:00:00,0.4178899619520755,-2.8343663426609502e-05
2017-01-03 09:00:00,2.847520599739735,-8.876595378621024e-06
2017-01-03 09:00:00,2.1711069938710446,-0.0014089917644481435
2017-01-03 09:00:00,0.157327565732523,0.0008402379235874989
2017-01-03 09:00:00,0.7031395707542952,0.0005571202027260105
2017-01-03 09:00:00,1.2420385259499105,-0.0013412052257920205
2017-01-03 09:00:00,2.934272890329317,0.00030205079281598186
2017-01-03 09:00:00,0.0025491830041141908,-0.0004696615348946679
2017-01-03 09:00:00,-1.0336206036519753,0.0008524561909297009
2017-01-03 09:00:00,-1.4740144857892,0.002653466138106175
2017-01-03 09:00:00,-1.474604251707402,0.0027226089791794836
2017-01-03 09:00:00,-0.2920577825964573,0.00041019812830939514
2017-01-03 09:00:00,0.5776502954298037,-0.0007640546913096224
2017-01-03 09:00:00,0.4030116004687259,-5.6347364482605496e-05
2017-01-03 09:00:00,0.5239031658881002,-0.0008026177615186272
2017-01-03 09:00:00,-0.85204906956787,-0.00042041226348479616
2017-01-03 09:00:00,-0.965493278875664,0.0007460341150440159
2017-01-03 09:00:00,0.2699234805940191,-0.007260182025012741
2017-01-03 09:00:00,1.0665988591565703,-0.00202635633180953
2017-01-03 09:00:00,-0.6123060052282449,0.003871319252256962
2017-01-03 09:00:00,-0.2944586161303825,0.002760396404617173
2017-01-03 09:00:00,-0.08715401782203154,0.008199349231459523
2017-01-03 09:00:00,-0.8754978449049974,0.07346352066366152
2017-01-03 09:00:00,0.5677670343980316,0.0052171608034095665
2017-01-03 09:00:00,1.9311794438205856,-0.012503584678293376
2017-01-03 09:00:00,-0.05970812762945198,0.0038475695986525844
2017-01-03 09:00:00,0.17731293870219073,-0.04469359457226337
2017-01-03 09:00:00,0.07105707108475781,0.003489549210461598
2017-01-03 09:00:00,2.0155642821244673,-0.0036582538773430057
2017-01-03 09:00:00,0.8750696000345275,-0.0008423877774783934
2017-01-03 09:00:00,0.4547442453309839,-0.0013009364572775682
2017-01-03 09:00:00,-0.036217501899852456,0.0003040408989910104
2017-01-03 10:00:00,-0.575206390103425,0.0010917402523080261
2017-01-03 10:00:00,-0.6258991494169774,0.00640996574161192
2017-01-03 10:00:00,1.9506216526144036,-0.008223369114962636
2017-01-03 10:00:00,1.359644991261123,-0.0013432107641545307
2017-01-03 10:00:00,-0.31505856546746136,0.008309206096932916
2017-01-03 10:00:00,2.000245042190668,-0.012779951169388336
2017-01-03 10:00:00,0.8433975050808579,0.003187211667625048
2017-01-03 10:00:00,-1.2394260349448925,0.009317060938935615
2017-01-03 10:00:00,-0.18595698358970253,0.0012152256848285503
2017-01-03 10:00:00,-1.423606005970707,0.0013441946627845056
2017-01-03 10:00:00,-0.9731606943021577,0.0010414680992664078
2017-01-03 10:00:00,-1.2416786749975743,0.001834674673440367
2017-01-03 10:00:00,0.3069776536257507,0.0001130645984099826
2017-01-03 10:00:00,1.2802981871636991,-0.6725770733166118
2017-01-03 10:00:00,2.268353281283054,0.7255143725234688
2017-01-03 10:00:00,0.9271807638909507,0.00017825122361143719
2017-01-03 10:00:00,1.1817732251338922,-0.11308845922117376
2017-01-03 10:00:00,-0.26102858274509744,0.00043777916182186316
2017-01-03 10:00:00,0.20879300324216685,-0.0004592095373149912
2017-01-03 10:00:00,0.3735905445104063,-0.00014172156978532673
2017-01-03 10:00:00,-0.6095424561969226,0.0031505951422204836
2017-01-03 10:00:00,-1.5426819305038009,0.013645551889122306
2017-01-03 10:00:00,1.9355153081164398,-0.0014210995422403404
2017-01-03 10:00:00,0.4957951844645499,-3.21363509567908e-05
2017-01-03 10:00:00,2.956587911257199,-1.4186357920876274e-05
2017-01-03 10:00:00,2.1087828158610646,-0.0014059576144239987
2017-01-03 10:00:00,0.25081383274749214,0.0008356866985512816
2017-01-03 10:00:00,0.7654637487642747,0.0005540860527018656
2017-01-03 10:00:00,1.33552479296488,-0.0013457564508282378
2017-01-03 10:00:00,3.16798855786674,0.0002906727302254369
2017-01-03 10:00:00,0.03371127200910398,-0.00047117860990674034
2017-01-03 10:00:00,-1.0024585146469867,0.0008509391159176285
2017-01-03 10:00:00,-1.458433441286705,0.002652707600600139
2017-01-03 10:00:00,-1.4590232072049072,0.0027218504416734474
2017-01-03 10:00:00,-0.24531464908897255,0.0004079225157912865
2017-01-03 10:00:00,0.671136562444773,-0.0007686059163458414
2017-01-03 10:00:00,0.49649786748369523,-6.0898589518822795e-05
2017-01-03 10:00:00,0.5706462993955848,-0.0008048933740367358
2017-01-03 10:00:00,0.8307037367015777,-0.0005023343141367145
2017-01-03 10:00:00,-0.965493278875664,0.0007460341150440159
2017-01-03 10:00:00,0.28550452509651403,-0.0072609405625187785
2017-01-03 10:00:00,1.0977609481615602,-0.0020278734068216024
2017-01-03 10:00:00,-0.59672496072575,0.003870560714750926
2017-01-03 10:00:00,-0.26329652712539275,0.0027588793296051007
2017-01-03 10:00:00,-0.055991928817041785,0.00819783215644745
2017-01-03 10:00:00,-0.8131736668950178,0.07346048651363737
2017-01-03 10:00:00,0.6924153904179906,0.005211092503361275
2017-01-03 10:00:00,2.1493140668555126,-0.012514204203377883
2017-01-03 10:00:00,-0.09087021663444173,0.003849086673664657
2017-01-03 10:00:00,0.3019612947221497,-0.04469966287231166
2017-01-03 10:00:00,0.10221916008974759,0.0034880321354495256
2017-01-03 10:00:00,2.2025368161544048,-0.0036673563274154403
2017-01-03 10:00:00,1.0464610895619724,-0.0008507316900447935
2017-01-03 10:00:00,0.5170684233409633,-0.001303970607301713
2017-01-03 10:00:00,0.08843085412010666,0.00029797259894272064
2017-01-03 11:00:00,-0.4505580340834658,0.0010856719522597347
2017-01-03 11:00:00,-0.547993926904503,0.006406173054081739
2017-01-03 11:00:00,1.9817837416193935,-0.008224886189974709
2017-01-03 11:00:00,1.9205625933509387,-0.0013705181143718363
2017-01-03 11:00:00,-0.2994775209649665,0.00830844755942688
2017-01-03 11:00:00,2.218379665225597,-0.012790570694472843
2017-01-03 11:00:00,0.952464816598322,0.0031819019050827943
2017-01-03 11:00:00,-1.2394260349448925,0.009317060938935615
2017-01-03 11:00:00,-0.18595698358970253,0.0012152256848285503
2017-01-03 11:00:00,-1.423606005970707,0.0013441946627845056
2017-01-03 11:00:00,-0.9731606943021577,0.0010414680992664078
2017-01-03 11:00:00,-1.2416786749975743,0.001834674673440367
2017-01-03 11:00:00,0.3848828761382251,0.00010927191087980152
2017-01-03 11:00:00,1.3582034096761735,-0.6725808660041419
2017-01-03 11:00:00,2.2995153702880438,0.7255128554484568
2017-01-03 11:00:00,1.0674101644134055,0.0001714243860571095
2017-01-03 11:00:00,1.2752594921488616,-0.11309301044620998
2017-01-03 11:00:00,-0.22986649374010754,0.0004362620868097907
2017-01-03 11:00:00,0.3178603147596309,-0.00046451929985724644
2017-01-03 11:00:00,0.4359147225203859,-0.0001447557198094716
2017-01-03 11:00:00,-0.547218278186943,0.0031475609921963387
2017-01-03 11:00:00,-1.5271008860013062,0.01364479335161627
2017-01-03 11:00:00,2.0601636641363976,-0.0014271678422886301
2017-01-03 11:00:00,0.5737004069770242,-3.5929038486971884e-05
2017-01-03 11:00:00,3.096817311779653,-2.1013195475202224e-05
2017-01-03 11:00:00,2.3269174388959932,-0.0014165771395085074
2017-01-03 11:00:00,0.3287190552599666,0.0008318940110210988
2017-01-03 11:00:00,0.7966258377692644,0.0005525689776897932
2017-01-03 11:00:00,1.3666868819698699,-0.0013472735258403103
2017-01-03 11:00:00,3.214731691374225,0.00028839711770732823
2017-01-03 11:00:00,0.03371127200910398,-0.00047117860990674034
2017-01-03 11:00:00,-0.9245532921345124,0.0008471464283874474
2017-01-03 11:00:00,-1.458433441286705,0.002652707600600139
2017-01-03 11:00:00,-1.474604251707402,0.0027226089791794836
2017-01-03 11:00:00,-0.15182838207400326,0.0004033712907550692
2017-01-03 11:00:00,0.8269470074697219,-0.0007761912914062036
2017-01-03 11:00:00,0.6523083125086439,-6.848396457918496e-05
2017-01-03 11:00:00,0.6952946554155438,-0.0008109616740850273
2017-01-03 11:00:00,0.8774468702090624,-0.0005046099266548231
2017-01-03 11:00:00,-0.965493278875664,0.0007460341150440159
2017-01-03 11:00:00,0.33224765860399863,-0.007263216175036887
2017-01-03 11:00:00,1.113341992664055,-0.0020286319443276386
2017-01-03 11:00:00,-0.581143916223255,0.0038698021772448896
2017-01-03 11:00:00,-0.26329652712539275,0.0027588793296051007
2017-01-03 11:00:00,-0.055991928817041785,0.00819783215644745
2017-01-03 11:00:00,-0.8131736668950178,0.07346048651363737
2017-01-03 11:00:00,0.6924153904179906,0.005211092503361275
2017-01-03 11:00:00,2.1493140668555126,-0.012514204203377883
2017-01-03 11:00:00,-0.09087021663444173,0.003849086673664657
2017-01-03 11:00:00,0.3019612947221497,-0.04469966287231166
2017-01-03 11:00:00,0.10221916008974759,0.0034880321354495256
2017-01-03 11:00:00,2.5764818842142825,-0.0036855612275603113
2017-01-03 11:00:00,1.1711094455819313,-0.000856799990093083
2017-01-03 11:00:00,0.7352030463758916,-0.001314590132386222
2017-01-03 11:00:00,0.15075503213008615,0.0002949384489185758
2017-01-03 12:00:00,-0.5128822120934455,0.0010887061022838795
2017-01-03 12:00:00,-0.5947370604119877,0.006408448666599848
2017-01-03 12:00:00,1.8415543410969395,-0.00821805935242038
2017-01-03 12:00:00,1.7803331928284847,-0.0013636912768175103
2017-01-03 12:00:00,-0.25273438745748183,0.008306171946908768
2017-01-03 12:00:00,2.046988175698153,-0.012782226781906445
2017-01-03 12:00:00,0.8122354160758681,0.0031887287426371203
2017-01-03 12:00:00,-1.2238449904423976,0.009316302401429579
2017-01-03 12:00:00,-0.26386220610217714,0.0012190183723587314
2017-01-03 12:00:00,-1.3924439169657172,0.0013426775877724332
2017-01-03 12:00:00,-0.8952554717896832,0.0010376754117362268
2017-01-03 12:00:00,-1.2416786749975743,0.001834674673440367
2017-01-03 12:00:00,0.46278809865069953,0.0001054792233496187
2017-01-03 12:00:00,1.451689676691143,-0.6725854172291782
2017-01-03 12:00:00,2.439744770810498,0.7255060286109024
2017-01-03 12:00:00,1.005085986403426,0.0001744585360812561
2017-01-03 12:00:00,1.2908405366513565,-0.11309376898371602
2017-01-03 12:00:00,-0.08963709321765352,0.0004294352492554628
2017-01-03 12:00:00,0.302279270257136,-0.00046376076235121023
2017-01-03 12:00:00,0.4982389005303654,-0.0001477898698336165
2017-01-03 12:00:00,-0.4693130556744684,0.003143768304666156
2017-01-03 12:00:00,-1.5115198414988114,0.013644034814110233
2017-01-03 12:00:00,2.1069067976438824,-0.0014294434548067388
2017-01-03 12:00:00,0.6671866739919935,-4.048026352319092e-05
2017-01-03 12:00:00,3.159141489789633,-2.404734549934709e-05
2017-01-03 12:00:00,2.404822661408468,-0.0014203698270386885
2017-01-03 12:00:00,0.3598811442649563,0.0008303769360090263
2017-01-03 12:00:00,0.8589500157792441,0.0005495348276656483
2017-01-03 12:00:00,1.4445921044823442,-0.0013510662133704914
2017-01-03 12:00:00,3.2458937803792143,0.0002868800426952558
2017-01-03 12:00:00,0.03371127200910398,-0.00047117860990674034
2017-01-03 12:00:00,-0.9245532921345124,0.0008471464283874474
2017-01-03 12:00:00,-1.5051765747941899,0.0026549832131182475
2017-01-03 12:00:00,-1.474604251707402,0.0027226089791794836
2017-01-03 12:00:00,-0.13624733757150836,0.00040261275324903297
2017-01-03 12:00:00,0.9048522299821964,-0.0007799839789363847
2017-01-03 12:00:00,0.5432410009911797,-6.317420203693144e-05
2017-01-03 12:00:00,0.6485515219080592,-0.0008086860615669169
2017-01-03 12:00:00,0.8307037367015777,-0.0005023343141367145
2017-01-03 12:00:00,-0.9499122343731693,0.0007452755775379797
2017-01-03 12:00:00,0.28550452509651403,-0.0072609405625187785
2017-01-03 12:00:00,1.1756661706740346,-0.0020316660943517834
2017-01-03 12:00:00,-0.59672496072575,0.003870560714750926
2017-01-03 12:00:00,-0.1386481711054335,0.002752811029556811
2017-01-03 12:00:00,-0.1183161068270213,0.008200866306471596
2017-01-03 12:00:00,-0.782011577890028,0.0734589694386253
2017-01-03 12:00:00,0.7235774794229805,0.005209575428349203
2017-01-03 12:00:00,2.3051245118804617,-0.012521789578438247
2017-01-03 12:00:00,-0.05970812762945198,0.0038475695986525844
2017-01-03 12:00:00,0.395447561737119,-0.04470421409734788
2017-01-03 12:00:00,0.19570542710471686,0.0034834809104133083
2017-01-03 12:00:00,2.2181178606569,-0.0036681148649214766
2017-01-03 12:00:00,0.8594885555320325,-0.0008416292399723572
2017-01-03 12:00:00,0.3924200673210043,-0.0012979023072534233
2017-01-03 12:00:00,-0.020636457397357564,0.00030328236148497416
2017-01-03 13:00:00,-0.575206390103425,0.0010917402523080261
2017-01-03 13:00:00,-0.672642282924462,0.006412241354130029
2017-01-03 13:00:00,1.888297474604424,-0.008220334964938491
2017-01-03 13:00:00,1.6556848368085257,-0.0013576229767692188
2017-01-03 13:00:00,-0.17482916494500725,0.008302379259378587
2017-01-03 13:00:00,2.078150264703143,-0.012783743856918517
2017-01-03 13:00:00,0.7187491490608988,0.003193279967673338
2017-01-03 13:00:00,-1.2394260349448925,0.009317060938935615
2017-01-03 13:00:00,-0.26386220610217714,0.0012190183723587314
2017-01-03 13:00:00,-1.5170922729856764,0.0013487458878207246
2017-01-03 13:00:00,-0.8952554717896832,0.0010376754117362268
2017-01-03 13:00:00,-1.2416786749975743,0.001834674673440367
2017-01-03 13:00:00,0.5562743656656688,0.0001009279983134014
2017-01-03 13:00:00,1.3114602761686887,-0.6725785903916238
2017-01-03 13:00:00,2.408582681805508,0.7255075456859145
2017-01-03 13:00:00,1.0829912089159006,0.00017066584855107329
2017-01-03 13:00:00,1.3999078481688205,-0.11309907874625827
2017-01-03 13:00:00,-0.15196127122763312,0.00043246939927960964
2017-01-03 13:00:00,0.3178603147596309,-0.00046451929985724644
2017-01-03 13:00:00,0.5138199450328601,-0.0001485484073396527
2017-01-03 13:00:00,-0.4225699221669838,0.0031414926921480473
2017-01-03 13:00:00,-1.4647767079913265,0.013641759201592125
2017-01-03 13:00:00,2.2627172426688316,-0.0014370288298671027
2017-01-03 13:00:00,0.7918350300119527,-4.654856357148065e-05
2017-01-03 13:00:00,3.2058846232971177,-2.632295801745574e-05
2017-01-03 13:00:00,2.6229572844433964,-0.0014309893521231973
2017-01-03 13:00:00,0.3287190552599666,0.0008318940110210988
2017-01-03 13:00:00,0.8277879267742543,0.0005510519026777208
2017-01-03 13:00:00,1.600402549507293,-0.0013586515884308553
2017-01-03 13:00:00,3.448447358911648,0.0002770190551167833
2017-01-03 13:00:00,0.08045440551658867,-0.000473454222424849
2017-01-03 13:00:00,-0.8933912031295227,0.0008456293533753732
2017-01-03 13:00:00,-1.5051765747941899,0.0026549832131182475
2017-01-03 13:00:00,-1.490185296209897,0.00272336751668552
2017-01-03 13:00:00,-0.08950420406402365,0.0004003371407309226
2017-01-03 13:00:00,0.8892711854797014,-0.0007792254414303485
2017-01-03 13:00:00,0.41859264497122084,-5.710590198864171e-05
2017-01-03 13:00:00,0.7576188334255234,-0.0008139958241091722
2017-01-03 13:00:00,0.8462847812040726,-0.0005030928516427507
2017-01-03 13:00:00,-0.9031691008656846,0.000742999965019871
2017-01-03 13:00:00,0.31666661410150376,-0.007262457637530851
2017-01-03 13:00:00,1.4249628827139529,-0.002043802694448363
2017-01-03 13:00:00,-0.5655628717207603,0.0038690436397388534
2017-01-03 13:00:00,0.01716227391951536,0.0027452256544964475
2017-01-03 13:00:00,0.006332249192937732,0.008194798006423306
2017-01-03 13:00:00,-0.8131736668950178,0.07346048651363737
2017-01-03 13:00:00,0.6924153904179906,0.005211092503361275
2017-01-03 13:00:00,2.4920970459104,-0.012530892028510682
2017-01-03 13:00:00,0.002616050380527534,0.0038445354486284396
2017-01-03 13:00:00,0.33312338372713945,-0.044701179947323734
2017-01-03 13:00:00,0.28919169411968604,0.0034789296853770892
2017-01-03 13:00:00,2.3895093501843436,-0.0036764587774878767
2017-01-03 13:00:00,0.8906506445370223,-0.0008431463149844296
2017-01-03 13:00:00,0.47032528983347877,-0.0013016949947836044
2017-01-03 13:00:00,-0.05179854640234734,0.0003047994364970466
2017-01-03 14:00:00,-0.5284632565959404,0.0010894646397899158
2017-01-03 14:00:00,-0.6570612384219672,0.006411482816623993
2017-01-03 14:00:00,1.8727164301019292,-0.008219576427432453
2017-01-03 14:00:00,1.468712302778587,-0.0013485205266967842
2017-01-03 14:00:00,-0.3306396099699563,0.008309964634438952
2017-01-03 14:00:00,2.2807038432355764,-0.012793604844496988
2017-01-03 14:00:00,0.6720060155534141,0.0031955555801914466
2017-01-03 14:00:00,-1.2238449904423976,0.009316302401429579
2017-01-03 14:00:00,-0.26386220610217714,0.0012190183723587314
2017-01-03 14:00:00,-0.6133916918409743,0.0013047507124706193
2017-01-03 14:00:00,-0.9731606943021577,0.0010414680992664078
2017-01-03 14:00:00,-1.2416786749975743,0.001834674673440367
2017-01-03 14:00:00,0.5562743656656688,0.0001009279983134014
2017-01-03 14:00:00,1.451689676691143,-0.6725854172291782
2017-01-03 14:00:00,2.8604329723778594,0.7254855480982394
2017-01-03 14:00:00,1.4257741879707881,0.00015397802341827652
2017-01-03 14:00:00,1.6024614267012542,-0.11310893973383675
2017-01-03 14:00:00,0.01943021829981064,0.0004241254867132093
2017-01-03 14:00:00,0.45808971528208486,-0.0004713461374115724
2017-01-03 14:00:00,0.8098597905802628,-0.00016296061995434255
2017-01-03 14:00:00,-0.37582678865949914,0.0031392170796299386
2017-01-03 14:00:00,-1.4803577524938214,0.013642517739098161
2017-01-03 14:00:00,2.589919177221224,-0.0014529581174938632
2017-01-03 14:00:00,0.7918350300119527,-4.654856357148065e-05
2017-01-03 14:00:00,3.2526277568046016,-2.859857053556439e-05
2017-01-03 14:00:00,2.778767729468345,-0.001438574727183559
2017-01-03 14:00:00,0.4845295002849154,0.0008243086359607366
2017-01-03 14:00:00,0.8277879267742543,0.0005510519026777208
2017-01-03 14:00:00,1.7873750835372315,-0.0013677540385032899
2017-01-03 14:00:00,3.479609447916638,0.00027550198010471087
2017-01-03 14:00:00,0.17394067253155793,-0.0004780054474610663
2017-01-03 14:00:00,-0.9089722476320177,0.0008463878908814112
2017-01-03 14:00:00,-1.4428523967842104,0.0026519490630941027
2017-01-03 14:00:00,-1.4278611181999175,0.002720333366661375
2017-01-03 14:00:00,0.019563107453440504,0.00039502737818866907
2017-01-03 14:00:00,1.0606626750071464,-0.0007875693539967486
2017-01-03 14:00:00,0.32510637795625147,-5.255467695242441e-05
2017-01-03 14:00:00,0.929010322952967,-0.0008223397366755705
2017-01-03 14:00:00,1.2046488047614563,-0.0005205392142815854
2017-01-03 14:00:00,-0.7473586558407357,0.0007354145899595071
2017-01-03 14:00:00,0.3789907921114833,-0.007265491787554996
2017-01-03 14:00:00,1.4405439272164478,-0.002044561231954399
2017-01-03 14:00:00,-0.5655628717207603,0.0038690436397388534
2017-01-03 14:00:00,0.07948645192949493,0.0027421915044723026
2017-01-03 14:00:00,-0.055991928817041785,0.00819783215644745
2017-01-03 14:00:00,-0.782011577890028,0.0734589694386253
2017-01-03 14:00:00,0.78590165743296,0.005206541278325058
2017-01-03 14:00:00,2.772555846955308,-0.012544545703619335
2017-01-03 14:00:00,0.002616050380527534,0.0038445354486284396
2017-01-03 14:00:00,0.395447561737119,-0.04470421409734788
2017-01-03 14:00:00,0.41384005013964514,0.0034728613853287995
2017-01-03 14:00:00,2.763454418244221,-0.0036946636776327476
2017-01-03 14:00:00,1.0308800450594775,-0.0008499731525387556
2017-01-03 14:00:00,0.7975272243858712,-0.0013176242824103669
2017-01-03 14:00:00,0.2130792101400657,0.0002919042988944309
2017-01-03 15:00:00,-0.575206390103425,0.0010917402523080261
2017-01-03 15:00:00,-0.672642282924462,0.006412241354130029
2017-01-03 15:00:00,1.9817837416193935,-0.008224886189974709
2017-01-03 15:00:00,1.484293347281082,-0.0013492790642028205
2017-01-03 15:00:00,-0.517612143999895,0.008319067084511387
2017-01-03 15:00:00,2.2651227987330818,-0.012792846306990952
2017-01-03 15:00:00,0.7187491490608988,0.003193279967673338
2017-01-03 15:00:00,-1.2238449904423976,0.009316302401429579
2017-01-03 15:00:00,-0.26386220610217714,0.0012190183723587314
2017-01-03 15:00:00,-0.6912969143534488,0.0013085434000008004
2017-01-03 15:00:00,-0.9731606943021577,0.0010414680992664078
2017-01-03 15:00:00,-1.2416786749975743,0.001834674673440367
2017-01-03 15:00:00,0.5406933211631739,0.00010168653581943762
2017-01-03 15:00:00,1.3893654986811632,-0.672582383079154
2017-01-03 15:00:00,2.7981087943678804,0.7254885822482636
2017-01-03 15:00:00,1.5192604549857573,0.0001494267983820575
2017-01-03 15:00:00,1.6180424712037489,-0.11310969827134278
2017-01-03 15:00:00,0.01943021829981064,0.0004241254867132093
2017-01-03 15:00:00,0.7073864273220027,-0.0004834827375081536
2017-01-03 15:00:00,0.8566029240877475,-0.0001652362324724512
2017-01-03 15:00:00,-0.391407833161994,0.003139975617135975
2017-01-03 15:00:00,-1.4803577524938214,0.013642517739098161
2017-01-03 15:00:00,2.543176043713739,-0.0014506825049757546
2017-01-03 15:00:00,0.7918350300119527,-4.654856357148065e-05
2017-01-03 15:00:00,3.0033310447646837,-1.6461970438984925e-05
2017-01-03 15:00:00,2.9345781744932937,-0.0014461601022439212
2017-01-03 15:00:00,0.4845295002849154,0.0008243086359607366
2017-01-03 15:00:00,0.8122068822717594,0.000551810440183757
2017-01-03 15:00:00,1.8029561280397264,-0.001368512576009326
2017-01-03 15:00:00,3.354961091896679,0.00028157028015300055
2017-01-03 15:00:00,0.17394067253155793,-0.0004780054474610663
2017-01-03 15:00:00,-0.9557153811395024,0.0008486635033995198
2017-01-03 15:00:00,-1.4116903077792204,0.0026504319880820302
2017-01-03 15:00:00,-1.4434421627024125,0.002721091904167411
2017-01-03 15:00:00,0.035144151955935385,0.00039426884068263286
2017-01-03 15:00:00,1.122986853017126,-0.0007906035040208935
2017-01-03 15:00:00,0.41859264497122084,-5.710590198864171e-05
2017-01-03 15:00:00,0.8978482339479773,-0.0008208226616634981
2017-01-03 15:00:00,1.1267435822489817,-0.0005167465267514043
2017-01-03 15:00:00,-0.7629397003432307,0.0007361731274655433
2017-01-03 15:00:00,0.39457183661397816,-0.007266250325061032
2017-01-03 15:00:00,1.4872870607239324,-0.0020468368444725095
2017-01-03 15:00:00,-0.581143916223255,0.0038698021772448896
2017-01-03 15:00:00,0.07948645192949493,0.0027421915044723026
2017-01-03 15:00:00,-0.02482983981205202,0.008196315081435378
2017-01-03 15:00:00,-0.782011577890028,0.0734589694386253
2017-01-03 15:00:00,0.8482258354429395,0.005203507128300913
2017-01-03 15:00:00,2.6790695799403386,-0.012539994478583118
2017-01-03 15:00:00,-0.028546038624462217,0.003846052523640512
2017-01-03 15:00:00,0.36428547273212925,-0.044702697022335806
2017-01-03 15:00:00,0.3826779611346553,0.003474378460340872
2017-01-03 15:00:00,2.5297387507067977,-0.0036832856150422026
2017-01-03 15:00:00,0.9841369115519917,-0.0008476975400206469
2017-01-03 15:00:00,0.8442703578933558,-0.0013198998949284755
2017-01-03 15:00:00,0.13517398762759128,0.000295696986424612
2017-01-03 16:00:00,-0.6375305681134046,0.001094774402332171
2017-01-03 16:00:00,-0.7038043719294519,0.0064137584291421015
2017-01-03 16:00:00,1.9973647861218882,-0.008225644727480745
2017-01-03 16:00:00,1.8582384153409592,-0.0013674839643476914
2017-01-03 16:00:00,-0.6890036335273387,0.008327410997077785
2017-01-03 16:00:00,2.2651227987330818,-0.012792846306990952
2017-01-03 16:00:00,0.7187491490608988,0.003193279967673338
2017-01-03 16:00:00,-1.2238449904423976,0.009316302401429579
2017-01-03 16:00:00,-0.34176742861465154,0.0012228110598889142
2017-01-03 16:00:00,-0.6912969143534488,0.0013085434000008004
2017-01-03 16:00:00,-0.9731606943021577,0.0010414680992664078
2017-01-03 16:00:00,-1.2416786749975743,0.001834674673440367
2017-01-03 16:00:00,0.3693018316357302,0.00011003044838583774
2017-01-03 16:00:00,1.1712308756462348,-0.6725717635540696
2017-01-03 16:00:00,2.7825277498653853,0.7254893407857697
2017-01-03 16:00:00,1.4257741879707881,0.00015397802341827652
2017-01-03 16:00:00,1.6024614267012542,-0.11310893973383675
2017-01-03 16:00:00,0.09733544081228511,0.0004203327991830282
2017-01-03 16:00:00,0.5671570267995488,-0.0004766558999538259
2017-01-03 16:00:00,0.7631166570727782,-0.0001606850074362339
2017-01-03 16:00:00,-0.391407833161994,0.003139975617135975
2017-01-03 16:00:00,-1.4803577524938214,0.013642517739098161
2017-01-03 16:00:00,2.5587570882162343,-0.0014514410424817908
2017-01-03 16:00:00,0.7918350300119527,-4.654856357148065e-05
2017-01-03 16:00:00,1.9749821076000225,3.360150495941057e-05
2017-01-03 16:00:00,2.778767729468345,-0.001438574727183559
2017-01-03 16:00:00,0.45336741127992564,0.000825825710972809
2017-01-03 16:00:00,0.344775547196913,0.0005745665653648452
2017-01-03 16:00:00,1.8029561280397264,-0.001368512576009326
2017-01-03 16:00:00,2.7473003562993785,0.00031115324288841646
2017-01-03 16:00:00,0.11161649452157844,-0.0004749712974369214
2017-01-03 16:00:00,-0.9245532921345124,0.0008471464283874474
2017-01-03 16:00:00,-1.4428523967842104,0.0026519490630941027
2017-01-03 16:00:00,-1.4434421627024125,0.002721091904167411
2017-01-03 16:00:00,-0.058342115059033924,0.00039882006571885015
2017-01-03 16:00:00,0.8892711854797014,-0.0007792254414303485
2017-01-03 16:00:00,0.4341736894737157,-5.786443949467793e-05
2017-01-03 16:00:00,0.8978482339479773,-0.0008208226616634981
2017-01-03 16:00:00,1.080000448741497,-0.0005144709142332957
2017-01-03 16:00:00,-0.7785207448457254,0.0007369316649715796
2017-01-03 16:00:00,0.31666661410150376,-0.007262457637530851
2017-01-03 16:00:00,1.3003145266939935,-0.002037734394400073
2017-01-03 16:00:00,-0.6278870497307397,0.0038720777897629983
2017-01-03 16:00:00,-0.029580859587969296,0.002747501267014556
2017-01-03 16:00:00,0.037494338197927524,0.008193280931411234
2017-01-03 16:00:00,-0.8443357559000075,0.07346200358864945
2017-01-03 16:00:00,0.78590165743296,0.005206541278325058
2017-01-03 16:00:00,2.4609349569054104,-0.01252937495349861
2017-01-03 16:00:00,-0.028546038624462217,0.003846052523640512
2017-01-03 16:00:00,0.3019612947221497,-0.04469966287231166
2017-01-03 16:00:00,0.19570542710471686,0.0034834809104133083
2017-01-03 16:00:00,2.4206714391893334,-0.003677975852499949
2017-01-03 16:00:00,0.7348401995120735,-0.0008355609399240675
2017-01-03 16:00:00,0.1587043997835812,-0.0012865242446628783
2017-01-03 16:00:00,0.15075503213008615,0.0002949384489185758
2017-01-03 17:00:00,-0.6063684791084148,0.0010932573273200986
2017-01-03 17:00:00,-0.688223327426957,0.006412999891636065
2017-01-03 17:00:00,1.9973647861218882,-0.008225644727480745
2017-01-03 17:00:00,2.871006308003125,-0.001416788902240049
2017-01-03 17:00:00,-0.7980709450448029,0.008332720759620039
2017-01-03 17:00:00,2.0314071311956585,-0.012781468244400409
2017-01-03 17:00:00,0.547357659533455,0.003201623880239738
2017-01-03 17:00:00,-1.2238449904423976,0.009316302401429579
2017-01-03 17:00:00,-0.34176742861465154,0.0012228110598889142
2017-01-03 17:00:00,-0.7380400478609334,0.0013108190125189108
2017-01-03 17:00:00,-0.9731606943021577,0.0010414680992664078
2017-01-03 17:00:00,-1.2260976304950795,0.0018339161359343307
2017-01-03 17:00:00,0.3693018316357302,0.00011003044838583774
2017-01-03 17:00:00,1.2179740091537197,-0.6725740391665876
2017-01-03 17:00:00,2.4709068598154875,0.7255045115358904
2017-01-03 17:00:00,1.3790310544633033,0.00015625363593638517
2017-01-03 17:00:00,1.4622320261788,-0.11310211289628241
2017-01-03 17:00:00,-0.13638022672513822,0.0004317108617735734
2017-01-03 17:00:00,0.42692762627709513,-0.00046982906239949996
2017-01-03 17:00:00,0.6696303900578089,-0.0001561337824000166
2017-01-03 17:00:00,-0.4693130556744684,0.003143768304666156
2017-01-03 17:00:00,-1.5271008860013062,0.01364479335161627
2017-01-03 17:00:00,2.3717845541862954,-0.0014423385924093562
2017-01-03 17:00:00,0.7139298074994782,-4.275587604129957e-05
2017-01-03 17:00:00,1.507550772525176,5.6357630140498804e-05
2017-01-03 17:00:00,2.5762141509359116,-0.0014287137396050869
2017-01-03 17:00:00,0.31313801075747166,0.000832652548527135
2017-01-03 17:00:00,-0.34079041091286194,0.0006079422156304422
2017-01-03 17:00:00,1.6471456830147777,-0.001360927200948964
2017-01-03 17:00:00,2.1084775316970883,0.0003422532806359047
2017-01-03 17:00:00,0.03371127200910398,-0.00047117860990674034
2017-01-03 17:00:00,-0.9245532921345124,0.0008471464283874474
2017-01-03 17:00:00,-1.4272713522817153,0.0026511905255880664
2017-01-03 17:00:00,-1.4434421627024125,0.002721091904167411
2017-01-03 17:00:00,-0.12066629306901341,0.000401854215742995
2017-01-03 17:00:00,0.7490417849572475,-0.0007723986038760225
2017-01-03 17:00:00,0.636727268006149,-6.772542707314874e-05
2017-01-03 17:00:00,0.7108756999180387,-0.0008117202115910635
2017-01-03 17:00:00,0.9709331372240316,-0.0005091611516910404
2017-01-03 17:00:00,-0.840844922855705,0.0007399658149957244
2017-01-03 17:00:00,0.28550452509651403,-0.0072609405625187785
2017-01-03 17:00:00,1.2068282596790245,-0.002033183169363856
2017-01-03 17:00:00,-0.6123060052282449,0.003871319252256962
2017-01-03 17:00:00,-0.07632399309545393,0.0027497768795326644
2017-01-03 17:00:00,-0.1494781958320111,0.00820238338148367
2017-01-03 17:00:00,-0.8443357559000075,0.07346200358864945
2017-01-03 17:00:00,0.5366049453930418,0.005218677878421639
2017-01-03 17:00:00,2.3051245118804617,-0.012521789578438247
2017-01-03 17:00:00,-0.09087021663444173,0.003849086673664657
2017-01-03 17:00:00,0.17731293870219073,-0.04469359457226337
2017-01-03 17:00:00,0.07105707108475781,0.003489549210461598
2017-01-03 17:00:00,2.2960230831693744,-0.0036719075524516594
2017-01-03 17:00:00,0.6101918434921143,-0.0008294926398757758
2017-01-03 17:00:00,0.1587043997835812,-0.0012865242446628783
2017-01-03 17:00:00,0.07284980961761178,0.00029873113644875686
2017-01-03 18:00:00,-0.6063684791084148,0.0010932573273200986
2017-01-03 18:00:00,-0.688223327426957,0.006412999891636065
2017-01-03 18:00:00,1.9194595636094138,-0.008221852039950564
2017-01-03 18:00:00,2.9021683970081154,-0.001418305977252123
2017-01-03 18:00:00,-0.8448140785522875,0.008334996372138147
2017-01-03 18:00:00,1.782110419155741,-0.012769331644303827
2017-01-03 18:00:00,0.4850334815234757,0.003204658030263883
2017-01-03 18:00:00,-1.2238449904423976,0.009316302401429579
2017-01-03 18:00:00,-0.34176742861465154,0.0012228110598889142
2017-01-03 18:00:00,-0.784783181368418,0.0013130946250370194
2017-01-03 18:00:00,-0.9731606943021577,0.0010414680992664078
2017-01-03 18:00:00,-1.2416786749975743,0.001834674673440367
2017-01-03 18:00:00,0.3848828761382251,0.00010927191087980152
2017-01-03 18:00:00,1.2179740091537197,-0.6725740391665876
2017-01-03 18:00:00,3.9978492210599863,0.7254301748602988
2017-01-03 18:00:00,1.337583670158841,-0.11309604459623412
2017-01-03 18:00:00,0.7984824434245545,0.000386198611411395
2017-01-03 18:00:00,0.11530673622719756,-0.00045465831227877384
2017-01-03 18:00:00,0.654049345555314,-0.00015537524489397865
2017-01-03 18:00:00,-0.562799322689438,0.003148319529702375
2017-01-03 18:00:00,-1.5271008860013062,0.01364479335161627
2017-01-03 18:00:00,2.2003930646588516,-0.001433994679842956
2017-01-03 18:00:00,0.5581193624745293,-3.517050098093567e-05
2017-01-03 18:00:00,1.211510926977773,7.076984275518865e-05
2017-01-03 18:00:00,2.4359847504134575,-0.001421886902050761
2017-01-03 18:00:00,0.23523278824499744,0.0008364452360573178
2017-01-03 18:00:00,-0.6524113009627598,0.0006231129657511683
2017-01-03 18:00:00,1.3978489709748594,-0.0013487906008523827
2017-01-03 18:00:00,1.7501135081397066,0.0003596996432747392
2017-01-03 18:00:00,-0.16884230652332954,-0.0004613176223282678
2017-01-03 18:00:00,-0.8778101586270279,0.000844870815869337
2017-01-03 18:00:00,-1.4895955302916948,0.0026542246756122113
2017-01-03 18:00:00,-1.474604251707402,0.0027226089791794836
2017-01-03 18:00:00,-0.1985715155814879,0.00040564690327317784
2017-01-03 18:00:00,0.6243934289372884,-0.0007663303038277311
2017-01-03 18:00:00,0.35626846696124126,-5.4071751964496846e-05
2017-01-03 18:00:00,0.7264567444205337,-0.0008124787490970997
2017-01-03 18:00:00,0.8307037367015777,-0.0005023343141367145
2017-01-03 18:00:00,-0.8252638783532101,0.0007392072774896882
2017-01-03 18:00:00,0.14527512457406014,-0.007254113724964451
2017-01-03 18:00:00,0.926369458634115,-0.0020195294942552022
2017-01-03 18:00:00,-0.6123060052282449,0.003871319252256962
2017-01-03 18:00:00,-0.1542292156079284,0.002753569567062847
2017-01-03 18:00:00,-0.18064028483700087,0.008203900456495742
2017-01-03 18:00:00,-0.8443357559000075,0.07346200358864945
2017-01-03 18:00:00,0.5054428563880521,0.005220194953433711
2017-01-03 18:00:00,2.211638244865492,-0.012517238353402028
2017-01-03 18:00:00,-0.09087021663444173,0.003849086673664657
2017-01-03 18:00:00,0.23963711671217025,-0.04469662872228752
2017-01-03 18:00:00,-0.022429195930211535,0.0034941004354978153
2017-01-03 18:00:00,1.7818486145870438,-0.0036468758147524608
2017-01-03 18:00:00,0.4699624429696605,-0.0008226658023214498
2017-01-03 18:00:00,0.03405604376362213,-0.0012804559446145886
2017-01-03 18:00:00,-0.005055412894862693,0.00030252382397893794
2017-01-03 19:00:00,-0.5596253456009302,0.0010909817148019882
2017-01-03 19:00:00,-0.688223327426957,0.006412999891636065
2017-01-03 19:00:00,1.6390007625645058,-0.00820819836484191
2017-01-03 19:00:00,2.4347370619332684,-0.0013955498520710331
2017-01-03 19:00:00,-0.8603951230547824,0.008335754909644184
2017-01-03 19:00:00,1.6107189296282975,-0.012760987731737429
2017-01-03 19:00:00,0.5629387040359499,0.003200865342733702
2017-01-03 19:00:00,-1.2238449904423976,0.009316302401429579
2017-01-03 19:00:00,-0.34176742861465154,0.0012228110598889142
2017-01-03 19:00:00,-0.7068779588559436,0.0013093019375068366
2017-01-03 19:00:00,-0.9731606943021577,0.0010414680992664078
2017-01-03 19:00:00,-1.2416786749975743,0.001834674673440367
2017-01-03 19:00:00,0.27581556462076096,0.00011458167342205504
2017-01-03 19:00:00,1.295879231666194,-0.6725778318541178
2017-01-03 19:00:00,3.405769529965181,0.7254589992855281
2017-01-03 19:00:00,1.192058520433365,0.00016535608600881977
2017-01-03 19:00:00,1.4310699371738105,-0.11310059582127034
2017-01-03 19:00:00,0.021820469212228206,-0.00045010708724255654
2017-01-03 19:00:00,0.6073062120478293,-0.00015309963237587
2017-01-03 19:00:00,-0.6562855897044072,0.0031528707547385923
2017-01-03 19:00:00,-1.4803577524938214,0.013642517739098161
2017-01-03 19:00:00,2.2003930646588516,-0.001433994679842956
2017-01-03 19:00:00,0.5425383179720344,-3.441196347489945e-05
2017-01-03 19:00:00,1.211510926977773,7.076984275518865e-05
2017-01-03 19:00:00,2.6229572844433964,-0.0014309893521231973
2017-01-03 19:00:00,0.26639487724998706,0.0008349281610452436
2017-01-03 19:00:00,-0.7458975679777291,0.0006276641907873856
2017-01-03 19:00:00,1.2420385259499105,-0.0013412052257920205
2017-01-03 19:00:00,1.2826821730648599,0.0003824557684558274
2017-01-03 19:00:00,-0.2000043955283193,-0.00045980054731619536
2017-01-03 19:00:00,-0.862229114124533,0.0008441122783633008
2017-01-03 19:00:00,-1.5051765747941899,0.0026549832131182475
2017-01-03 19:00:00,-1.474604251707402,0.0027226089791794836
2017-01-03 19:00:00,-0.24531464908897255,0.0004079225157912865
2017-01-03 19:00:00,0.5932313399322987,-0.0007648132288156586
2017-01-03 19:00:00,0.387430555966231,-5.558882697656928e-05
2017-01-03 19:00:00,0.7264567444205337,-0.0008124787490970997
2017-01-03 19:00:00,0.8307037367015777,-0.0005023343141367145
2017-01-03 19:00:00,-0.8252638783532101,0.0007392072774896882
2017-01-03 19:00:00,0.036207813056595976,-0.007248803962422197
2017-01-03 19:00:00,1.0821799036590651,-0.002027114869315566
2017-01-03 19:00:00,-0.59672496072575,0.003870560714750926
2017-01-03 19:00:00,-0.1386481711054335,0.002752811029556811
2017-01-03 19:00:00,-0.08715401782203154,0.008199349231459523
2017-01-03 19:00:00,-0.782011577890028,0.0734589694386253
2017-01-03 19:00:00,0.6300912124080111,0.005214126653385422
2017-01-03 19:00:00,2.0246657108355537,-0.012508135903329594
2017-01-03 19:00:00,0.033778139385517325,0.003843018373616367
2017-01-03 19:00:00,0.33312338372713945,-0.044701179947323734
2017-01-03 19:00:00,0.07105707108475781,0.003489549210461598
2017-01-03 19:00:00,1.7662675700845492,-0.0036461172772464245
2017-01-03 19:00:00,0.2829899089397219,-0.0008135633522490152
2017-01-03 19:00:00,0.03405604376362213,-0.0012804559446145886
2017-01-03 19:00:00,-0.005055412894862693,0.00030252382397893794
2017-01-03 20:00:00,-0.29474758905851695,0.0010780865771993725
2017-01-03 20:00:00,-0.4233455708845439,0.00640010475403345
2017-01-03 20:00:00,1.8259732965944446,-0.008217300814914345
2017-01-03 20:00:00,2.3412507949182992,-0.0013909986270348158
2017-01-03 20:00:00,-0.8292330340497926,0.008334237834632111
2017-01-03 20:00:00,2.140474442713123,-0.012786778006942662
2017-01-03 20:00:00,1.6691928637130877,0.003147009179805125
2017-01-03 20:00:00,-1.145939767929923,0.009312509713899398
2017-01-03 20:00:00,0.17240703996767984,0.0011977793221897156
2017-01-03 20:00:00,-0.33293289079606625,0.0012910970373619657
2017-01-03 20:00:00,-0.7238639822622396,0.0010293314991698266
2017-01-03 20:00:00,-1.0858682299726254,0.0018270892983800048
2017-01-03 20:00:00,0.7899900332030921,8.954993572285816e-05
2017-01-03 20:00:00,2.6202680143782584,-0.6726423075421308
2017-01-03 20:00:00,4.262726977602399,0.7254172797226962
2017-01-03 20:00:00,1.690651944513201,0.0001410828858156591
2017-01-03 20:00:00,2.7554587198858744,-0.11316507150928343
2017-01-03 20:00:00,0.2531458858372338,0.00041274742412266606
2017-01-03 20:00:00,0.28669822575464116,-0.000463002224845174
2017-01-03 20:00:00,1.2772911256551107,-0.00018571674513543078
2017-01-03 20:00:00,-0.391407833161994,0.003139975617135975
2017-01-03 20:00:00,-1.418033574483842,0.013639483589074016
2017-01-03 20:00:00,3.041769467793576,-0.001474955705168917
2017-01-03 20:00:00,0.7762539855094577,-4.5790026065444433e-05
2017-01-03 20:00:00,2.0061441966050113,3.2084429947338135e-05
2017-01-03 20:00:00,3.43317159857313,-0.0014704333024370836
2017-01-03 20:00:00,0.4845295002849154,0.0008243086359607366
2017-01-03 20:00:00,-0.7614786124802241,0.0006284227282934218
2017-01-03 20:00:00,1.740631950029747,-0.0013654784259851812
2017-01-03 20:00:00,0.846412926995002,0.0004036948186248431
2017-01-03 20:00:00,0.0025491830041141908,-0.0004696615348946679
2017-01-03 20:00:00,-0.7531618026070688,0.0008388025158210473
2017-01-03 20:00:00,-1.4740144857892,0.002653466138106175
2017-01-03 20:00:00,0.08350019854208544,0.002646755228575855
2017-01-03 20:00:00,0.0663062409609252,0.0003927517656705604
2017-01-03 20:00:00,1.387864609559539,-0.0008034986416235091
2017-01-03 20:00:00,0.761375624026108,-7.379372712144021e-05
2017-01-03 20:00:00,1.5834141920577536,-0.0008541983119290953
2017-01-03 20:00:00,1.7188232733437874,-0.0005455709519807823
2017-01-03 20:00:00,-0.5603861218107972,0.0007263121398870725
2017-01-03 20:00:00,0.4101528811164731,-0.007267008862567068
2017-01-03 20:00:00,2.2507582413461806,-0.0020840051822682876
2017-01-03 20:00:00,-0.6434680942332346,0.0038728363272690345
2017-01-03 20:00:00,0.2664589859594334,0.0027330890543998663
2017-01-03 20:00:00,0.38027731725281483,0.008176593106278435
2017-01-03 20:00:00,-0.4392285988351403,0.0734422816134925
2017-01-03 20:00:00,1.7207643275826543,0.005161029027962881
2017-01-03 20:00:00,3.1153388260101953,-0.012561233528752134
2017-01-03 20:00:00,0.5635336524703431,0.003817228098411134
2017-01-03 20:00:00,0.8940409858169551,-0.044728487297541045
2017-01-03 20:00:00,0.538488406159604,0.0034667930852805098
2017-01-03 20:00:00,3.0906563527966138,-0.00371059296525951
2017-01-03 20:00:00,0.9529748225470018,-0.0008461804650085745
2017-01-03 20:00:00,0.3924200673210043,-0.0012979023072534233
2017-01-03 20:00:00,0.431213833174994,0.00028128477380992214
2017-01-03 21:00:00,-0.2168423665460424,0.0010742938896691914
2017-01-03 21:00:00,-0.26753512585959505,0.006392519378973084
2017-01-03 21:00:00,1.6545818070670009,-0.008208956902347946
2017-01-03 21:00:00,2.060791993873391,-0.0013773449519261622
2017-01-03 21:00:00,-0.8759761675572774,0.00833651344715022
2017-01-03 21:00:00,2.218379665225597,-0.012790570694472843
2017-01-03 21:00:00,1.6380307747080982,0.0031485262548171973
2017-01-03 21:00:00,-1.161520812432418,0.009313268251405434
2017-01-03 21:00:00,0.2503122624801541,0.0011939866346595345
2017-01-03 21:00:00,-0.4108381133085407,0.0012948897248921485
2017-01-03 21:00:00,-0.7394450267647344,0.0010300900366758629
2017-01-03 21:00:00,-1.0702871854701306,0.0018263307608739686
2017-01-03 21:00:00,0.7744089887005972,9.030847322889437e-05
2017-01-03 21:00:00,2.6981732368907325,-0.6726461002296611
2017-01-03 21:00:00,3.9199439985475117,0.725433967547829
2017-01-03 21:00:00,1.7841382115281703,0.0001365316607794418
2017-01-03 21:00:00,2.817782897895854,-0.11316810565930757
2017-01-03 21:00:00,0.03501126280230553,0.0004233669492071731
2017-01-03 21:00:00,0.23995509224715658,-0.0004607266123270636
2017-01-03 21:00:00,1.2928721701576054,-0.000186475282641467
2017-01-03 21:00:00,-0.37582678865949914,0.0031392170796299386
2017-01-03 21:00:00,-1.386871485478852,0.013637966514061944
2017-01-03 21:00:00,3.555943936375907,-0.0014999874428681139
2017-01-03 21:00:00,0.8853212970269219,-5.109978860769773e-05
2017-01-03 21:00:00,2.520318665187342,7.052692248141259e-06
2017-01-03 21:00:00,4.071994423175421,-0.0015015333401845706
2017-01-03 21:00:00,0.45336741127992564,0.000825825710972809
2017-01-03 21:00:00,-0.7770596569827188,0.000629181265799458
2017-01-03 21:00:00,1.6783077720197674,-0.0013624442759610363
2017-01-03 21:00:00,0.4568868144326301,0.00042265825627575026
2017-01-03 21:00:00,0.03371127200910398,-0.00047117860990674034
2017-01-03 21:00:00,-0.7531618026070688,0.0008388025158210473
2017-01-03 21:00:00,-1.4740144857892,0.002653466138106175
2017-01-03 21:00:00,-1.4434421627024125,0.002721091904167411
2017-01-03 21:00:00,0.08188728546342008,0.0003919932281645242
2017-01-03 21:00:00,1.419026698564529,-0.0008050157166355816
2017-01-03 21:00:00,0.7146324905186234,-7.151811460333156e-05
2017-01-03 21:00:00,1.7548056815851976,-0.0008625422244954937
2017-01-03 21:00:00,1.8123095403587568,-0.0005501221770169996
2017-01-03 21:00:00,-0.4980619438008175,0.0007232779898629259
2017-01-03 21:00:00,0.45689601462395774,-0.007269284475085177
2017-01-03 21:00:00,2.3754065973661396,-0.0020900734823165773
2017-01-03 21:00:00,-0.6434680942332346,0.0038728363272690345
2017-01-03 21:00:00,0.37552629747689753,0.002727779291857613
2017-01-03 21:00:00,0.4114394062578047,0.008175076031266363
2017-01-03 21:00:00,-0.47039068784013005,0.07344379868850458
2017-01-03 21:00:00,1.7207643275826543,0.005161029027962881
2017-01-03 21:00:00,3.053014648000216,-0.012558199378727989
2017-01-03 21:00:00,0.5946957414753329,0.0038157110233990616
2017-01-03 21:00:00,0.9252030748219449,-0.04473000437255312
2017-01-03 21:00:00,0.5696504951645938,0.0034652760102684373
2017-01-03 21:00:00,3.012751130284139,-0.003706800277729329
2017-01-03 21:00:00,0.921812733542012,-0.000844663389996502
2017-01-03 21:00:00,0.40800111182349924,-0.0012986608447594595
2017-01-03 21:00:00,0.3844706996675093,0.0002835603863280308
2017-01-03 22:00:00,-0.3726528115709914,0.0010818792647295536
2017-01-03 22:00:00,-0.37660243737705923,0.0063978291415153375
2017-01-03 22:00:00,1.5299334510470417,-0.008202888602299657
2017-01-03 22:00:00,1.5933606587985463,-0.001354588826745074
2017-01-03 22:00:00,-0.8448140785522875,0.008334996372138147
2017-01-03 22:00:00,2.202798620723102,-0.012789812156966807
2017-01-03 22:00:00,1.4510582406781596,0.003157628704889632
2017-01-03 22:00:00,-1.1926829014374078,0.009314785326417507
2017-01-03 22:00:00,0.09450181745520544,0.0012015720097198967
2017-01-03 22:00:00,-0.519905424826005,0.001300199487434402
2017-01-03 22:00:00,-0.801769204774714,0.0010331241867000095
2017-01-03 22:00:00,-1.0858682299726254,0.0018270892983800048
2017-01-03 22:00:00,0.665341677183133,9.561823577114789e-05
2017-01-03 22:00:00,2.5891059253732682,-0.6726407904671188
2017-01-03 22:00:00,3.8576198205375323,0.7254370016978531
2017-01-03 22:00:00,1.830881345035655,0.00013425604826133153
2017-01-03 22:00:00,2.8956881204083285,-0.11317189834683776
2017-01-03 22:00:00,0.03501126280230553,0.0004233669492071731
2017-01-03 22:00:00,0.20879300324216685,-0.0004592095373149912
2017-01-03 22:00:00,1.2772911256551107,-0.00018571674513543078
2017-01-03 22:00:00,-0.37582678865949914,0.0031392170796299386
2017-01-03 22:00:00,-1.418033574483842,0.013639483589074016
2017-01-03 22:00:00,3.711754381400856,-0.001507572817928476
2017-01-03 22:00:00,0.8074160745144474,-4.7307101077516866e-05
2017-01-03 22:00:00,2.4112513536698783,1.2362454790394774e-05
2017-01-03 22:00:00,4.165480690190389,-0.0015060845652207896
2017-01-03 22:00:00,0.3754621887674512,0.0008296183985029901
2017-01-03 22:00:00,-0.8705459239976883,0.0006337324908356753
2017-01-03 22:00:00,1.584821505004798,-0.001357893050924819
2017-01-03 22:00:00,0.1608469688852274,0.0004370704688904403
2017-01-03 22:00:00,0.01813022750660908,-0.0004704200724007041
2017-01-03 22:00:00,-0.8466480696220381,0.0008433537408572646
2017-01-03 22:00:00,-1.4895955302916948,0.0026542246756122113
2017-01-03 22:00:00,-1.505766340712392,0.002724126054191556
2017-01-03 22:00:00,-0.011598981551549283,0.0003965444532007415
2017-01-03 22:00:00,1.1541489420221158,-0.0007921205790329659
2017-01-03 22:00:00,0.5588220454936745,-6.393273954296766e-05
2017-01-03 22:00:00,1.521090014047774,-0.0008511641619049504
2017-01-03 22:00:00,1.8278905848612517,-0.0005508807145230375
2017-01-03 22:00:00,-0.4980619438008175,0.0007232779898629259
2017-01-03 22:00:00,0.48805810362894747,-0.007270801550097249
2017-01-03 22:00:00,2.2507582413461806,-0.0020840051822682876
2017-01-03 22:00:00,-0.7681164502531937,0.0038789046273173242
2017-01-03 22:00:00,0.46901256449186685,0.0027232280668213955
2017-01-03 22:00:00,0.2556289612328558,0.008182661406326727
2017-01-03 22:00:00,-0.5638769548550997,0.0734483499135408
2017-01-03 22:00:00,1.5337917935527157,0.005170131478035316
2017-01-03 22:00:00,2.8660421139702774,-0.012549096928655553
2017-01-03 22:00:00,0.47004738545537395,0.0038217793234473513
2017-01-03 22:00:00,0.7382305407920063,-0.04472090192248068
2017-01-03 22:00:00,0.538488406159604,0.0034667930852805098
2017-01-03 22:00:00,2.638806062224262,-0.003688595377584458
2017-01-03 22:00:00,0.7348401995120735,-0.0008355609399240675
2017-01-03 22:00:00,0.23660962229605562,-0.0012903169321930594
2017-01-03 22:00:00,0.13517398762759128,0.000295696986424612
2017-01-03 23:00:00,-0.4817201230884556,0.0010871890272718071
2017-01-03 23:00:00,-0.5012507933970184,0.006403897441563631
2017-01-03 23:00:00,1.2806367390071236,-0.008190752002203075
2017-01-03 23:00:00,1.2194155907386688,-0.001336383926600203
2017-01-03 23:00:00,-0.6266794555173592,0.00832437684705364
2017-01-03 23:00:00,2.015826086693163,-0.012780709706894372
2017-01-03 23:00:00,1.2017615286382413,0.003169765304986213
2017-01-03 23:00:00,-1.2394260349448925,0.009317060938935615
2017-01-03 23:00:00,0.03217763944522588,0.0012046061597440433
2017-01-03 23:00:00,-0.6133916918409743,0.0013047507124706193
2017-01-03 23:00:00,-0.8640933827846935,0.0010361583367241543
2017-01-03 23:00:00,-1.1326113634801103,0.0018293649108981134
2017-01-03 23:00:00,0.4316260096457098,0.00010699629836169114
2017-01-03 23:00:00,2.5891059253732682,-0.6726407904671188
2017-01-03 23:00:00,3.8732008650400274,0.725436243160347
2017-01-03 23:00:00,1.8620434340406449,0.0001327389732492591
2017-01-03 23:00:00,2.8645260314033387,-0.11317038127182569
2017-01-03 23:00:00,0.05059230730480042,0.0004226084117011369
2017-01-03 23:00:00,0.23995509224715658,-0.0004607266123270636
2017-01-03 23:00:00,1.2617100811526158,-0.00018495820762939457
2017-01-03 23:00:00,-0.43815096666947867,0.0031422512296540835
2017-01-03 23:00:00,-1.4336146189863368,0.013640242126580052
2017-01-03 23:00:00,3.6338491588883812,-0.001503780130398295
2017-01-03 23:00:00,0.6983487629969832,-4.199733853526335e-05
2017-01-03 23:00:00,2.0528873301124957,2.980881742922949e-05
2017-01-03 23:00:00,3.978508156160451,-0.0014969821151483533
2017-01-03 23:00:00,0.34430009976246145,0.0008311354735150625
2017-01-03 23:00:00,-0.886126968500183,0.0006344910283417115
2017-01-03 23:00:00,1.600402549507293,-0.0013586515884308553
2017-01-03 23:00:00,0.11410383537774277,0.000439346081408549
2017-01-03 23:00:00,-0.028612906000875578,-0.0004681444598825955
2017-01-03 23:00:00,-0.9089722476320177,0.0008463878908814112
2017-01-03 23:00:00,-1.4895955302916948,0.0026542246756122113
2017-01-03 23:00:00,-1.5213473852148869,0.0027248845916975923
2017-01-03 23:00:00,-0.10508524856651853,0.0004010956782369588
2017-01-03 23:00:00,1.0139195414996618,-0.0007852937414786382
2017-01-03 23:00:00,0.41859264497122084,-5.710590198864171e-05
2017-01-03 23:00:00,1.427603747032805,-0.0008466129368687314
2017-01-03 23:00:00,1.7188232733437874,-0.0005455709519807823
2017-01-03 23:00:00,-0.4980619438008175,0.0007232779898629259
2017-01-03 23:00:00,0.425733925618968,-0.0072677674000731045
2017-01-03 23:00:00,2.1416909298287163,-0.0020786954197260323
2017-01-03 23:00:00,-0.7836974947556885,0.0038796631648233605
2017-01-03 23:00:00,0.46901256449186685,0.0027232280668213955
2017-01-03 23:00:00,0.13098060521289684,0.008188729706375016
2017-01-03 23:00:00,-0.6262011328650792,0.07345138406356494
2017-01-03 23:00:00,1.3468192595227773,0.005179233928107752
2017-01-03 23:00:00,2.5855833129253694,-0.012535443253546899
2017-01-03 23:00:00,0.28307485142543537,0.003830881773519786
2017-01-03 23:00:00,0.6135821847720472,-0.044714833622432386
2017-01-03 23:00:00,0.4761642281496246,0.0034698272353046546
2017-01-03 23:00:00,2.2960230831693744,-0.0036719075524516594
2017-01-03 23:00:00,0.5167055764771451,-0.0008249414148395585
2017-01-03 23:00:00,0.0963802217736017,-0.0012834900946387335
2017-01-03 23:00:00,0.02610667611012709,0.0003010067489668655
2017-01-04 00:00:00,-0.5128822120934455,0.0010887061022838795
2017-01-04 00:00:00,-0.563574971406998,0.0064069315915877756
2017-01-04 00:00:00,1.1404073384846696,-0.00818392516464875
2017-01-04 00:00:00,1.0012809677037402,-0.001325764401515696
2017-01-04 00:00:00,-0.7045846780298336,0.008328169534583822
2017-01-04 00:00:00,1.828853552663226,-0.012771607256821936
2017-01-04 00:00:00,0.8745595940858476,0.0031856945926129754
2017-01-04 00:00:00,-1.2550070794473873,0.009317819476441652
2017-01-04 00:00:00,-0.06130862756974343,0.0012091573847802606
2017-01-04 00:00:00,-0.6912969143534488,0.0013085434000008004
2017-01-04 00:00:00,-0.9108365162921782,0.001038433949242263
2017-01-04 00:00:00,-1.1637734524850998,0.0018308819859101859
2017-01-04 00:00:00,0.3069776536257507,0.0001130645984099826
2017-01-04 00:00:00,2.1216745902984218,-0.6726180343419377
2017-01-04 00:00:00,3.405769529965181,0.7254589992855281
2017-01-04 00:00:00,1.6127467220007266,0.0001448755733458402
2017-01-04 00:00:00,2.4905809633434615,-0.1131521763716808
2017-01-04 00:00:00,-0.08963709321765352,0.0004294352492554628
2017-01-04 00:00:00,-0.056084753300246176,-0.00044631439971237546
2017-01-04 00:00:00,1.214966947645131,-0.00018268259511128592
2017-01-04 00:00:00,-0.5160561891819533,0.0031460439171842663
2017-01-04 00:00:00,-1.4491956634888319,0.013641000664086089
2017-01-04 00:00:00,3.3689714023459683,-0.0014908849927956793
2017-01-04 00:00:00,0.5425383179720344,-3.441196347489945e-05
2017-01-04 00:00:00,1.8191716625750738,4.118688001977274e-05
2017-01-04 00:00:00,3.6201441326030688,-0.0014795357525095182
2017-01-04 00:00:00,0.18848965473751278,0.0008387208485754264
2017-01-04 00:00:00,-0.9328701020076677,0.0006367666408598219
2017-01-04 00:00:00,1.5069162824923237,-0.001354100363394638
2017-01-04 00:00:00,0.005036523860278537,0.00044465584395080227
2017-01-04 00:00:00,-0.13768021751833978,-0.0004628346973403402
2017-01-04 00:00:00,-0.9712964256419971,0.000849422040905556
2017-01-04 00:00:00,-1.5051765747941899,0.0026549832131182475
2017-01-04 00:00:00,-1.5213473852148869,0.0027248845916975923
2017-01-04 00:00:00,-0.2608956935914676,0.0004086810532973227
2017-01-04 00:00:00,0.7957849184647322,-0.0007746742163941312
2017-01-04 00:00:00,0.20045802193629253,-4.6486376904132946e-05
2017-01-04 00:00:00,1.2562122575053611,-0.000838269024302333
2017-01-04 00:00:00,1.5785938728213333,-0.0005387441144264563
2017-01-04 00:00:00,-0.5448050773083022,0.0007255536023810363
2017-01-04 00:00:00,0.2699234805940191,-0.007260182025012741
2017-01-04 00:00:00,1.939137351296284,-0.0020688344321475615
2017-01-04 00:00:00,-0.7836974947556885,0.0038796631648233605
2017-01-04 00:00:00,0.39110734197939245,0.0027270207543515766
2017-01-04 00:00:00,0.006332249192937732,0.008194798006423306
2017-01-04 00:00:00,-0.6885253108750587,0.07345441821358908
2017-01-04 00:00:00,1.1598467254928384,0.005188336378180187
2017-01-04 00:00:00,2.242800333870482,-0.012518755428414102
2017-01-04 00:00:00,0.2207506734154559,0.0038339159235439325
2017-01-04 00:00:00,0.45777173974709856,-0.044707248247372024
2017-01-04 00:00:00,0.3203537831246758,0.003477412610365017
2017-01-04 00:00:00,1.7818486145870438,-0.0036468758147524608
2017-01-04 00:00:00,0.3608951314521963,-0.0008173560397791963
2017-01-04 00:00:00,0.00289395475863235,-0.0012789388696025162
2017-01-04 00:00:00,-0.12970376891482177,0.0003085921240272294
2017-01-04 01:00:00,-0.5596253456009302,0.0010909817148019882
2017-01-04 01:00:00,-0.6103181049144826,0.006409207204105884
2017-01-04 01:00:00,1.0780831604746899,-0.008180891014624603
2017-01-04 01:00:00,0.8454705226787903,-0.0013181790264553321
2017-01-04 01:00:00,-0.8759761675572774,0.00833651344715022
2017-01-04 01:00:00,1.673043107638277,-0.012764021881761574
2017-01-04 01:00:00,0.7187491490608988,0.003193279967673338
2017-01-04 01:00:00,-1.2550070794473873,0.009317819476441652
2017-01-04 01:00:00,-0.12363280557972295,0.0012121915348044055
2017-01-04 01:00:00,-0.7224590033584385,0.0013100604750128728
2017-01-04 01:00:00,-0.941998605297168,0.0010399510242543354
2017-01-04 01:00:00,-1.1949355414900897,0.0018323990609222583
2017-01-04 01:00:00,0.12000511959581227,0.0001221670484824172
2017-01-04 01:00:00,1.841215789253515,-0.672604380666829
2017-01-04 01:00:00,2.9227571503878393,0.7254825139482153
2017-01-04 01:00:00,1.5036794104832625,0.0001501853358880937
2017-01-04 01:00:00,2.101054850781089,-0.1131332129340299
2017-01-04 01:00:00,-0.2454475382426024,0.00043702062431582694
2017-01-04 01:00:00,-0.04050370879775133,-0.0004470729372184117
2017-01-04 01:00:00,0.918927102097727,-0.00016827038249659607
2017-01-04 01:00:00,-0.6251235006994175,0.00315135367972652
2017-01-04 01:00:00,-1.4491956634888319,0.013641000664086089
2017-01-04 01:00:00,3.135255734808545,-0.0014795069302051343
2017-01-04 01:00:00,0.4646330954595601,-3.061927594471837e-05
2017-01-04 01:00:00,1.756847484565094,4.422103004391934e-05
2017-01-04 01:00:00,3.43317159857313,-0.0014704333024370836
2017-01-04 01:00:00,0.06384129871755374,0.0008447891486237162
2017-01-04 01:00:00,-0.9484511465101627,0.0006375251783658581
2017-01-04 01:00:00,1.3511058374673748,-0.001346514988334274
2017-01-04 01:00:00,-0.026125565144711215,0.0004461729189628747
2017-01-04 01:00:00,-0.262328573538299,-0.0004567663972920505
2017-01-04 01:00:00,-1.0024585146469867,0.0008509391159176285
2017-01-04 01:00:00,-1.5207576192966847,0.0026557417506242837
2017-01-04 01:00:00,-1.5213473852148869,0.0027248845916975923
2017-01-04 01:00:00,-0.38554404961142663,0.00041474935334561244
2017-01-04 01:00:00,0.6243934289372884,-0.0007663303038277311
2017-01-04 01:00:00,0.13813384392631298,-4.345222687998808e-05
2017-01-04 01:00:00,1.1938880794953814,-0.0008352348742781882
2017-01-04 01:00:00,1.4851076058063641,-0.000534192889390239
2017-01-04 01:00:00,-0.5915482108157869,0.000727829214899145
2017-01-04 01:00:00,0.1920182580815448,-0.0072563893374825595
2017-01-04 01:00:00,1.79890795077383,-0.002062007594593234
2017-01-04 01:00:00,-0.7992785392581835,0.0038804217023293967
2017-01-04 01:00:00,0.29762107496442314,0.002731571979387794
2017-01-04 01:00:00,-0.055991928817041785,0.00819783215644745
2017-01-04 01:00:00,-0.7196873998800485,0.07345593528860116
2017-01-04 01:00:00,1.0351983694728795,0.0051944046782284765
2017-01-04 01:00:00,2.0246657108355537,-0.012508135903329594
2017-01-04 01:00:00,0.0961023173954969,0.0038399842235922223
2017-01-04 01:00:00,0.4266096507421088,-0.04470573117235995
2017-01-04 01:00:00,0.2268675161097066,0.003481963835401236
2017-01-04 01:00:00,1.7039433920745692,-0.0036430831272222797
2017-01-04 01:00:00,0.20508468642724764,-0.0008097706647188324
2017-01-04 01:00:00,-0.16849753476881138,-0.001270594957036116
2017-01-04 01:00:00,-0.2076089914272962,0.0003123848115574105
2017-01-04 02:00:00,-0.575206390103425,0.0010917402523080261
2017-01-04 02:00:00,-0.6258991494169774,0.00640996574161192
2017-01-04 02:00:00,0.9534348044547298,-0.008174822714576313
2017-01-04 02:00:00,0.7052411221563363,-0.0013113521889010062
2017-01-04 02:00:00,-0.8759761675572774,0.00833651344715022
2017-01-04 02:00:00,1.4704895291058433,-0.012754160894183101
2017-01-04 02:00:00,0.6408439265484244,0.003197072655203519
2017-01-04 02:00:00,-1.2705881239498822,0.009318578013947688
2017-01-04 02:00:00,-0.2015380280921974,0.0012159842223345865
2017-01-04 02:00:00,-0.784783181368418,0.0013130946250370194
2017-01-04 02:00:00,-0.9731606943021577,0.0010414680992664078
2017-01-04 02:00:00,-1.2105165859925846,0.0018331575984282945
2017-01-04 02:00:00,-0.020224280926641722,0.00012899388603674489
2017-01-04 02:00:00,1.6698242997260713,-0.6725960367542627
2017-01-04 02:00:00,2.813689838870375,0.7254878237107576
2017-01-04 02:00:00,1.4880983659807676,0.00015094387339412992
2017-01-04 02:00:00,1.8673391832436672,-0.11312183487143936
2017-01-04 02:00:00,-0.2766096272475923,0.0004385376993278994
2017-01-04 02:00:00,-0.07166579780274107,-0.00044555586220633924
2017-01-04 02:00:00,0.8877650130927373,-0.00016675330748452364
2017-01-04 02:00:00,-0.7186097677143868,0.003155904904762737
2017-01-04 02:00:00,-1.4803577524938214,0.013642517739098161
2017-01-04 02:00:00,2.7613106667486678,-0.0014613020300602633
2017-01-04 02:00:00,0.30882265043461127,-2.3033900884355987e-05
2017-01-04 02:00:00,1.5698749505351555,5.332348011635394e-05
2017-01-04 02:00:00,3.137131753025727,-0.0014560210898223937
2017-01-04 02:00:00,-0.029644968297415614,0.0008493403736599335
2017-01-04 02:00:00,-1.010775324520141,0.000640559328390003
2017-01-04 02:00:00,1.1641333034374362,-0.0013374125382618395
2017-01-04 02:00:00,-0.18193601016966007,0.0004537582940232384
2017-01-04 02:00:00,-0.32465275154827855,-0.00045373224726790557
2017-01-04 02:00:00,-1.2517552266869036,0.0008630757160142079
2017-01-04 02:00:00,-1.5207576192966847,0.0026557417506242837
2017-01-04 02:00:00,-1.5369284297173815,0.0027256431292036285
2017-01-04 02:00:00,-0.49461136112889087,0.00042005911588786595
2017-01-04 02:00:00,0.48416402841483464,-0.0007595034662734051
2017-01-04 02:00:00,0.060228621413838564,-3.9659539349807e-05
2017-01-04 02:00:00,0.9757534564604518,-0.0008246153491936792
2017-01-04 02:00:00,1.2825540272739306,-0.0005243319018117665
2017-01-04 02:00:00,-0.6850344778307562,0.0007323804399353623
2017-01-04 02:00:00,0.11411303556907045,-0.007252596649952378
2017-01-04 02:00:00,1.5963543722413966,-0.002052146607014763
2017-01-04 02:00:00,-0.7992785392581835,0.0038804217023293967
2017-01-04 02:00:00,0.12622958543697954,0.002739915891954194
2017-01-04 02:00:00,-0.1183161068270213,0.008200866306471596
2017-01-04 02:00:00,-0.7508494888850382,0.07345745236361323
2017-01-04 02:00:00,0.8793879244479292,0.0052019900532888404
2017-01-04 02:00:00,1.7130448207856572,-0.012492965153208867
2017-01-04 02:00:00,0.002616050380527534,0.0038445354486284396
2017-01-04 02:00:00,0.33312338372713945,-0.044701179947323734
2017-01-04 02:00:00,0.10221916008974759,0.0034880321354495256
2017-01-04 02:00:00,1.4390656355321565,-0.0036301879896196623
2017-01-04 02:00:00,0.2206657309297425,-0.0008105292022248686
2017-01-04 02:00:00,-0.3087269352912655,-0.00126376811948179
2017-01-04 02:00:00,-0.3166763029447605,0.000317694574099664
2017-01-04 03:00:00,-0.59078743460592,0.0010924987898140624
2017-01-04 03:00:00,-0.6570612384219672,0.006411482816623993
2017-01-04 03:00:00,0.9534348044547298,-0.008174822714576313
2017-01-04 03:00:00,0.7052411221563363,-0.0013113521889010062
2017-01-04 03:00:00,-0.8759761675572774,0.00833651344715022
2017-01-04 03:00:00,1.4704895291058433,-0.012754160894183101
2017-01-04 03:00:00,0.6408439265484244,0.003197072655203519
2017-01-04 03:00:00,-1.2705881239498822,0.009318578013947688
2017-01-04 03:00:00,-0.2015380280921974,0.0012159842223345865
2017-01-04 03:00:00,-0.784783181368418,0.0013130946250370194
2017-01-04 03:00:00,-0.9731606943021577,0.0010414680992664078
2017-01-04 03:00:00,-1.2105165859925846,0.0018331575984282945
2017-01-04 03:00:00,-0.020224280926641722,0.00012899388603674489
2017-01-04 03:00:00,1.6698242997260713,-0.6725960367542627
2017-01-04 03:00:00,2.813689838870375,0.7254878237107576
2017-01-04 03:00:00,1.4880983659807676,0.00015094387339412992
2017-01-04 03:00:00,1.8673391832436672,-0.11312183487143936
2017-01-04 03:00:00,-0.2766096272475923,0.0004385376993278994
2017-01-04 03:00:00,-0.07166579780274107,-0.00044555586220633924
2017-01-04 03:00:00,0.8877650130927373,-0.00016675330748452364
2017-01-04 03:00:00,-0.7186097677143868,0.003155904904762737
2017-01-04 03:00:00,-1.4803577524938214,0.013642517739098161
2017-01-04 03:00:00,2.7613106667486678,-0.0014613020300602633
2017-01-04 03:00:00,0.30882265043461127,-2.3033900884355987e-05
2017-01-04 03:00:00,1.5698749505351555,5.332348011635394e-05
2017-01-04 03:00:00,3.137131753025727,-0.0014560210898223937
2017-01-04 03:00:00,-0.029644968297415614,0.0008493403736599335
2017-01-04 03:00:00,-1.010775324520141,0.000640559328390003
2017-01-04 03:00:00,1.1641333034374362,-0.0013374125382618395
2017-01-04 03:00:00,-0.18193601016966007,0.0004537582940232384
2017-01-04 03:00:00,-0.32465275154827855,-0.00045373224726790557
2017-01-04 03:00:00,-1.2517552266869036,0.0008630757160142079
2017-01-04 03:00:00,-1.5207576192966847,0.0026557417506242837
2017-01-04 03:00:00,-1.5369284297173815,0.0027256431292036285
2017-01-04 03:00:00,-0.49461136112889087,0.00042005911588786595
2017-01-04 03:00:00,0.48416402841483464,-0.0007595034662734051
2017-01-04 03:00:00,0.060228621413838564,-3.9659539349807e-05
2017-01-04 03:00:00,0.9757534564604518,-0.0008246153491936792
2017-01-04 03:00:00,1.2825540272739306,-0.0005243319018117665
2017-01-04 03:00:00,-0.6850344778307562,0.0007323804399353623
2017-01-04 03:00:00,0.11411303556907045,-0.007252596649952378
2017-01-04 03:00:00,1.5963543722413966,-0.002052146607014763
2017-01-04 03:00:00,-0.7992785392581835,0.0038804217023293967
2017-01-04 03:00:00,0.12622958543697954,0.002739915891954194
2017-01-04 03:00:00,-0.1183161068270213,0.008200866306471596
2017-01-04 03:00:00,-0.7508494888850382,0.07345745236361323
2017-01-04 03:00:00,0.8793879244479292,0.0052019900532888404
2017-01-04 03:00:00,1.7130448207856572,-0.012492965153208867
2017-01-04 03:00:00,0.002616050380527534,0.0038445354486284396
2017-01-04 03:00:00,0.33312338372713945,-0.044701179947323734
2017-01-04 03:00:00,0.10221916008974759,0.0034880321354495256
2017-01-04 03:00:00,1.4390656355321565,-0.0036301879896196623
2017-01-04 03:00:00,0.2206657309297425,-0.0008105292022248686
2017-01-04 03:00:00,-0.3087269352912655,-0.00126376811948179
2017-01-04 03:00:00,-0.3166763029447605,0.000317694574099664
2017-01-04 04:00:00,-0.6063684791084148,0.0010932573273200986
2017-01-04 04:00:00,-0.6570612384219672,0.006411482816623993
2017-01-04 04:00:00,1.0780831604746899,-0.008180891014624603
2017-01-04 04:00:00,0.8766326116837801,-0.0013196961014674046
2017-01-04 04:00:00,-0.8448140785522875,0.008334996372138147
2017-01-04 04:00:00,1.3458411730858844,-0.012748092594134812
2017-01-04 04:00:00,0.6252628820459295,0.0031978311927095553
2017-01-04 04:00:00,-1.2705881239498822,0.009318578013947688
2017-01-04 04:00:00,-0.24828116159968205,0.0012182598348526952
2017-01-04 04:00:00,-0.784783181368418,0.0013130946250370194
2017-01-04 04:00:00,-0.9887417388046527,0.001042226636772444
2017-01-04 04:00:00,-1.2260976304950795,0.0018339161359343307
2017-01-04 04:00:00,-0.03580532542913661,0.0001297524235427811
2017-01-04 04:00:00,1.4672707211936376,-0.6725861757666842
2017-01-04 04:00:00,2.7046225273529108,0.7254931334732998
2017-01-04 04:00:00,1.4413552324732828,0.00015321948591223857
2017-01-04 04:00:00,1.8361770942386775,-0.11312031779642728
2017-01-04 04:00:00,-0.29219067175008717,0.0004392962368339356
2017-01-04 04:00:00,-0.18073310932020528,-0.000440246099664084
2017-01-04 04:00:00,0.8566029240877475,-0.0001652362324724512
2017-01-04 04:00:00,-0.7497718567193765,0.0031574219797748096
2017-01-04 04:00:00,-1.4803577524938214,0.013642517739098161
2017-01-04 04:00:00,2.6989864887386883,-0.0014582678800361185
2017-01-04 04:00:00,0.33998473943960106,-2.455097589642842e-05
2017-01-04 04:00:00,1.6010370395401452,5.1806405104281505e-05
2017-01-04 04:00:00,2.996902352503273,-0.0014491942522680678
2017-01-04 04:00:00,-0.060807057302405376,0.0008508574486720059
2017-01-04 04:00:00,-1.0263563690226358,0.0006413178658960392
2017-01-04 04:00:00,1.1018091254274567,-0.0013343783882376946
2017-01-04 04:00:00,-0.05728765414970098,0.00044768999397494714
2017-01-04 04:00:00,-0.35581484055326834,-0.00045221517225583314
2017-01-04 04:00:00,-1.0959447816619547,0.0008554903409538458
2017-01-04 04:00:00,-1.5207576192966847,0.0026557417506242837
2017-01-04 04:00:00,-1.5369284297173815,0.0027256431292036285
2017-01-04 04:00:00,-0.5257734501338809,0.0004215761908999401
2017-01-04 04:00:00,0.43742089490735003,-0.0007572278537552965
2017-01-04 04:00:00,0.044647576911343675,-3.890100184377078e-05
2017-01-04 04:00:00,0.8978482339479773,-0.0008208226616634981
2017-01-04 04:00:00,1.1890677602589612,-0.0005197806767755492
2017-01-04 04:00:00,-0.7317776113382408,0.0007346560524534709
2017-01-04 04:00:00,0.09853199106657555,-0.007251838112446342
2017-01-04 04:00:00,1.5496112387339118,-0.0020498709944966544
2017-01-04 04:00:00,-0.8148595837606784,0.003881180239835433
2017-01-04 04:00:00,0.07948645192949493,0.0027421915044723026
2017-01-04 04:00:00,-0.08715401782203154,0.008199349231459523
2017-01-04 04:00:00,-0.7508494888850382,0.07345745236361323
2017-01-04 04:00:00,0.8482258354429395,0.005203507128300913
2017-01-04 04:00:00,1.7130448207856572,-0.012492965153208867
2017-01-04 04:00:00,0.002616050380527534,0.0038445354486284396
2017-01-04 04:00:00,0.33312338372713945,-0.044701179947323734
2017-01-04 04:00:00,0.07105707108475781,0.003489549210461598
2017-01-04 04:00:00,1.3144172795121971,-0.0036241196895713725
2017-01-04 04:00:00,0.11159841941227837,-0.0008052194396826151
2017-01-04 04:00:00,-0.3087269352912655,-0.00126376811948179
2017-01-04 04:00:00,-0.34783839194975025,0.00031921164911173644
2017-01-04 05:00:00,-0.575206390103425,0.0010917402523080261
2017-01-04 05:00:00,-0.6570612384219672,0.006411482816623993
2017-01-04 05:00:00,1.374123006022093,-0.008195303227239293
2017-01-04 05:00:00,1.6712658813110206,-0.001358381514275255
2017-01-04 05:00:00,-0.6578415445223489,0.008325893922065713
2017-01-04 05:00:00,1.5172326626133281,-0.01275643650670121
2017-01-04 05:00:00,0.6564249710509192,0.003196314117697483
2017-01-04 05:00:00,-1.2705881239498822,0.009318578013947688
2017-01-04 05:00:00,-0.2327001170971872,0.001217501297346659
2017-01-04 05:00:00,-0.784783181368418,0.0013130946250370194
2017-01-04 05:00:00,-0.9887417388046527,0.001042226636772444
2017-01-04 05:00:00,-1.2105165859925846,0.0018331575984282945
2017-01-04 05:00:00,-0.06696741443412635,0.00013126949855485354
2017-01-04 05:00:00,1.3737844541786686,-0.6725816245416479
2017-01-04 05:00:00,2.4709068598154875,0.7255045115358904
2017-01-04 05:00:00,1.3167068764533238,0.00015928778596053004
2017-01-04 05:00:00,1.7271097827212132,-0.11311500803388504
2017-01-04 05:00:00,-0.3545148497600667,0.00044233038685808046
2017-01-04 05:00:00,-0.19631415382270018,-0.0004394875621580478
2017-01-04 05:00:00,0.7163735235652936,-0.00015840939491812525
2017-01-04 05:00:00,-0.7809339457243663,0.003158939054786882
2017-01-04 05:00:00,-1.4647767079913265,0.013641759201592125
2017-01-04 05:00:00,2.5587570882162343,-0.0014514410424817908
2017-01-04 05:00:00,0.2932416059321164,-2.227536337831977e-05
2017-01-04 05:00:00,1.5698749505351555,5.332348011635394e-05
2017-01-04 05:00:00,2.809929818473335,-0.0014400918021956314
2017-01-04 05:00:00,-0.029644968297415614,0.0008493403736599335
2017-01-04 05:00:00,-0.9484511465101627,0.0006375251783658581
2017-01-04 05:00:00,1.1641333034374362,-0.0013374125382618395
2017-01-04 05:00:00,0.1452659243827325,0.00043782900639647654
2017-01-04 05:00:00,-0.3713958850557632,-0.0004514566347497969
2017-01-04 05:00:00,-1.0959447816619547,0.0008554903409538458
2017-01-04 05:00:00,-1.5207576192966847,0.0026557417506242837
2017-01-04 05:00:00,-1.5369284297173815,0.0027256431292036285
2017-01-04 05:00:00,-0.510192405631386,0.0004208176533939039
2017-01-04 05:00:00,0.4530019394098449,-0.0007579863912613327
2017-01-04 05:00:00,0.13813384392631298,-4.345222687998808e-05
2017-01-04 05:00:00,0.8666861449429876,-0.0008193055866514257
2017-01-04 05:00:00,1.1267435822489817,-0.0005167465267514043
2017-01-04 05:00:00,-0.7473586558407357,0.0007354145899595071
2017-01-04 05:00:00,0.06736990206158575,-0.00725032103743427
2017-01-04 05:00:00,1.4872870607239324,-0.0020468368444725095
2017-01-04 05:00:00,-0.8148595837606784,0.003881180239835433
2017-01-04 05:00:00,-0.013999815085474428,0.00274674272950852
2017-01-04 05:00:00,-0.055991928817041785,0.00819783215644745
2017-01-04 05:00:00,-0.782011577890028,0.0734589694386253
2017-01-04 05:00:00,0.910550013452919,0.005200472978276768
2017-01-04 05:00:00,1.744206909790647,-0.01249448222822094
2017-01-04 05:00:00,0.002616050380527534,0.0038445354486284396
2017-01-04 05:00:00,0.27079920571715993,-0.04469814579729959
2017-01-04 05:00:00,0.039894982079768,0.0034910662854736704
2017-01-04 05:00:00,1.3144172795121971,-0.0036241196895713725
2017-01-04 05:00:00,0.033693196899803886,-0.000801426752152434
2017-01-04 05:00:00,-0.4022132023062348,-0.0012592168944455728
2017-01-04 05:00:00,-0.39458152545723496,0.0003214872616298451
2017-01-04 06:00:00,-0.6063684791084148,0.0010932573273200986
2017-01-04 06:00:00,-0.7038043719294519,0.0064137584291421015
2017-01-04 06:00:00,1.374123006022093,-0.008195303227239293
2017-01-04 06:00:00,2.1386972163858657,-0.001381137639456345
2017-01-04 06:00:00,-0.7201657225323285,0.008328928072089858
2017-01-04 06:00:00,1.4393274401008538,-0.012752643819171029
2017-01-04 06:00:00,0.7499112380658886,0.003191762892661265
2017-01-04 06:00:00,-1.2705881239498822,0.009318578013947688
2017-01-04 06:00:00,-0.2327001170971872,0.001217501297346659
2017-01-04 06:00:00,-0.7380400478609334,0.0013108190125189108
2017-01-04 06:00:00,-0.9887417388046527,0.001042226636772444
2017-01-04 06:00:00,-1.2105165859925846,0.0018331575984282945
2017-01-04 06:00:00,-0.14487263694660082,0.0001350621860850345
2017-01-04 06:00:00,1.5140138547011224,-0.6725884513792023
2017-01-04 06:00:00,2.3462585037955286,0.7255105798359386
2017-01-04 06:00:00,0.9583428528959405,0.00017673414859936475
2017-01-04 06:00:00,1.6336235157062438,-0.11311045680884882
2017-01-04 06:00:00,-0.4012579832675514,0.0004446059993761889
2017-01-04 06:00:00,-0.4300298213601236,-0.00042810949956750453
2017-01-04 06:00:00,0.6384683010528192,-0.00015461670738794244
2017-01-04 06:00:00,-0.827677079231851,0.0031612146673049906
2017-01-04 06:00:00,-1.4959387969963163,0.013643276276604197
2017-01-04 06:00:00,2.2471361981663365,-0.0014362702923610665
2017-01-04 06:00:00,0.12185011640467282,-1.3931450811919652e-05
2017-01-04 06:00:00,1.4140645055102068,6.090885517671784e-05
2017-01-04 06:00:00,2.3892416169059727,-0.0014196112895326523
2017-01-04 06:00:00,-0.13871227981487982,0.0008546501362021887
2017-01-04 06:00:00,-0.7926407014852138,0.0006299398033054942
2017-01-04 06:00:00,1.1018091254274567,-0.0013343783882376946
2017-01-04 06:00:00,0.5503730814475992,0.00041810703123953296
2017-01-04 06:00:00,-0.402557974060753,-0.0004499395597377245
2017-01-04 06:00:00,-1.0803637371594599,0.0008547318034478095
2017-01-04 06:00:00,-1.5363386637991794,0.00265650028813032
2017-01-04 06:00:00,-1.5525094742198764,0.0027264016667096647
2017-01-04 06:00:00,-0.5413544946363757,0.00042233472840597634
2017-01-04 06:00:00,0.40625880590236024,-0.000755710778743224
2017-01-04 06:00:00,0.5432410009911797,-6.317420203693144e-05
2017-01-04 06:00:00,0.6018083884005746,-0.0008064104490488083
2017-01-04 06:00:00,0.8307037367015777,-0.0005023343141367145
2017-01-04 06:00:00,-0.8875880563631896,0.0007422414275138331
2017-01-04 06:00:00,-0.10402158746585795,-0.007241977124867871
2017-01-04 06:00:00,1.1756661706740346,-0.0020316660943517834
2017-01-04 06:00:00,-0.6902112277407193,0.003875111939787143
2017-01-04 06:00:00,-0.16981026011042327,0.0027543281045688834
2017-01-04 06:00:00,-0.21180237384199063,0.008205417531507815
2017-01-04 06:00:00,-0.782011577890028,0.0734589694386253
2017-01-04 06:00:00,0.7235774794229805,0.005209575428349203
2017-01-04 06:00:00,1.5260722867557186,-0.012483862703136433
2017-01-04 06:00:00,-0.05970812762945198,0.0038475695986525844
2017-01-04 06:00:00,0.17731293870219073,-0.04469359457226337
2017-01-04 06:00:00,0.039894982079768,0.0034910662854736704
2017-01-04 06:00:00,1.3144172795121971,-0.0036241196895713725
2017-01-04 06:00:00,-0.013049936607680768,-0.0007991511396343254
2017-01-04 06:00:00,-0.4022132023062348,-0.0012592168944455728
2017-01-04 06:00:00,-0.39458152545723496,0.0003214872616298451
2017-01-04 07:00:00,-0.6375305681134046,0.001094774402332171
2017-01-04 07:00:00,-0.7193854164319468,0.006414516966648138
2017-01-04 07:00:00,1.4364471840320725,-0.008198337377263437
2017-01-04 07:00:00,1.873819459843454,-0.0013682425018537276
2017-01-04 07:00:00,-0.517612143999895,0.008319067084511387
2017-01-04 07:00:00,1.4081653510958638,-0.012751126744158956
2017-01-04 07:00:00,0.6564249710509192,0.003196314117697483
2017-01-04 07:00:00,-1.2705881239498822,0.009318578013947688
2017-01-04 07:00:00,-0.3885105621221362,0.0012250866724070229
2017-01-04 07:00:00,-0.7536210923634282,0.001311577550024947
2017-01-04 07:00:00,-1.0666469613171257,0.0010460193243026251
2017-01-04 07:00:00,-1.2105165859925846,0.0018331575984282945
2017-01-04 07:00:00,-0.14487263694660082,0.0001350621860850345
2017-01-04 07:00:00,1.1868119201487297,-0.6725725220915756
2017-01-04 07:00:00,1.9255703022281674,0.7255310603486016
2017-01-04 07:00:00,0.7402082298610121,0.00018735367368387178
2017-01-04 07:00:00,1.2129353141388821,-0.11308997629618583
2017-01-04 07:00:00,-0.448001116775036,0.00044688161189429754
2017-01-04 07:00:00,-0.25863833183267987,-0.0004364534121339029
2017-01-04 07:00:00,0.420333678017891,-0.00014399718230343538
2017-01-04 07:00:00,-0.8900012572418304,0.0031642488173291355
2017-01-04 07:00:00,-1.4959387969963163,0.013643276276604197
2017-01-04 07:00:00,1.919934263613945,-0.0014203410047343042
2017-01-04 07:00:00,0.19975533891714722,-1.7724138342100737e-05
2017-01-04 07:00:00,2.1619546416299604,2.449905488697597e-05
2017-01-04 07:00:00,2.077620726856075,-0.0014044405394119262
2017-01-04 07:00:00,-0.029644968297415614,0.0008493403736599335
2017-01-04 07:00:00,-0.26288518840038755,0.0006041495281002611
2017-01-04 07:00:00,1.0083228584124861,-0.0013298271632014756
2017-01-04 07:00:00,1.5163978406022833,0.00037107770586528244
2017-01-04 07:00:00,-0.35581484055326834,-0.00045221517225583314
2017-01-04 07:00:00,-1.0336206036519753,0.0008524561909297009
2017-01-04 07:00:00,-1.4740144857892,0.002653466138106175
2017-01-04 07:00:00,-1.5369284297173815,0.0027256431292036285
2017-01-04 07:00:00,-0.5725165836413655,0.00042385180341804877
2017-01-04 07:00:00,0.25044836087741146,-0.0007481254036828601
2017-01-04 07:00:00,0.4341736894737157,-5.786443949467793e-05
2017-01-04 07:00:00,0.43041689887313106,-0.0007980665364824099
2017-01-04 07:00:00,0.7060553806816185,-0.0004962660140884247
2017-01-04 07:00:00,-0.965493278875664,0.0007460341150440159
2017-01-04 07:00:00,-0.10402158746585795,-0.007241977124867871
2017-01-04 07:00:00,1.0198557256490857,-0.0020240807192914195
2017-01-04 07:00:00,-0.6590491387357295,0.0038735948647750707
2017-01-04 07:00:00,-0.34120174963786715,0.0027626720171352818
2017-01-04 07:00:00,-0.1183161068270213,0.008200866306471596
2017-01-04 07:00:00,-0.8443357559000075,0.07346200358864945
2017-01-04 07:00:00,0.4431186783780727,0.005223229103457856
2017-01-04 07:00:00,1.33909975272578,-0.012474760253063997
2017-01-04 07:00:00,-0.12203230563943149,0.0038506037486767293
2017-01-04 07:00:00,-0.009659595327747865,-0.04468449212219094
2017-01-04 07:00:00,0.039894982079768,0.0034910662854736704
2017-01-04 07:00:00,1.501389813542136,-0.003633222139643809
2017-01-04 07:00:00,0.4232193094621759,-0.0008203901898033412
2017-01-04 07:00:00,-0.1061733567588318,-0.0012736291070602626
2017-01-04 07:00:00,-0.3010952584422656,0.0003169360365936278
2017-01-04 08:00:00,-0.6063684791084148,0.0010932573273200986
2017-01-04 08:00:00,-0.6570612384219672,0.006411482816623993
2017-01-04 08:00:00,1.7169059850769803,-0.008211991052372091
2017-01-04 08:00:00,1.608941703301041,-0.0013553473642511102
2017-01-04 08:00:00,-0.43970692148742047,0.008315274396981206
2017-01-04 08:00:00,1.7197862411457616,-0.012766297494279683
2017-01-04 08:00:00,0.8122354160758681,0.0031887287426371203
2017-01-04 08:00:00,-1.2705881239498822,0.009318578013947688
2017-01-04 08:00:00,-0.31060533960966175,0.00122129398487684
2017-01-04 08:00:00,-0.7380400478609334,0.0013108190125189108
2017-01-04 08:00:00,-1.0666469613171257,0.0010460193243026251
2017-01-04 08:00:00,-1.2105165859925846,0.0018331575984282945
2017-01-04 08:00:00,0.151167208600802,0.00012064997347034478
2017-01-04 08:00:00,1.2647171426612043,-0.6725763147791057
2017-01-04 08:00:00,2.143704925263095,0.7255204408235171
2017-01-04 08:00:00,0.9895049419009302,0.00017521707358729232
2017-01-04 08:00:00,1.1506111361289024,-0.11308694214616169
2017-01-04 08:00:00,-0.13638022672513822,0.0004317108617735734
2017-01-04 08:00:00,0.20879300324216685,-0.0004592095373149912
2017-01-04 08:00:00,0.420333678017891,-0.00014399718230343538
2017-01-04 08:00:00,-0.7341908122168816,0.0031566634422687733
2017-01-04 08:00:00,-1.4959387969963163,0.013643276276604197
2017-01-04 08:00:00,2.0757447086388927,-0.0014279263797946664
2017-01-04 08:00:00,0.5269572734695395,-3.3653425968863235e-05
2017-01-04 08:00:00,2.80077746623225,-6.600982860512375e-06
2017-01-04 08:00:00,2.202269082876034,-0.001410508839460216
2017-01-04 08:00:00,0.23523278824499744,0.0008364452360573178
2017-01-04 08:00:00,0.6408153927443156,0.0005601543527501571
2017-01-04 08:00:00,1.3511058374673748,-0.001346514988334274
2017-01-04 08:00:00,2.7784624453043683,0.000309636167876344
2017-01-04 08:00:00,-0.07535603950836019,-0.0004658688473644868
2017-01-04 08:00:00,-0.9557153811395024,0.0008486635033995198
2017-01-04 08:00:00,-1.458433441286705,0.002652707600600139
2017-01-04 08:00:00,-1.5369284297173815,0.0027256431292036285
2017-01-04 08:00:00,-0.3232198716014471,0.00041171520332146757
2017-01-04 08:00:00,0.40625880590236024,-0.000755710778743224
2017-01-04 08:00:00,0.4030116004687259,-5.6347364482605496e-05
2017-01-04 08:00:00,0.47716003238061566,-0.0008003421490005185
2017-01-04 08:00:00,0.8307037367015777,-0.0005023343141367145
2017-01-04 08:00:00,-0.9031691008656846,0.000742999965019871
2017-01-04 08:00:00,0.160856169076555,-0.007254872262470487
2017-01-04 08:00:00,1.1756661706740346,-0.0020316660943517834
2017-01-04 08:00:00,-0.6278870497307397,0.0038720777897629983
2017-01-04 08:00:00,-0.2944586161303825,0.002760396404617173
2017-01-04 08:00:00,-0.18064028483700087,0.008203900456495742
2017-01-04 08:00:00,-0.8443357559000075,0.07346200358864945
2017-01-04 08:00:00,0.5366049453930418,0.005218677878421639
2017-01-04 08:00:00,1.9623415328255753,-0.012505101753305449
2017-01-04 08:00:00,0.0961023173954969,0.0038399842235922223
2017-01-04 08:00:00,0.0838266716872215,-0.044689043347227154
2017-01-04 08:00:00,0.10221916008974759,0.0034880321354495256
2017-01-04 08:00:00,2.0155642821244673,-0.0036582538773430057
2017-01-04 08:00:00,1.1555284010794364,-0.0008560414525870468
2017-01-04 08:00:00,0.48590633433597363,-0.0013024535322896406
2017-01-04 08:00:00,-0.005055412894862693,0.00030252382397893794
2017-01-04 09:00:00,-0.6063684791084148,0.0010932573273200986
2017-01-04 09:00:00,-0.5947370604119877,0.006408448666599848
2017-01-04 09:00:00,1.7636491185844652,-0.0082142666648902
2017-01-04 09:00:00,1.5933606587985463,-0.001354588826745074
2017-01-04 09:00:00,-0.40854483248243073,0.008313757321969133
2017-01-04 09:00:00,1.8755966861707105,-0.012773882869340045
2017-01-04 09:00:00,0.9057216830908373,0.003184177517600903
2017-01-04 09:00:00,-1.2705881239498822,0.009318578013947688
2017-01-04 09:00:00,-0.2327001170971872,0.001217501297346659
2017-01-04 09:00:00,-0.7380400478609334,0.0013108190125189108
2017-01-04 09:00:00,-1.0666469613171257,0.0010460193243026251
2017-01-04 09:00:00,-1.2105165859925846,0.0018331575984282945
2017-01-04 09:00:00,0.151167208600802,0.00012064997347034478
2017-01-04 09:00:00,1.295879231666194,-0.6725778318541178
2017-01-04 09:00:00,2.268353281283054,0.7255143725234688
2017-01-04 09:00:00,1.0674101644134055,0.0001714243860571095
2017-01-04 09:00:00,1.1350300916264076,-0.11308618360865566
2017-01-04 09:00:00,-0.13638022672513822,0.0004317108617735734
2017-01-04 09:00:00,0.06856360271971285,-0.0004523826997606652
2017-01-04 09:00:00,0.4047526335153961,-0.00014323864479739916
2017-01-04 09:00:00,-0.6407045452019123,0.003152112217232556
2017-01-04 09:00:00,-1.5582629750062957,0.013646310426628342
2017-01-04 09:00:00,2.1069067976438824,-0.0014294434548067388
2017-01-04 09:00:00,0.6360245849870038,-3.896318851111675e-05
2017-01-04 09:00:00,2.987750000262189,-1.570343293294871e-05
2017-01-04 09:00:00,2.233431171881024,-0.0014120259144722901
2017-01-04 09:00:00,0.31313801075747166,0.000832652548527135
2017-01-04 09:00:00,0.9056931492867286,0.0005472592151475397
2017-01-04 09:00:00,1.4290110599798493,-0.0013503076758644551
2017-01-04 09:00:00,3.292636913886699,0.00028460443017714715
2017-01-04 09:00:00,0.03371127200910398,-0.00047117860990674034
2017-01-04 09:00:00,-0.9557153811395024,0.0008486635033995198
2017-01-04 09:00:00,-1.458433441286705,0.002652707600600139
2017-01-04 09:00:00,-1.5369284297173815,0.0027256431292036285
2017-01-04 09:00:00,-0.3232198716014471,0.00041171520332146757
2017-01-04 09:00:00,0.46858298391233977,-0.0007587449287673689
2017-01-04 09:00:00,0.3718495114637361,-5.483028947053306e-05
2017-01-04 09:00:00,0.5394842103905949,-0.0008033762990246634
2017-01-04 09:00:00,0.8774468702090624,-0.0005046099266548231
2017-01-04 09:00:00,-0.9187501453681793,0.0007437585025259072
2017-01-04 09:00:00,0.22318034708653456,-0.007257906412494632
2017-01-04 09:00:00,1.2068282596790245,-0.002033183169363856
2017-01-04 09:00:00,-0.6434680942332346,0.0038728363272690345
2017-01-04 09:00:00,-0.2944586161303825,0.002760396404617173
2017-01-04 09:00:00,-0.08715401782203154,0.008199349231459523
2017-01-04 09:00:00,-0.8443357559000075,0.07346200358864945
2017-01-04 09:00:00,0.5989291234030213,0.005215643728397494
2017-01-04 09:00:00,2.118151977850523,-0.01251268712836581
2017-01-04 09:00:00,0.06494022839050713,0.0038415012986042947
2017-01-04 09:00:00,0.11498876069221127,-0.04469056042223923
2017-01-04 09:00:00,0.10221916008974759,0.0034880321354495256
2017-01-04 09:00:00,2.0155642821244673,-0.0036582538773430057
2017-01-04 09:00:00,1.1711094455819313,-0.000856799990093083
2017-01-04 09:00:00,0.6572978238634172,-0.001310797444856039
2017-01-04 09:00:00,-0.020636457397357564,0.00030328236148497416
2017-01-04 10:00:00,-0.575206390103425,0.0010917402523080261
2017-01-04 10:00:00,-0.563574971406998,0.0064069315915877756
2017-01-04 10:00:00,2.028526875126877,-0.008227161802492817
2017-01-04 10:00:00,1.6712658813110206,-0.001358381514275255
2017-01-04 10:00:00,-0.43970692148742047,0.008315274396981206
2017-01-04 10:00:00,2.1560554872156175,-0.012787536544448698
2017-01-04 10:00:00,0.9836269056033118,0.00318038483007072
2017-01-04 10:00:00,-1.2705881239498822,0.009318578013947688
2017-01-04 10:00:00,-0.2327001170971872,0.001217501297346659
2017-01-04 10:00:00,-0.7380400478609334,0.0013108190125189108
2017-01-04 10:00:00,-0.9731606943021577,0.0010414680992664078
2017-01-04 10:00:00,-1.2105165859925846,0.0018331575984282945
2017-01-04 10:00:00,0.32255869812824556,0.00011230606090394639
2017-01-04 10:00:00,1.2179740091537197,-0.6725740391665876
2017-01-04 10:00:00,2.1592859697655897,0.725519682286011
2017-01-04 10:00:00,1.036248075408416,0.00017294146106918194
2017-01-04 10:00:00,1.0571248691139332,-0.11308239092112547
2017-01-04 10:00:00,-0.13638022672513822,0.0004317108617735734
2017-01-04 10:00:00,0.27111718125214623,-0.00046224368733913606
2017-01-04 10:00:00,0.420333678017891,-0.00014399718230343538
2017-01-04 10:00:00,-0.5939614116944277,0.0031498366047144474
2017-01-04 10:00:00,-1.5582629750062957,0.013646310426628342
2017-01-04 10:00:00,2.2003930646588516,-0.001433994679842956
2017-01-04 10:00:00,0.6516056294894986,-3.972172601715297e-05
2017-01-04 10:00:00,3.0344931337696734,-1.797904545105736e-05
2017-01-04 10:00:00,2.2957553498910035,-0.001415060064496435
2017-01-04 10:00:00,0.45336741127992564,0.000825825710972809
2017-01-04 10:00:00,0.999179416301699,0.0005427079901113224
2017-01-04 10:00:00,1.6471456830147777,-0.001360927200948964
2017-01-04 10:00:00,3.526352581424123,0.0002732263675866022
2017-01-04 10:00:00,0.049292316511598856,-0.00047193714741277656
2017-01-04 10:00:00,-0.9245532921345124,0.0008471464283874474
2017-01-04 10:00:00,-1.4272713522817153,0.0026511905255880664
2017-01-04 10:00:00,-1.5213473852148869,0.0027248845916975923
2017-01-04 10:00:00,-0.2608956935914676,0.0004086810532973227
2017-01-04 10:00:00,0.6555555179422782,-0.0007678473788398035
2017-01-04 10:00:00,0.4497547339762106,-5.8622977000714145e-05
2017-01-04 10:00:00,0.5706462993955848,-0.0008048933740367358
2017-01-04 10:00:00,0.8930279147115572,-0.0005053684641608593
2017-01-04 10:00:00,-0.9499122343731693,0.0007452755775379797
2017-01-04 10:00:00,0.34782870310649355,-0.007263974712542923
2017-01-04 10:00:00,1.1445040816690448,-0.002030149019339711
2017-01-04 10:00:00,-0.581143916223255,0.0038698021772448896
2017-01-04 10:00:00,-0.2788775716278876,0.002759637867111137
2017-01-04 10:00:00,0.09981851620790709,0.008190246781387089
2017-01-04 10:00:00,-0.8131736668950178,0.07346048651363737
2017-01-04 10:00:00,0.5989291234030213,0.005215643728397494
2017-01-04 10:00:00,2.3674486898904408,-0.012524823728462392
2017-01-04 10:00:00,0.1272644064004866,0.00383846714858015
2017-01-04 10:00:00,0.27079920571715993,-0.04469814579729959
2017-01-04 10:00:00,0.2268675161097066,0.003481963835401236
2017-01-04 10:00:00,2.1713747271494155,-0.003665839252403368
2017-01-04 10:00:00,1.2957578016018902,-0.0008628682901413728
2017-01-04 10:00:00,0.8286893133908609,-0.0013191413574224393
2017-01-04 10:00:00,0.11959294312509643,0.0002964555239306482
2017-01-04 11:00:00,-0.5284632565959404,0.0010894646397899158
2017-01-04 11:00:00,-0.563574971406998,0.0064069315915877756
2017-01-04 11:00:00,2.184337320151826,-0.00823474717755318
2017-01-04 11:00:00,2.232183483400835,-0.0013856888644925623
2017-01-04 11:00:00,-0.31505856546746136,0.008309206096932916
2017-01-04 11:00:00,2.1872175762206076,-0.01278905361946077
2017-01-04 11:00:00,1.1705994396332515,0.0031712823799982855
2017-01-04 11:00:00,-1.1926829014374078,0.009314785326417507
2017-01-04 11:00:00,-0.15479489458471277,0.0012137086098164779
2017-01-04 11:00:00,-0.7068779588559436,0.0013093019375068366
2017-01-04 11:00:00,-0.9731606943021577,0.0010414680992664078
2017-01-04 11:00:00,-1.2105165859925846,0.0018331575984282945
2017-01-04 11:00:00,0.525112276660679,0.00010244507332547384
2017-01-04 11:00:00,1.451689676691143,-0.6725854172291782
2017-01-04 11:00:00,2.5488120823279616,0.7255007188483602
2017-01-04 11:00:00,1.160896431428375,0.0001668731610208922
2017-01-04 11:00:00,1.2440974031438716,-0.11309149337119791
2017-01-04 11:00:00,-0.07405604871515864,0.0004286767117494266
2017-01-04 11:00:00,0.5048328487895697,-0.00047362174992968104
2017-01-04 11:00:00,0.5294009895353549,-0.00014930694484568892
2017-01-04 11:00:00,-0.5160561891819533,0.0031460439171842663
2017-01-04 11:00:00,-1.5582629750062957,0.013646310426628342
2017-01-04 11:00:00,2.2938793316738213,-0.0014385459048791751
2017-01-04 11:00:00,0.6516056294894986,-3.972172601715297e-05
2017-01-04 11:00:00,3.2058846232971177,-2.632295801745574e-05
2017-01-04 11:00:00,2.4359847504134575,-0.001421886902050761
2017-01-04 11:00:00,0.45336741127992564,0.000825825710972809
2017-01-04 11:00:00,1.0615035943116786,0.0005396738400871758
2017-01-04 11:00:00,1.5692404605023031,-0.0013571345134187828
2017-01-04 11:00:00,3.5886767594341022,0.00027019221756245735
2017-01-04 11:00:00,0.08045440551658867,-0.000473454222424849
2017-01-04 11:00:00,-0.9089722476320177,0.0008463878908814112
2017-01-04 11:00:00,-1.4272713522817153,0.0026511905255880664
2017-01-04 11:00:00,-1.505766340712392,0.002724126054191556
2017-01-04 11:00:00,-0.13624733757150836,0.00040261275324903297
2017-01-04 11:00:00,0.811365962967227,-0.0007754327539001674
2017-01-04 11:00:00,0.5432410009911797,-6.317420203693144e-05
2017-01-04 11:00:00,0.7108756999180387,-0.0008117202115910635
2017-01-04 11:00:00,0.9241900037165469,-0.0005068855391729318
2017-01-04 11:00:00,-0.8875880563631896,0.0007422414275138331
2017-01-04 11:00:00,0.34782870310649355,-0.007263974712542923
2017-01-04 11:00:00,1.2224093041815192,-0.002033941706869892
2017-01-04 11:00:00,-0.5655628717207603,0.0038690436397388534
2017-01-04 11:00:00,-0.21655339361790793,0.002756603717086992
2017-01-04 11:00:00,0.06865642720291731,0.008191763856399161
2017-01-04 11:00:00,-0.782011577890028,0.0734589694386253
2017-01-04 11:00:00,0.8170637464379498,0.005205024203312985
2017-01-04 11:00:00,2.4609349569054104,-0.01252937495349861
2017-01-04 11:00:00,0.2207506734154559,0.0038339159235439325
2017-01-04 11:00:00,0.33312338372713945,-0.044701179947323734
2017-01-04 11:00:00,0.28919169411968604,0.0034789296853770892
2017-01-04 11:00:00,2.6232250177217673,-0.0036878368400784216
2017-01-04 11:00:00,0.8594885555320325,-0.0008416292399723572
2017-01-04 11:00:00,0.8286893133908609,-0.0013191413574224393
2017-01-04 11:00:00,0.27540338815004517,0.0002888701488702843
2017-01-04 12:00:00,-0.6375305681134046,0.001094774402332171
2017-01-04 12:00:00,-0.5947370604119877,0.006408448666599848
2017-01-04 12:00:00,1.9973647861218882,-0.008225644727480745
2017-01-04 12:00:00,1.9517246823559284,-0.0013720351893839087
2017-01-04 12:00:00,-0.2994775209649665,0.00830844755942688
2017-01-04 12:00:00,2.140474442713123,-0.012786778006942662
2017-01-04 12:00:00,0.827816460578363,0.003187970205131084
2017-01-04 12:00:00,-1.1926829014374078,0.009314785326417507
2017-01-04 12:00:00,-0.24828116159968205,0.0012182598348526952
2017-01-04 12:00:00,-0.7224590033584385,0.0013100604750128728
2017-01-04 12:00:00,-0.9731606943021577,0.0010414680992664078
2017-01-04 12:00:00,-1.2105165859925846,0.0018331575984282945
2017-01-04 12:00:00,0.6185985436756484,9.789384828925654e-05
2017-01-04 12:00:00,1.451689676691143,-0.6725854172291782
2017-01-04 12:00:00,2.5955552158354465,0.725498443235842
2017-01-04 12:00:00,1.2699637429458392,0.0001615633984786387
2017-01-04 12:00:00,1.368745759163831,-0.1130975616712462
2017-01-04 12:00:00,-0.13638022672513822,0.0004317108617735734
2017-01-04 12:00:00,0.45808971528208486,-0.0004713461374115724
2017-01-04 12:00:00,0.654049345555314,-0.00015537524489397865
2017-01-04 12:00:00,-0.4693130556744684,0.003143768304666156
2017-01-04 12:00:00,-1.4647767079913265,0.013641759201592125
2017-01-04 12:00:00,2.2938793316738213,-0.0014385459048791751
2017-01-04 12:00:00,0.7295108520019731,-4.3514413547335784e-05
2017-01-04 12:00:00,3.2526277568046016,-2.859857053556439e-05
2017-01-04 12:00:00,2.5138899729259316,-0.001425679589580942
2017-01-04 12:00:00,0.4845295002849154,0.0008243086359607366
2017-01-04 12:00:00,1.154989861326648,0.0005351226150509585
2017-01-04 12:00:00,1.6783077720197674,-0.0013624442759610363
2017-01-04 12:00:00,3.713325115454061,0.0002641239175141659
2017-01-04 12:00:00,0.08045440551658867,-0.000473454222424849
2017-01-04 12:00:00,-0.9245532921345124,0.0008471464283874474
2017-01-04 12:00:00,-1.458433441286705,0.002652707600600139
2017-01-04 12:00:00,-1.5213473852148869,0.0027248845916975923
2017-01-04 12:00:00,-0.04276107055653904,0.00039806152821281394
2017-01-04 12:00:00,0.9360143189871861,-0.0007815010539484571
2017-01-04 12:00:00,0.41859264497122084,-5.710590198864171e-05
2017-01-04 12:00:00,0.7264567444205337,-0.0008124787490970997
2017-01-04 12:00:00,0.9241900037165469,-0.0005068855391729318
2017-01-04 12:00:00,-0.9187501453681793,0.0007437585025259072
2017-01-04 12:00:00,0.4101528811164731,-0.007267008862567068
2017-01-04 12:00:00,1.237990348684014,-0.0020347002443759283
2017-01-04 12:00:00,-0.5344007827157704,0.003867526564726781
2017-01-04 12:00:00,-0.12306712660293857,0.002752052492050773
2017-01-04 12:00:00,-0.02482983981205202,0.008196315081435378
2017-01-04 12:00:00,-0.7508494888850382,0.07345745236361323
2017-01-04 12:00:00,0.8170637464379498,0.005205024203312985
2017-01-04 12:00:00,2.5544212239203796,-0.012533926178534827
2017-01-04 12:00:00,0.06494022839050713,0.0038415012986042947
2017-01-04 12:00:00,0.33312338372713945,-0.044701179947323734
2017-01-04 12:00:00,0.3203537831246758,0.003477412610365017
2017-01-04 12:00:00,2.3116041276718695,-0.0036726660899576956
2017-01-04 12:00:00,1.2022715345869213,-0.0008583170651051555
2017-01-04 12:00:00,0.7819461798833762,-0.0013168657449043307
2017-01-04 12:00:00,0.10401189862260156,0.0002972140614366844
2017-01-04 13:00:00,-0.6531116126158995,0.0010955329398382072
2017-01-04 13:00:00,-0.672642282924462,0.006412241354130029
2017-01-04 13:00:00,1.9817837416193935,-0.008224886189974709
2017-01-04 13:00:00,1.873819459843454,-0.0013682425018537276
2017-01-04 13:00:00,-0.31505856546746136,0.008309206096932916
2017-01-04 13:00:00,2.218379665225597,-0.012790570694472843
2017-01-04 13:00:00,0.7499112380658886,0.003191762892661265
2017-01-04 13:00:00,-1.1926829014374078,0.009314785326417507
2017-01-04 13:00:00,-0.32618638411215667,0.001222052522382878
2017-01-04 13:00:00,-0.7380400478609334,0.0013108190125189108
2017-01-04 13:00:00,-0.9731606943021577,0.0010414680992664078
2017-01-04 13:00:00,-1.2105165859925846,0.0018331575984282945
2017-01-04 13:00:00,0.6965037661881227,9.410116075907546e-05
2017-01-04 13:00:00,1.2491360981587092,-0.6725755562415997
2017-01-04 13:00:00,2.6267173048404366,0.72549692616083
2017-01-04 13:00:00,1.2699637429458392,0.0001615633984786387
2017-01-04 13:00:00,1.3999078481688205,-0.11309907874625827
2017-01-04 13:00:00,-0.05847500421266378,0.0004279181742433904
2017-01-04 13:00:00,0.42692762627709513,-0.00046982906239949996
2017-01-04 13:00:00,0.6852114345603038,-0.00015689231990605282
2017-01-04 13:00:00,-0.391407833161994,0.003139975617135975
2017-01-04 13:00:00,-1.4647767079913265,0.013641759201592125
2017-01-04 13:00:00,2.2938793316738213,-0.0014385459048791751
2017-01-04 13:00:00,0.8853212970269219,-5.109978860769773e-05
2017-01-04 13:00:00,3.2526277568046016,-2.859857053556439e-05
2017-01-04 13:00:00,2.6229572844433964,-0.0014309893521231973
2017-01-04 13:00:00,0.515691589289905,0.0008227915609486642
2017-01-04 13:00:00,1.1082467278191634,0.0005373982275690671
2017-01-04 13:00:00,1.6627267275172726,-0.0013616857384550001
2017-01-04 13:00:00,3.6510009374440817,0.0002671580675383125
2017-01-04 13:00:00,0.12719753902407335,-0.00047572983494295764
2017-01-04 13:00:00,-0.8778101586270279,0.000844870815869337
2017-01-04 13:00:00,-1.4740144857892,0.002653466138106175
2017-01-04 13:00:00,-1.5213473852148869,0.0027248845916975923
2017-01-04 13:00:00,-0.02718002605404415,0.0003973029907067777
2017-01-04 13:00:00,0.8425280519722168,-0.0007769498289122398
2017-01-04 13:00:00,0.029066532408848787,-3.8142464337734565e-05
2017-01-04 13:00:00,0.7264567444205337,-0.0008124787490970997
2017-01-04 13:00:00,1.064419404239002,-0.0005137123767272595
2017-01-04 13:00:00,-0.8252638783532101,0.0007392072774896882
2017-01-04 13:00:00,0.3634097476089884,-0.00726473325004896
2017-01-04 13:00:00,1.269152437689004,-0.0020362173193880007
2017-01-04 13:00:00,-0.5188197382132755,0.003866768027220745
2017-01-04 13:00:00,-0.029580859587969296,0.002747501267014556
2017-01-04 13:00:00,-0.08715401782203154,0.008199349231459523
2017-01-04 13:00:00,-0.8131736668950178,0.07346048651363737
2017-01-04 13:00:00,0.6924153904179906,0.005211092503361275
2017-01-04 13:00:00,2.6790695799403386,-0.012539994478583118
2017-01-04 13:00:00,0.033778139385517325,0.003843018373616367
2017-01-04 13:00:00,0.27079920571715993,-0.04469814579729959
2017-01-04 13:00:00,0.41384005013964514,0.0034728613853287995
2017-01-04 13:00:00,2.4050903946868387,-0.003677217314993913
2017-01-04 13:00:00,0.2206657309297425,-0.0008105292022248686
2017-01-04 13:00:00,0.7975272243858712,-0.0013176242824103669
2017-01-04 13:00:00,0.6181863672049324,0.00027218232373748755
2017-01-04 14:00:00,-0.6375305681134046,0.001094774402332171
2017-01-04 14:00:00,-0.6258991494169774,0.00640996574161192
2017-01-04 14:00:00,0.6106518253998424,-0.008158134889443515
2017-01-04 14:00:00,1.7803331928284847,-0.0013636912768175103
2017-01-04 14:00:00,-0.4241258769849256,0.00831451585947517
2017-01-04 14:00:00,2.5300005552754947,-0.01280574144459357
2017-01-04 14:00:00,0.9213027275933323,0.0031834189800948667
2017-01-04 14:00:00,-1.2394260349448925,0.009317060938935615
2017-01-04 14:00:00,-0.24828116159968205,0.0012182598348526952
2017-01-04 14:00:00,-0.7692021368659232,0.0013123360875309832
2017-01-04 14:00:00,-0.9731606943021577,0.0010414680992664078
2017-01-04 14:00:00,-1.2105165859925846,0.0018331575984282945
2017-01-04 14:00:00,0.7744089887005972,9.030847322889437e-05
2017-01-04 14:00:00,1.560756988208607,-0.6725907269917204
2017-01-04 14:00:00,2.9695002838953237,0.7254802383356972
2017-01-04 14:00:00,1.6127467220007266,0.0001448755733458402
2017-01-04 14:00:00,1.7115287382187183,-0.113114249496379
2017-01-04 14:00:00,0.12849752981727483,0.0004188157241709558
2017-01-04 14:00:00,0.5671570267995488,-0.0004766558999538259
2017-01-04 14:00:00,0.7007924790627986,-0.00015765085741208904
2017-01-04 14:00:00,-0.37582678865949914,0.0031392170796299386
2017-01-04 14:00:00,-1.4803577524938214,0.013642517739098161
2017-01-04 14:00:00,2.8080538002561526,-0.001463577642578372
2017-01-04 14:00:00,0.9320644305344066,-5.337540112580638e-05
2017-01-04 14:00:00,3.3461140238195712,-3.314979557178364e-05
2017-01-04 14:00:00,3.028064441508263,-0.0014507113272801402
2017-01-04 14:00:00,0.5001105447874103,0.0008235500984547004
2017-01-04 14:00:00,1.0459225498091838,0.000540432377593212
2017-01-04 14:00:00,1.9743476175671704,-0.0013768564885757262
2017-01-04 14:00:00,3.6821630264490715,0.00026564099252624005
2017-01-04 14:00:00,0.2674269395465271,-0.0004825566724972836
2017-01-04 14:00:00,-0.9401343366370074,0.0008479049658934836
2017-01-04 14:00:00,-1.4272713522817153,0.0026511905255880664
2017-01-04 14:00:00,-1.5213473852148869,0.0027248845916975923
2017-01-04 14:00:00,0.08188728546342008,0.0003919932281645242
2017-01-04 14:00:00,1.1697299865246107,-0.0007928791165390021
2017-01-04 14:00:00,0.10697175492132327,-4.193515186791565e-05
2017-01-04 14:00:00,0.929010322952967,-0.0008223397366755705
2017-01-04 14:00:00,1.1734867157564663,-0.000519022139269513
2017-01-04 14:00:00,-0.7317776113382408,0.0007346560524534709
2017-01-04 14:00:00,0.5503822816389269,-0.007273835700121394
2017-01-04 14:00:00,1.5496112387339118,-0.0020498709944966544
2017-01-04 14:00:00,-0.5344007827157704,0.003867526564726781
2017-01-04 14:00:00,0.07948645192949493,0.0027421915044723026
2017-01-04 14:00:00,-0.055991928817041785,0.00819783215644745
2017-01-04 14:00:00,-0.7508494888850382,0.07345745236361323
2017-01-04 14:00:00,0.910550013452919,0.005200472978276768
2017-01-04 14:00:00,2.6479074909353493,-0.012538477403571046
2017-01-04 14:00:00,0.18958858441046617,0.003835432998556005
2017-01-04 14:00:00,0.27079920571715993,-0.04469814579729959
2017-01-04 14:00:00,0.4761642281496246,0.0034698272353046546
2017-01-04 14:00:00,2.88810277426418,-0.0037007319776810373
2017-01-04 14:00:00,0.3297330424472065,-0.0008158389647671239
2017-01-04 14:00:00,1.0468239364257907,-0.001329760882506948
2017-01-04 14:00:00,0.9453883017573249,0.00025625303611072505
2017-01-04 15:00:00,-0.6375305681134046,0.001094774402332171
2017-01-04 15:00:00,-0.672642282924462,0.006412241354130029
2017-01-04 15:00:00,2.028526875126877,-0.008227161802492817
2017-01-04 15:00:00,1.6712658813110206,-0.001358381514275255
2017-01-04 15:00:00,-0.43970692148742047,0.008315274396981206
2017-01-04 15:00:00,2.3741901102505456,-0.012798156069533207
2017-01-04 15:00:00,0.7654922825683834,0.003191004355155229
2017-01-04 15:00:00,-1.2238449904423976,0.009316302401429579
2017-01-04 15:00:00,-0.32618638411215667,0.001222052522382878
2017-01-04 15:00:00,-0.784783181368418,0.0013130946250370194
2017-01-04 15:00:00,-0.9731606943021577,0.0010414680992664078
2017-01-04 15:00:00,-1.2105165859925846,0.0018331575984282945
2017-01-04 15:00:00,0.3381397426307405,0.00011154752339791017
2017-01-04 15:00:00,1.4672707211936376,-0.6725861757666842
2017-01-04 15:00:00,3.0474055064077983,0.725476445648167
2017-01-04 15:00:00,1.5971656774982317,0.0001456341108518764
2017-01-04 15:00:00,1.742690827223708,-0.11311576657139107
2017-01-04 15:00:00,0.03501126280230553,0.0004233669492071731
2017-01-04 15:00:00,0.6918053828195079,-0.0004827242000021174
2017-01-04 15:00:00,0.8877650130927373,-0.00016675330748452364
2017-01-04 15:00:00,-0.4225699221669838,0.0031414926921480473
2017-01-04 15:00:00,-1.4959387969963163,0.013643276276604197
2017-01-04 15:00:00,2.854796933763637,-0.0014658532550964806
2017-01-04 15:00:00,0.8541592080219321,-4.95827135956253e-05
2017-01-04 15:00:00,3.3305329793170766,-3.239125806574569e-05
2017-01-04 15:00:00,2.996902352503273,-0.0014491942522680678
2017-01-04 15:00:00,0.515691589289905,0.0008227915609486642
2017-01-04 15:00:00,0.9524362827942133,0.000544983602629431
2017-01-04 15:00:00,1.9743476175671704,-0.0013768564885757262
2017-01-04 15:00:00,3.448447358911648,0.0002770190551167833
2017-01-04 15:00:00,0.2518458950440322,-0.00048179813499124737
2017-01-04 15:00:00,-0.9401343366370074,0.0008479049658934836
2017-01-04 15:00:00,-1.4272713522817153,0.0026511905255880664
2017-01-04 15:00:00,-1.4278611181999175,0.002720333366661375
2017-01-04 15:00:00,0.08188728546342008,0.0003919932281645242
2017-01-04 15:00:00,1.0450816305046517,-0.0007868108164907124
2017-01-04 15:00:00,0.029066532408848787,-3.8142464337734565e-05
2017-01-04 15:00:00,1.0380776344704328,-0.0008276494992178243
2017-01-04 15:00:00,1.2669729827714358,-0.0005235733643057303
2017-01-04 15:00:00,-0.716196566835746,0.0007338975149474347
2017-01-04 15:00:00,0.5503822816389269,-0.007273835700121394
2017-01-04 15:00:00,1.5028681052264272,-0.0020475953819785457
2017-01-04 15:00:00,-0.5188197382132755,0.003866768027220745
2017-01-04 15:00:00,0.07948645192949493,0.0027421915044723026
2017-01-04 15:00:00,0.006332249192937732,0.008194798006423306
2017-01-04 15:00:00,-0.8131736668950178,0.07346048651363737
2017-01-04 15:00:00,0.78590165743296,0.005206541278325058
2017-01-04 15:00:00,2.5855833129253694,-0.012535443253546899
2017-01-04 15:00:00,0.1272644064004866,0.00383846714858015
2017-01-04 15:00:00,0.27079920571715993,-0.04469814579729959
2017-01-04 15:00:00,0.41384005013964514,0.0034728613853287995
2017-01-04 15:00:00,2.5609008397117874,-0.003684802690054275
2017-01-04 15:00:00,0.267408864437227,-0.0008128048147429773
2017-01-04 15:00:00,0.7352030463758916,-0.001314590132386222
2017-01-04 15:00:00,0.8363209902398607,0.00026156279865297856
2017-01-04 16:00:00,-0.6063684791084148,0.0010932573273200986
2017-01-04 16:00:00,-0.7505475054369365,0.00641603404166021
2017-01-04 16:00:00,1.9506216526144036,-0.008223369114962636
2017-01-04 16:00:00,1.998467815863413,-0.0013743108019020173
2017-01-04 16:00:00,-0.642260500019854,0.008325135384559677
2017-01-04 16:00:00,2.3430280212455563,-0.012796638994521135
2017-01-04 16:00:00,0.7343301935633937,0.0031925214301673013
2017-01-04 16:00:00,-1.2238449904423976,0.009316302401429579
2017-01-04 16:00:00,-0.32618638411215667,0.001222052522382878
2017-01-04 16:00:00,-0.7692021368659232,0.0013123360875309832
2017-01-04 16:00:00,-0.9731606943021577,0.0010414680992664078
2017-01-04 16:00:00,-1.2105165859925846,0.0018331575984282945
2017-01-04 16:00:00,0.3381397426307405,0.00011154752339791017
2017-01-04 16:00:00,1.451689676691143,-0.6725854172291782
2017-01-04 16:00:00,2.7357846163579005,0.7254916163982877
2017-01-04 16:00:00,1.4101931434682933,0.00015473656092431274
2017-01-04 16:00:00,1.5245562041887797,-0.11310514704630656
2017-01-04 16:00:00,0.03501126280230553,0.0004233669492071731
2017-01-04 16:00:00,0.5204138932920642,-0.00047438028743571726
2017-01-04 16:00:00,0.794278746077768,-0.00016220208244830634
2017-01-04 16:00:00,-0.45373201117197354,0.0031430097671601197
2017-01-04 16:00:00,-1.4959387969963163,0.013643276276604197
2017-01-04 16:00:00,2.636662310728709,-0.0014552337300119736
2017-01-04 16:00:00,0.7918350300119527,-4.654856357148065e-05
2017-01-04 16:00:00,2.7320245959608602,-0.0014362991146654504
2017-01-04 16:00:00,0.45336741127992564,0.000825825710972809
2017-01-04 16:00:00,0.2824513691869335,0.0005776007153889901
2017-01-04 16:00:00,1.8964423950546958,-0.001373063801045545
2017-01-04 16:00:00,2.8252055788118526,0.0003073605553582354
2017-01-04 16:00:00,0.11161649452157844,-0.0004749712974369214
2017-01-04 16:00:00,-1.4895955302916948,0.0026542246756122113
2017-01-04 16:00:00,-1.5213473852148869,0.0027248845916975923
2017-01-04 16:00:00,-0.3076388270989522,0.00041095666581543135
2017-01-04 16:00:00,0.5776502954298037,-0.0007640546913096224
2017-01-04 16:00:00,0.29394428895126173,-5.103760194035198e-05
2017-01-04 16:00:00,0.8978482339479773,-0.0008208226616634981
2017-01-04 16:00:00,1.080000448741497,-0.0005144709142332957
2017-01-04 16:00:00,-0.8096828338507153,0.000738448739983652
2017-01-04 16:00:00,0.5503822816389269,-0.007273835700121394
2017-01-04 16:00:00,1.5028681052264272,-0.0020475953819785457
2017-01-04 16:00:00,-0.5188197382132755,0.003866768027220745
2017-01-04 16:00:00,0.07948645192949493,0.0027421915044723026
2017-01-04 16:00:00,-0.055991928817041785,0.00819783215644745
2017-01-04 16:00:00,-0.8131736668950178,0.07346048651363737
2017-01-04 16:00:00,0.7547395684279702,0.00520805835333713
2017-01-04 16:00:00,2.4609349569054104,-0.01252937495349861
2017-01-04 16:00:00,0.15842649540547638,0.0038369500735680774
2017-01-04 16:00:00,0.3019612947221497,-0.04469966287231166
2017-01-04 16:00:00,0.19570542710471686,0.0034834809104133083
2017-01-04 16:00:00,2.5609008397117874,-0.003684802690054275
2017-01-04 16:00:00,0.267408864437227,-0.0008128048147429773
2017-01-04 16:00:00,0.7352030463758916,-0.001314590132386222
2017-01-04 16:00:00,0.8363209902398607,0.00026156279865297856
2017-01-04 17:00:00,-0.5440443010984353,0.001090223177295952
2017-01-04 17:00:00,-0.7038043719294519,0.0064137584291421015
2017-01-04 17:00:00,2.028526875126877,-0.008227161802492817
2017-01-04 17:00:00,2.933330486013105,-0.0014198230522641955
2017-01-04 17:00:00,-0.7201657225323285,0.008328928072089858
2017-01-04 17:00:00,2.078150264703143,-0.012783743856918517
2017-01-04 17:00:00,0.6096818375434346,0.0031985897302155915
2017-01-04 17:00:00,-1.2861691684523773,0.009319336551453724
2017-01-04 17:00:00,-0.4040916066246311,0.001225845209913059
2017-01-04 17:00:00,-0.8315263148759027,0.001315370237555128
2017-01-04 17:00:00,-0.9731606943021577,0.0010414680992664078
2017-01-04 17:00:00,-1.2105165859925846,0.0018331575984282945
2017-01-04 17:00:00,0.3381397426307405,0.00011154752339791017
2017-01-04 17:00:00,1.3114602761686887,-0.6725785903916238
2017-01-04 17:00:00,2.5020689488204773,0.7255029944608783
2017-01-04 17:00:00,1.4413552324732828,0.00015321948591223857
2017-01-04 17:00:00,1.4154888926713154,-0.11309983728376431
2017-01-04 17:00:00,-0.13638022672513822,0.0004317108617735734
2017-01-04 17:00:00,0.4892518042870746,-0.0004728632124236448
2017-01-04 17:00:00,0.6852114345603038,-0.00015689231990605282
2017-01-04 17:00:00,-0.5316372336844482,0.0031468024546903025
2017-01-04 17:00:00,-1.4959387969963163,0.013643276276604197
2017-01-04 17:00:00,2.5587570882162343,-0.0014514410424817908
2017-01-04 17:00:00,0.7295108520019731,-4.3514413547335784e-05
2017-01-04 17:00:00,1.5698749505351555,5.332348011635394e-05
2017-01-04 17:00:00,2.6229572844433964,-0.0014309893521231973
2017-01-04 17:00:00,-0.6840488374022011,0.000881198948913458
2017-01-04 17:00:00,1.295219261849102,0.0005282957774966325
2017-01-04 17:00:00,2.1769011960996028,-0.001386717476154197
2017-01-04 17:00:00,2.217544843214552,0.00033694351809364945
2017-01-04 17:00:00,0.01813022750660908,-0.0004704200724007041
2017-01-04 17:00:00,-1.4740144857892,0.002653466138106175
2017-01-04 17:00:00,-1.5213473852148869,0.0027248845916975923
2017-01-04 17:00:00,-0.16740942657649813,0.0004041298282611054
2017-01-04 17:00:00,0.5776502954298037,-0.0007640546913096224
2017-01-04 17:00:00,0.5432410009911797,-6.317420203693144e-05
2017-01-04 17:00:00,0.8043619669330081,-0.0008162714366272808
2017-01-04 17:00:00,1.0332573152340125,-0.0005121953017151853
2017-01-04 17:00:00,-0.8096828338507153,0.000738448739983652
2017-01-04 17:00:00,0.1764372135790499,-0.007255630799976523
2017-01-04 17:00:00,1.0977609481615602,-0.0020278734068216024
2017-01-04 17:00:00,-0.5655628717207603,0.0038690436397388534
2017-01-04 17:00:00,-0.1386481711054335,0.002752811029556811
2017-01-04 17:00:00,-0.055991928817041785,0.00819783215644745
2017-01-04 17:00:00,-0.8131736668950178,0.07346048651363737
2017-01-04 17:00:00,0.5989291234030213,0.005215643728397494
2017-01-04 17:00:00,2.4297728679004207,-0.012527857878486537
2017-01-04 17:00:00,0.002616050380527534,0.0038445354486284396
2017-01-04 17:00:00,0.27079920571715993,-0.04469814579729959
2017-01-04 17:00:00,0.07105707108475781,0.003489549210461598
2017-01-04 17:00:00,2.4050903946868387,-0.003677217314993913
2017-01-04 17:00:00,0.7660022885170632,-0.0008370780149361399
2017-01-04 17:00:00,0.7663651353808814,-0.0013161072073982945
2017-01-04 17:00:00,0.664929500712417,0.00026990671121937716
2017-01-04 18:00:00,-0.5440443010984353,0.001090223177295952
2017-01-04 18:00:00,-0.7038043719294519,0.0064137584291421015
2017-01-04 18:00:00,1.9662026971168984,-0.008224127652468672
2017-01-04 18:00:00,2.9644925750180944,-0.001421340127276268
2017-01-04 18:00:00,-0.8759761675572774,0.00833651344715022
2017-01-04 18:00:00,1.782110419155741,-0.012769331644303827
2017-01-04 18:00:00,0.547357659533455,0.003201623880239738
2017-01-04 18:00:00,-1.2705881239498822,0.009318578013947688
2017-01-04 18:00:00,-0.4040916066246311,0.001225845209913059
2017-01-04 18:00:00,-0.8315263148759027,0.001315370237555128
2017-01-04 18:00:00,-0.9731606943021577,0.0010414680992664078
2017-01-04 18:00:00,-1.2105165859925846,0.0018331575984282945
2017-01-04 18:00:00,0.3381397426307405,0.00011154752339791017
2017-01-04 18:00:00,1.2335550536562143,-0.6725747977040937
2017-01-04 18:00:00,2.5020689488204773,0.7255029944608783
2017-01-04 18:00:00,1.2543826984433444,0.0001623219359846749
2017-01-04 18:00:00,1.337583670158841,-0.11309604459623412
2017-01-04 18:00:00,-0.29219067175008717,0.0004392962368339356
2017-01-04 18:00:00,0.19321195873967195,-0.000458450999808955
2017-01-04 18:00:00,0.6696303900578089,-0.0001561337824000166
2017-01-04 18:00:00,-0.6407045452019123,0.003152112217232556
2017-01-04 18:00:00,-1.4647767079913265,0.013641759201592125
2017-01-04 18:00:00,2.2471361981663365,-0.0014362702923610665
2017-01-04 18:00:00,0.6983487629969832,-4.199733853526335e-05
2017-01-04 18:00:00,1.3205782384952374,6.546008021293513e-05
2017-01-04 18:00:00,2.5294710174284267,-0.0014264381270869782
2017-01-04 18:00:00,1.1082467278191634,0.0005373982275690671
2017-01-04 18:00:00,1.865280306049706,-0.0013715467260334727
2017-01-04 18:00:00,1.734532463637212,0.0003604581807807754
2017-01-04 18:00:00,-0.07535603950836019,-0.0004658688473644868
2017-01-04 18:00:00,-1.5051765747941899,0.0026549832131182475
2017-01-04 18:00:00,-1.5369284297173815,0.0027256431292036285
2017-01-04 18:00:00,-0.24531464908897255,0.0004079225157912865
2017-01-04 18:00:00,0.5776502954298037,-0.0007640546913096224
2017-01-04 18:00:00,0.3406874224587464,-5.331321445846063e-05
2017-01-04 18:00:00,0.8043619669330081,-0.0008162714366272808
2017-01-04 18:00:00,1.0332573152340125,-0.0005121953017151853
2017-01-04 18:00:00,-0.8096828338507153,0.000738448739983652
2017-01-04 18:00:00,0.1764372135790499,-0.007255630799976523
2017-01-04 18:00:00,1.0042746811465897,-0.0020233221817853833
2017-01-04 18:00:00,-0.581143916223255,0.0038698021772448896
2017-01-04 18:00:00,-0.1542292156079284,0.002753569567062847
2017-01-04 18:00:00,-0.1183161068270213,0.008200866306471596
2017-01-04 18:00:00,-0.8443357559000075,0.07346200358864945
2017-01-04 18:00:00,0.5989291234030213,0.005215643728397494
2017-01-04 18:00:00,2.180476155860503,-0.012515721278389956
2017-01-04 18:00:00,0.002616050380527534,0.0038445354486284396
2017-01-04 18:00:00,0.27079920571715993,-0.04469814579729959
2017-01-04 18:00:00,-0.022429195930211535,0.0034941004354978153
2017-01-04 18:00:00,2.093469504636941,-0.003662046564873187
2017-01-04 18:00:00,0.39205722045718605,-0.0008188731147912687
2017-01-04 18:00:00,0.7663651353808814,-0.0013161072073982945
2017-01-04 18:00:00,0.5091190556874682,0.00027749208627974106
2017-01-04 19:00:00,-0.5284632565959404,0.0010894646397899158
2017-01-04 19:00:00,-0.672642282924462,0.006412241354130029
2017-01-04 19:00:00,1.6078386735595163,-0.008206681289829838
2017-01-04 19:00:00,2.512642284445743,-0.001399342539601216
2017-01-04 19:00:00,-0.8448140785522875,0.008334996372138147
2017-01-04 19:00:00,1.641881018633287,-0.012762504806749501
2017-01-04 19:00:00,0.6720060155534141,0.0031955555801914466
2017-01-04 19:00:00,-1.2705881239498822,0.009318578013947688
2017-01-04 19:00:00,-0.17037593908720763,0.001214467147322514
2017-01-04 19:00:00,-0.6133916918409743,0.0013047507124706193
2017-01-04 19:00:00,-0.9731606943021577,0.0010414680992664078
2017-01-04 19:00:00,-1.2105165859925846,0.0018331575984282945
2017-01-04 19:00:00,0.3381397426307405,0.00011154752339791017
2017-01-04 19:00:00,1.3737844541786686,-0.6725816245416479
2017-01-04 19:00:00,2.4709068598154875,0.7255045115358904
2017-01-04 19:00:00,1.005085986403426,0.0001744585360812561
2017-01-04 19:00:00,1.4622320261788,-0.11310211289628241
2017-01-04 19:00:00,-0.2766096272475923,0.0004385376993278994
2017-01-04 19:00:00,0.06856360271971285,-0.0004523826997606652
2017-01-04 19:00:00,0.7007924790627986,-0.00015765085741208904
2017-01-04 19:00:00,-0.7497718567193765,0.0031574219797748096
2017-01-04 19:00:00,-1.4647767079913265,0.013641759201592125
2017-01-04 19:00:00,2.325041420678811,-0.0014400629798912476
2017-01-04 19:00:00,0.6983487629969832,-4.199733853526335e-05
2017-01-04 19:00:00,1.4140645055102068,6.090885517671784e-05
2017-01-04 19:00:00,2.638538328945891,-0.0014317478896292335
2017-01-04 19:00:00,0.4222053222749359,0.0008273427859848815
2017-01-04 19:00:00,-0.7147354789727394,0.0006261471157753131
2017-01-04 19:00:00,1.5692404605023031,-0.0013571345134187828
2017-01-04 19:00:00,1.2047769505523855,0.0003862484559860084
2017-01-04 19:00:00,-0.12209917301584493,-0.00046359323484637644
2017-01-04 19:00:00,-1.5363386637991794,0.00265650028813032
2017-01-04 19:00:00,-1.490185296209897,0.00272336751668552
2017-01-04 19:00:00,-0.2920577825964573,0.00041019812830939514
2017-01-04 19:00:00,0.7334607404547526,-0.0007716400663699863
2017-01-04 19:00:00,0.4341736894737157,-5.786443949467793e-05
2017-01-04 19:00:00,1.271793302007856,-0.0008390275618083693
2017-01-04 19:00:00,1.5162696948113539,-0.0005357099644023115
2017-01-04 19:00:00,-0.6850344778307562,0.0007323804399353623
2017-01-04 19:00:00,0.23876139158902943,-0.007258664950000668
2017-01-04 19:00:00,1.378219749206468,-0.0020415270819302543
2017-01-04 19:00:00,-0.6123060052282449,0.003871319252256962
2017-01-04 19:00:00,-0.07632399309545393,0.0027497768795326644
2017-01-04 19:00:00,0.006332249192937732,0.008194798006423306
2017-01-04 19:00:00,-0.6262011328650792,0.07345138406356494
2017-01-04 19:00:00,0.9728741914628987,0.005197438828252623
2017-01-04 19:00:00,2.52325913491539,-0.012532409103522754
2017-01-04 19:00:00,0.28307485142543537,0.003830881773519786
2017-01-04 19:00:00,0.6135821847720472,-0.044714833622432386
2017-01-04 19:00:00,0.2268675161097066,0.003481963835401236
2017-01-04 19:00:00,2.4829956171993133,-0.003681010002524094
2017-01-04 19:00:00,0.5634487099846297,-0.0008272170273576671
2017-01-04 19:00:00,0.5949736458534377,-0.0013077632948318941
2017-01-04 19:00:00,0.5714432336974477,0.0002744579362555962
2017-01-04 20:00:00,-0.2012613220435475,0.0010735353521631552
2017-01-04 20:00:00,-0.3610213928745643,0.006397070604009301
2017-01-04 20:00:00,1.8103922520919495,-0.008216542277408308
2017-01-04 20:00:00,2.356831839420794,-0.001391757164540852
2017-01-04 20:00:00,-0.7980709450448029,0.008332720759620039
2017-01-04 20:00:00,2.1716365317181126,-0.012788295081954735
2017-01-04 20:00:00,1.7470980862255623,0.003143216492274942
2017-01-04 20:00:00,-1.177101856934913,0.00931402678891147
2017-01-04 20:00:00,0.2347312179776594,0.0011947451721655707
2017-01-04 20:00:00,-0.3485139352985611,0.001291855574868002
2017-01-04 20:00:00,-0.7394450267647344,0.0010300900366758629
2017-01-04 20:00:00,-1.0547061409676357,0.0018255722233679324
2017-01-04 20:00:00,0.7588279441981023,9.106701073493059e-05
2017-01-04 20:00:00,2.4332954803483196,-0.6726332050920585
2017-01-04 20:00:00,3.53041788598514,0.7254529309854799
2017-01-04 20:00:00,1.6127467220007266,0.0001448755733458402
2017-01-04 20:00:00,2.506162007845956,-0.11315293490918685
2017-01-04 20:00:00,0.0038491737973157416,0.0004248840242192455
2017-01-04 20:00:00,0.23995509224715658,-0.0004607266123270636
2017-01-04 20:00:00,1.1993859031426364,-0.0001819240576052497
2017-01-04 20:00:00,-0.562799322689438,0.003148319529702375
2017-01-04 20:00:00,-1.418033574483842,0.013639483589074016
2017-01-04 20:00:00,3.3378093133409785,-0.001489367917783605
2017-01-04 20:00:00,1.025550697549377,-5.792662616202368e-05
2017-01-04 20:00:00,2.302184042152414,1.7672217332648287e-05
2017-01-04 20:00:00,3.666887266110553,-0.0014818113650276268
2017-01-04 20:00:00,0.515691589289905,0.0008227915609486642
2017-01-04 20:00:00,-0.7303165234752342,0.0006269056532813493
2017-01-04 20:00:00,1.880861350552201,-0.0013723052635395089
2017-01-04 20:00:00,0.8775750159999918,0.0004021777436127707
2017-01-04 20:00:00,0.0025491830041141908,-0.0004696615348946679
2017-01-04 20:00:00,-0.7064186690995842,0.0008365269033029386
2017-01-04 20:00:00,-1.5051765747941899,0.0026549832131182475
2017-01-04 20:00:00,-1.4590232072049072,0.0027218504416734474
2017-01-04 20:00:00,0.019563107453440504,0.00039502737818866907
2017-01-04 20:00:00,1.2476352090370852,-0.0007966718040691832
2017-01-04 20:00:00,0.9016050245485621,-8.062056467576616e-05
2017-01-04 20:00:00,1.5834141920577536,-0.0008541983119290953
2017-01-04 20:00:00,1.765566406851272,-0.0005478465644988909
2017-01-04 20:00:00,-0.5759671663132919,0.0007270706773931087
2017-01-04 20:00:00,0.5192201926339371,-0.007272318625109322
2017-01-04 20:00:00,2.2819203303511704,-0.00208552225728036
2017-01-04 20:00:00,-0.6123060052282449,0.003871319252256962
2017-01-04 20:00:00,0.313202119466918,0.0027308134418817577
2017-01-04 20:00:00,0.3491152282478251,0.008178110181290507
2017-01-04 20:00:00,-0.4392285988351403,0.0734422816134925
2017-01-04 20:00:00,1.8454126836026135,0.00515496072791459
2017-01-04 20:00:00,3.177663004020175,-0.012564267678776279
2017-01-04 20:00:00,0.5323715634653534,0.0038187451734232065
2017-01-04 20:00:00,1.0186893418369154,-0.044734555597589334
2017-01-04 20:00:00,0.6008125841695835,0.003463758935256365
2017-01-04 20:00:00,3.121818441801603,-0.0037121100402715823
2017-01-04 20:00:00,1.0152990005569824,-0.0008492146150327194
2017-01-04 20:00:00,0.8598514023958507,-0.0013206584324345118
2017-01-04 20:00:00,0.8986451682498403,0.0002585286486288337
2017-01-04 21:00:00,-0.23242341104853728,0.0010750524271752277
2017-01-04 21:00:00,-0.2831161703620899,0.00639327791647912
2017-01-04 21:00:00,1.74806807408197,-0.008213508127384164
2017-01-04 21:00:00,2.1386972163858657,-0.001381137639456345
2017-01-04 21:00:00,-0.7669088560398132,0.008331203684607966
2017-01-04 21:00:00,2.3118659322405666,-0.01279512191950906
2017-01-04 21:00:00,1.7315170417230676,0.0031439750297809783
2017-01-04 21:00:00,-1.161520812432418,0.009313268251405434
2017-01-04 21:00:00,0.2503122624801541,0.0011939866346595345
2017-01-04 21:00:00,-0.42641915781103557,0.0012956482623981847
2017-01-04 21:00:00,-0.7550260712672293,0.0010308485741819008
2017-01-04 21:00:00,-1.0702871854701306,0.0018263307608739686
2017-01-04 21:00:00,0.7744089887005972,9.030847322889437e-05
2017-01-04 21:00:00,2.760497414900712,-0.6726491343796852
2017-01-04 21:00:00,4.0913354880749555,0.7254256236352625
2017-01-04 21:00:00,1.84646238953815,0.00013349751075529532
2017-01-04 21:00:00,2.9424312539158133,-0.11317417395935586
2017-01-04 21:00:00,0.1440785743197697,0.0004180571866649196
2017-01-04 21:00:00,0.2555361367496513,-0.00046148514983309984
2017-01-04 21:00:00,1.5421688821975237,-0.0001986118827380482
2017-01-04 21:00:00,-0.547218278186943,0.0031475609921963387
2017-01-04 21:00:00,-1.4336146189863368,0.013640242126580052
2017-01-04 21:00:00,3.82082169291832,-0.0015128825804707317
2017-01-04 21:00:00,0.9788075640418913,-5.565101364391503e-05
2017-01-04 21:00:00,2.644967021207301,9.843921998497894e-07
2017-01-04 21:00:00,4.2745480017078545,-0.0015113943277630432
2017-01-04 21:00:00,0.5312726337924,0.000822033023442628
2017-01-04 21:00:00,-0.7926407014852138,0.0006299398033054942
2017-01-04 21:00:00,1.865280306049706,-0.0013715467260334727
2017-01-04 21:00:00,0.41014368092514547,0.0004249338687938589
2017-01-04 21:00:00,0.03371127200910398,-0.00047117860990674034
2017-01-04 21:00:00,-0.7843238916120585,0.0008403195908331197
2017-01-04 21:00:00,-1.5051765747941899,0.0026549832131182475
2017-01-04 21:00:00,-1.3811179846924326,0.0027180577541432663
2017-01-04 21:00:00,-0.07392315956152877,0.00039957860322488637
2017-01-04 21:00:00,1.1697299865246107,-0.0007928791165390021
2017-01-04 21:00:00,0.9016050245485621,-8.062056467576616e-05
2017-01-04 21:00:00,1.7548056815851976,-0.0008625422244954937
2017-01-04 21:00:00,1.9525389408812106,-0.0005569490145713273
2017-01-04 21:00:00,-0.4980619438008175,0.0007232779898629259
2017-01-04 21:00:00,0.5503822816389269,-0.007273835700121394
2017-01-04 21:00:00,2.484473908883604,-0.002095383244858831
2017-01-04 21:00:00,-0.581143916223255,0.0038698021772448896
2017-01-04 21:00:00,0.5001746534968565,0.002721710991809323
2017-01-04 21:00:00,0.4114394062578047,0.008175076031266363
2017-01-04 21:00:00,-0.5015527768451201,0.07344531576351665
2017-01-04 21:00:00,1.8142505945976237,0.005156477802926662
2017-01-04 21:00:00,3.1153388260101953,-0.012561233528752134
2017-01-04 21:00:00,0.5012094744603637,0.003820262248435279
2017-01-04 21:00:00,0.9875272528319246,-0.04473303852257726
2017-01-04 21:00:00,0.6319746731745733,0.0034622418602442925
2017-01-04 21:00:00,3.043913219289129,-0.0037083173527414012
2017-01-04 21:00:00,1.0308800450594775,-0.0008499731525387556
2017-01-04 21:00:00,0.9377566249083251,-0.0013244511199646928
2017-01-04 21:00:00,0.9142262127523351,0.0002577701111227975
2017-01-04 22:00:00,-0.4349769895809709,0.0010849134147536985
2017-01-04 22:00:00,-0.563574971406998,0.0064069315915877756
2017-01-04 22:00:00,1.5922576290570212,-0.008205922752323801
2017-01-04 22:00:00,1.7647521483259898,-0.001362932739311474
2017-01-04 22:00:00,-0.8603951230547824,0.008335754909644184
2017-01-04 22:00:00,2.3118659322405666,-0.01279512191950906
2017-01-04 22:00:00,1.4978013741856442,0.0031553530923715233
2017-01-04 22:00:00,-1.1926829014374078,0.009314785326417507
2017-01-04 22:00:00,0.15682599546518494,0.0011985378596957518
2017-01-04 22:00:00,-0.5354864693284999,0.0013009580249404382
2017-01-04 22:00:00,-0.801769204774714,0.0010331241867000095
2017-01-04 22:00:00,-1.0702871854701306,0.0018263307608739686
2017-01-04 22:00:00,0.6341795881781432,9.713531078322032e-05
2017-01-04 22:00:00,2.4644575693533093,-0.6726347221670705
2017-01-04 22:00:00,3.8732008650400274,0.725436243160347
2017-01-04 22:00:00,1.8153003005331603,0.00013501458576736764
2017-01-04 22:00:00,2.7710397643883695,-0.11316583004678947
2017-01-04 22:00:00,0.09733544081228511,0.0004203327991830282
2017-01-04 22:00:00,0.11530673622719756,-0.00045465831227877384
2017-01-04 22:00:00,1.4331015706800596,-0.00019330212019579295
2017-01-04 22:00:00,-0.547218278186943,0.0031475609921963387
2017-01-04 22:00:00,-1.4491956634888319,0.013641000664086089
2017-01-04 22:00:00,2.1848120201563574,-0.0014332361423369199
2017-01-04 22:00:00,1.009969653046882,-5.7168088655987464e-05
2017-01-04 22:00:00,2.5047376206848475,7.811229754177475e-06
2017-01-04 22:00:00,4.290129046210349,-0.0015121528652690794
2017-01-04 22:00:00,0.45336741127992564,0.000825825710972809
2017-01-04 22:00:00,-0.8549648794951933,0.0006329739533296391
2017-01-04 22:00:00,1.756212994532242,-0.0013662369634912174
2017-01-04 22:00:00,0.23875219139770185,0.00043327778136025924
2017-01-04 22:00:00,0.06487336101409373,-0.0004726956849188128
2017-01-04 22:00:00,-1.4895955302916948,0.0026542246756122113
2017-01-04 22:00:00,-1.3343748511849483,0.0027157821416251577
2017-01-04 22:00:00,-0.08950420406402365,0.0004003371407309226
2017-01-04 22:00:00,1.0295005860021569,-0.0007860522789846744
2017-01-04 22:00:00,0.5899841344986644,-6.54498145550401e-05
2017-01-04 22:00:00,1.6924815035752176,-0.0008595080744713488
2017-01-04 22:00:00,1.905795807373726,-0.0005546734020532186
2017-01-04 22:00:00,-0.48248089929832255,0.0007225194523568897
2017-01-04 22:00:00,0.5036391481314424,-0.0072715600876032856
2017-01-04 22:00:00,2.437730775376119,-0.002093107632340722
2017-01-04 22:00:00,-0.721373316745709,0.0038766290147992156
2017-01-04 22:00:00,0.5936609205118257,0.0027171597667731058
2017-01-04 22:00:00,0.28679105023784557,0.008181144331314652
2017-01-04 22:00:00,-0.5950390438600894,0.07344986698855287
2017-01-04 22:00:00,1.5961159715626951,0.005167097328011171
2017-01-04 22:00:00,2.9906904699902364,-0.012555165228703844
2017-01-04 22:00:00,0.37656111844040463,0.0038263305484835686
2017-01-04 22:00:00,0.8628788968119654,-0.04472697022252897
2017-01-04 22:00:00,0.538488406159604,0.0034667930852805098
2017-01-04 22:00:00,2.85694068525919,-0.003699214902668965
2017-01-04 22:00:00,0.921812733542012,-0.000844663389996502
2017-01-04 22:00:00,0.8910134914008404,-0.0013221755074465842
2017-01-04 22:00:00,0.8519020347423556,0.00026080426114694235
2017-01-04 23:00:00,-0.5128822120934455,0.0010887061022838795
2017-01-04 23:00:00,-0.563574971406998,0.0064069315915877756
2017-01-04 23:00:00,1.3273798725146082,-0.008193027614721184
2017-01-04 23:00:00,1.2505776797436587,-0.0013379010016122755
2017-01-04 23:00:00,-0.7669088560398132,0.008331203684607966
2017-01-04 23:00:00,2.1093123537081326,-0.01278526093193059
2017-01-04 23:00:00,1.1861804841357466,0.0031705238424922493
2017-01-04 23:00:00,-1.2238449904423976,0.009316302401429579
2017-01-04 23:00:00,0.016596594942730986,0.0012053646972500795
2017-01-04 23:00:00,-0.644553780845964,0.0013062677874826917
2017-01-04 23:00:00,-0.8640933827846935,0.0010361583367241543
2017-01-04 23:00:00,-1.1170303189776154,0.0018286063733920772
2017-01-04 23:00:00,0.4783691431531944,0.00010472068584358249
2017-01-04 23:00:00,2.1528366793034115,-0.6726195514169497
2017-01-04 23:00:00,3.5615799749901296,0.7254514139104677
2017-01-04 23:00:00,1.8153003005331603,0.00013501458576736764
2017-01-04 23:00:00,2.615229319363421,-0.11315824467172911
2017-01-04 23:00:00,-0.05847500421266378,0.0004279181742433904
2017-01-04 23:00:00,0.03740151371472309,-0.00045086562474859276
2017-01-04 23:00:00,1.1993859031426364,-0.0001819240576052497
2017-01-04 23:00:00,-0.6095424561969226,0.0031505951422204836
2017-01-04 23:00:00,-1.5271008860013062,0.01364479335161627
2017-01-04 23:00:00,2.1380688866488726,-0.0014309605298188112
2017-01-04 23:00:00,0.8074160745144474,-4.7307101077516866e-05
2017-01-04 23:00:00,2.3489271756598984,1.539660481453964e-05
2017-01-04 23:00:00,3.9006029336479764,-0.0014931894276181718
2017-01-04 23:00:00,0.3754621887674512,0.0008296183985029901
2017-01-04 23:00:00,-0.8705459239976883,0.0006337324908356753
2017-01-04 23:00:00,1.7094698610247572,-0.0013639613509731088
2017-01-04 23:00:00,0.12968487988023764,0.00043858754390251276
2017-01-04 23:00:00,-0.07535603950836019,-0.0004658688473644868
2017-01-04 23:00:00,-1.5051765747941899,0.0026549832131182475
2017-01-04 23:00:00,-1.474604251707402,0.0027226089791794836
2017-01-04 23:00:00,-0.27647673809396245,0.0004094395908033589
2017-01-04 23:00:00,0.6088123844347935,-0.0007655717663216948
2017-01-04 23:00:00,0.27836324444876687,-5.0279064434315764e-05
2017-01-04 23:00:00,1.5989952365602487,-0.0008549568494351315
2017-01-04 23:00:00,1.765566406851272,-0.0005478465644988909
2017-01-04 23:00:00,-0.45131881029333276,0.0007210023773448173
2017-01-04 23:00:00,0.39457183661397816,-0.007266250325061032
2017-01-04 23:00:00,2.2819203303511704,-0.00208552225728036
2017-01-04 23:00:00,-0.7525354057506988,0.003878146089811288
2017-01-04 23:00:00,0.5313367425018463,0.0027201939167972506
2017-01-04 23:00:00,0.13098060521289684,0.008188729706375016
2017-01-04 23:00:00,-0.6573632218700689,0.07345290113857701
2017-01-04 23:00:00,1.3779813485277668,0.00517771685309568
2017-01-04 23:00:00,2.6946506244428337,-0.012540753016089154
2017-01-04 23:00:00,0.28307485142543537,0.003830881773519786
2017-01-04 23:00:00,0.7070684517870165,-0.04471938484746861
2017-01-04 23:00:00,0.4450021391446349,0.003471344310316727
2017-01-04 23:00:00,2.5297387507067977,-0.0036832856150422026
2017-01-04 23:00:00,0.7036781105070836,-0.000834043864911995
2017-01-04 23:00:00,0.5949736458534377,-0.0013077632948318941
2017-01-04 23:00:00,0.5714432336974477,0.0002744579362555962
2017-01-05 00:00:00,-0.59078743460592,0.0010924987898140624
2017-01-05 00:00:00,-0.6103181049144826,0.006409207204105884
2017-01-05 00:00:00,1.2338936054996388,-0.008188476389684967
2017-01-05 00:00:00,1.0947672347187098,-0.0013303156265519133
2017-01-05 00:00:00,-0.642260500019854,0.008325135384559677
2017-01-05 00:00:00,2.0314071311956585,-0.012781468244400409
2017-01-05 00:00:00,1.0147889946083029,0.0031788677550586477
2017-01-05 00:00:00,-1.2238449904423976,0.009316302401429579
2017-01-05 00:00:00,-0.0768896720722383,0.0012099159222862968
2017-01-05 00:00:00,-0.7068779588559436,0.0013093019375068366
2017-01-05 00:00:00,-0.9108365162921782,0.001038433949242263
2017-01-05 00:00:00,-1.1637734524850998,0.0018308819859101859
2017-01-05 00:00:00,0.35372078713323535,0.00011078898589187395
2017-01-05 00:00:00,1.841215789253515,-0.672604380666829
2017-01-05 00:00:00,3.249959084940232,0.7254665846605886
2017-01-05 00:00:00,1.581584632995737,0.00014639264835791262
2017-01-05 00:00:00,2.303608429313523,-0.11314307392160837
2017-01-05 00:00:00,-0.05847500421266378,0.0004279181742433904
2017-01-05 00:00:00,-0.04050370879775133,-0.0004470729372184117
2017-01-05 00:00:00,1.0435754581176875,-0.00017433868254488754
2017-01-05 00:00:00,-0.6718666342069021,0.0031536292922446285
2017-01-05 00:00:00,-1.5426819305038009,0.013645551889122306
2017-01-05 00:00:00,3.3845524468484633,-0.0014916435303017155
2017-01-05 00:00:00,0.5581193624745293,-3.517050098093567e-05
2017-01-05 00:00:00,2.0373062856100006,3.05673549352657e-05
2017-01-05 00:00:00,3.6513062216080585,-0.0014810528275215906
2017-01-05 00:00:00,0.23523278824499744,0.0008364452360573178
2017-01-05 00:00:00,-0.901708013002678,0.0006352495658477495
2017-01-05 00:00:00,1.5536594159998083,-0.0013563759759127466
2017-01-05 00:00:00,0.03619861286526833,0.00044313876893873006
2017-01-05 00:00:00,-0.09093708401085507,-0.0004651103098584506
2017-01-05 00:00:00,-1.5207576192966847,0.0026557417506242837
2017-01-05 00:00:00,-1.5213473852148869,0.0027248845916975923
2017-01-05 00:00:00,-0.36996300510893176,0.0004139908158395762
2017-01-05 00:00:00,0.5153261174198243,-0.0007610205412854775
2017-01-05 00:00:00,0.23162011094128226,-4.800345191620538e-05
2017-01-05 00:00:00,1.4431847915352998,-0.0008473714743747676
2017-01-05 00:00:00,1.640918050831313,-0.0005417782644506012
2017-01-05 00:00:00,-0.5292240328058073,0.0007247950648750001
2017-01-05 00:00:00,0.28550452509651403,-0.0072609405625187785
2017-01-05 00:00:00,2.032623618311252,-0.002073385657183779
2017-01-05 00:00:00,-0.7681164502531937,0.0038789046273173242
2017-01-05 00:00:00,0.39110734197939245,0.0027270207543515766
2017-01-05 00:00:00,-0.02482983981205202,0.008196315081435378
2017-01-05 00:00:00,-0.7196873998800485,0.07345593528860116
2017-01-05 00:00:00,1.1910088144978284,0.005186819303168114
2017-01-05 00:00:00,2.398610778895431,-0.012526340803474464
2017-01-05 00:00:00,0.15842649540547638,0.0038369500735680774
2017-01-05 00:00:00,0.5512580067620677,-0.04471179947240824
2017-01-05 00:00:00,0.41384005013964514,0.0034728613853287995
2017-01-05 00:00:00,2.1557936826469204,-0.0036650807148973317
2017-01-05 00:00:00,0.5790297544871246,-0.0008279755648637033
2017-01-05 00:00:00,0.47032528983347877,-0.0013016949947836044
2017-01-05 00:00:00,0.3844706996675093,0.0002835603863280308
2017-01-05 01:00:00,-0.59078743460592,0.0010924987898140624
2017-01-05 01:00:00,-0.6414801939194723,0.006410724279117957
2017-01-05 01:00:00,1.0780831604746899,-0.008180891014624603
2017-01-05 01:00:00,0.9856999232012443,-0.0013250058640096598
2017-01-05 01:00:00,-0.6578415445223489,0.008325893922065713
2017-01-05 01:00:00,1.8132725081607308,-0.0127708487193159
2017-01-05 01:00:00,0.9057216830908373,0.003184177517600903
2017-01-05 01:00:00,-1.2550070794473873,0.009317819476441652
2017-01-05 01:00:00,-0.15479489458471277,0.0012137086098164779
2017-01-05 01:00:00,-0.7692021368659232,0.0013123360875309832
2017-01-05 01:00:00,-0.941998605297168,0.0010399510242543354
2017-01-05 01:00:00,-1.1949355414900897,0.0018323990609222583
2017-01-05 01:00:00,0.13558616409830712,0.000121408510976381
2017-01-05 01:00:00,1.841215789253515,-0.672604380666829
2017-01-05 01:00:00,3.094148639915283,0.7254741700356488
2017-01-05 01:00:00,1.5036794104832625,0.0001501853358880937
2017-01-05 01:00:00,2.147797984288574,-0.11313548854654801
2017-01-05 01:00:00,-0.21428544923761264,0.0004355035493037545
2017-01-05 01:00:00,-0.19631415382270018,-0.0004394875621580478
2017-01-05 01:00:00,0.9656702356052117,-0.00017054599501470472
2017-01-05 01:00:00,-0.7341908122168816,0.0031566634422687733
2017-01-05 01:00:00,-1.5426819305038009,0.013645551889122306
2017-01-05 01:00:00,3.0885126013010606,-0.0014772313176870256
2017-01-05 01:00:00,0.4178899619520755,-2.8343663426609502e-05
2017-01-05 01:00:00,1.8814958405850533,3.8152729995627874e-05
2017-01-05 01:00:00,3.43317159857313,-0.0014704333024370836
2017-01-05 01:00:00,0.12616547672753323,0.0008417549985995713
2017-01-05 01:00:00,-0.901708013002678,0.0006352495658477495
2017-01-05 01:00:00,1.4445921044823442,-0.0013510662133704914
2017-01-05 01:00:00,-0.026125565144711215,0.0004461729189628747
2017-01-05 01:00:00,-0.2155854400308142,-0.00045904200981015914
2017-01-05 01:00:00,-1.5051765747941899,0.0026549832131182475
2017-01-05 01:00:00,-1.5369284297173815,0.0027256431292036285
2017-01-05 01:00:00,-0.44786822762140616,0.0004177835033697573
2017-01-05 01:00:00,0.4530019394098449,-0.0007579863912613327
2017-01-05 01:00:00,0.16929593293130274,-4.496930189206051e-05
2017-01-05 01:00:00,1.3185364355153406,-0.0008413031743264779
2017-01-05 01:00:00,1.5318507393138487,-0.0005364685019083477
2017-01-05 01:00:00,-0.5915482108157869,0.000727829214899145
2017-01-05 01:00:00,0.1920182580815448,-0.0072563893374825595
2017-01-05 01:00:00,1.814488995276325,-0.00206276613209927
2017-01-05 01:00:00,-0.7836974947556885,0.0038796631648233605
2017-01-05 01:00:00,0.29762107496442314,0.002731571979387794
2017-01-05 01:00:00,0.037494338197927524,0.008193280931411234
2017-01-05 01:00:00,-0.7508494888850382,0.07345745236361323
2017-01-05 01:00:00,1.066360458477869,0.005192887603216404
2017-01-05 01:00:00,2.180476155860503,-0.012515721278389956
2017-01-05 01:00:00,0.06494022839050713,0.0038415012986042947
2017-01-05 01:00:00,0.4266096507421088,-0.04470573117235995
2017-01-05 01:00:00,0.3203537831246758,0.003477412610365017
2017-01-05 01:00:00,1.890915926104508,-0.003652185577294716
2017-01-05 01:00:00,0.39205722045718605,-0.0008188731147912687
2017-01-05 01:00:00,0.26777171130104527,-0.0012918340072051318
2017-01-05 01:00:00,0.22866025464256057,0.0002911457613883947
2017-01-05 02:00:00,-0.6219495236109097,0.0010940158648261348
2017-01-05 02:00:00,-0.6570612384219672,0.006411482816623993
2017-01-05 02:00:00,1.0625021159721952,-0.008180132477118567
2017-01-05 02:00:00,0.8610515671812852,-0.0013189375639613683
2017-01-05 02:00:00,-0.6890036335273387,0.008327410997077785
2017-01-05 02:00:00,1.7353672856482565,-0.012767056031785719
2017-01-05 02:00:00,0.827816460578363,0.003187970205131084
2017-01-05 02:00:00,-1.2550070794473873,0.009317819476441652
2017-01-05 02:00:00,-0.2327001170971872,0.001217501297346659
2017-01-05 02:00:00,-0.8003642258709129,0.0013138531625430556
2017-01-05 02:00:00,-0.9575796497996629,0.0010407095617603716
2017-01-05 02:00:00,-1.2105165859925846,0.0018331575984282945
2017-01-05 02:00:00,0.04209989708333782,0.00012595973601259828
2017-01-05 02:00:00,1.6854053442285661,-0.6725967952917687
2017-01-05 02:00:00,2.938338194890334,0.7254817554107093
2017-01-05 02:00:00,1.3478689654583138,0.0001577707109484576
2017-01-05 02:00:00,1.9919875392636262,-0.11312790317148765
2017-01-05 02:00:00,-0.3700958942625616,0.0004430889243641167
2017-01-05 02:00:00,-0.3521245988476492,-0.0004319021870976856
2017-01-05 02:00:00,0.8098597905802628,-0.00016296061995434255
2017-01-05 02:00:00,-0.8120960347293561,0.0031604561297989544
2017-01-05 02:00:00,-1.5426819305038009,0.013645551889122306
2017-01-05 02:00:00,2.854796933763637,-0.0014658532550964806
2017-01-05 02:00:00,0.3711468284445908,-2.6068050908500853e-05
2017-01-05 02:00:00,1.6945233065551146,4.7255180068064206e-05
2017-01-05 02:00:00,3.2617801090456866,-0.0014620893898706834
2017-01-05 02:00:00,-0.029644968297415614,0.0008493403736599335
2017-01-05 02:00:00,-0.9951942800176472,0.0006398007908839668
2017-01-05 02:00:00,1.210876436944921,-0.0013396881507799481
2017-01-05 02:00:00,-0.3533274996971039,0.00046210220658963677
2017-01-05 02:00:00,-0.35581484055326834,-0.00045221517225583314
2017-01-05 02:00:00,-1.5207576192966847,0.0026557417506242837
2017-01-05 02:00:00,-1.5369284297173815,0.0027256431292036285
2017-01-05 02:00:00,-0.5569355391388707,0.00042309326591201255
2017-01-05 02:00:00,0.29719149438489606,-0.0007504010162009705
2017-01-05 02:00:00,0.029066532408848787,-3.8142464337734565e-05
2017-01-05 02:00:00,1.1783070349928866,-0.000834476336772152
2017-01-05 02:00:00,1.4072023832938896,-0.0005304002018600562
2017-01-05 02:00:00,-0.6382913443232715,0.0007301048274172536
2017-01-05 02:00:00,0.11411303556907045,-0.007252596649952378
2017-01-05 02:00:00,1.674259594753871,-0.002055939294544944
2017-01-05 02:00:00,-0.7992785392581835,0.0038804217023293967
2017-01-05 02:00:00,0.20413480794945396,0.002736123204424013
2017-01-05 02:00:00,-0.02482983981205202,0.008196315081435378
2017-01-05 02:00:00,-0.8131736668950178,0.07346048651363737
2017-01-05 02:00:00,0.8793879244479292,0.0052019900532888404
2017-01-05 02:00:00,1.8688552658106061,-0.012500550528269231
2017-01-05 02:00:00,-0.05970812762945198,0.0038475695986525844
2017-01-05 02:00:00,0.3019612947221497,-0.04469966287231166
2017-01-05 02:00:00,0.10221916008974759,0.0034880321354495256
2017-01-05 02:00:00,1.7351054810795592,-0.003644600202234352
2017-01-05 02:00:00,0.267408864437227,-0.0008128048147429773
2017-01-05 02:00:00,0.22102857779356075,-0.0012895583946870232
2017-01-05 02:00:00,0.18191712113507594,0.00029342137390650334
2017-01-05 03:00:00,-0.6531116126158995,0.0010955329398382072
2017-01-05 03:00:00,-0.7038043719294519,0.0064137584291421015
2017-01-05 03:00:00,1.0313400269672053,-0.008178615402106494
2017-01-05 03:00:00,0.7364032111613261,-0.0013128692639130786
2017-01-05 03:00:00,-0.7045846780298336,0.008328169534583822
2017-01-05 03:00:00,1.6262999741307922,-0.012761746269243465
2017-01-05 03:00:00,0.7343301935633937,0.0031925214301673013
2017-01-05 03:00:00,-1.2705881239498822,0.009318578013947688
2017-01-05 03:00:00,-0.2327001170971872,0.001217501297346659
2017-01-05 03:00:00,-0.8003642258709129,0.0013138531625430556
2017-01-05 03:00:00,-0.9731606943021577,0.0010414680992664078
2017-01-05 03:00:00,-1.2105165859925846,0.0018331575984282945
2017-01-05 03:00:00,-0.020224280926641722,0.00012899388603674489
2017-01-05 03:00:00,1.5295948992036172,-0.6725892099167083
2017-01-05 03:00:00,2.7046225273529108,0.7254931334732998
2017-01-05 03:00:00,1.192058520433365,0.00016535608600881977
2017-01-05 03:00:00,1.8361770942386775,-0.11312031779642728
2017-01-05 03:00:00,-0.3700958942625616,0.0004430889243641167
2017-01-05 03:00:00,-0.5079350438725982,-0.0004243168120373217
2017-01-05 03:00:00,0.654049345555314,-0.00015537524489397865
2017-01-05 03:00:00,-0.8120960347293561,0.0031604561297989544
2017-01-05 03:00:00,-1.5426819305038009,0.013645551889122306
2017-01-05 03:00:00,2.730148577743678,-0.001459784955048191
2017-01-05 03:00:00,0.32440369493710614,-2.3792438390392203e-05
2017-01-05 03:00:00,1.6010370395401452,5.1806405104281505e-05
2017-01-05 03:00:00,3.090388619518243,-0.001453745477304285
2017-01-05 03:00:00,-0.029644968297415614,0.0008493403736599335
2017-01-05 03:00:00,-0.9951942800176472,0.0006398007908839668
2017-01-05 03:00:00,1.210876436944921,-0.0013396881507799481
2017-01-05 03:00:00,-0.3533274996971039,0.00046210220658963677
2017-01-05 03:00:00,-0.35581484055326834,-0.00045221517225583314
2017-01-05 03:00:00,-1.5207576192966847,0.0026557417506242837
2017-01-05 03:00:00,-1.5369284297173815,0.0027256431292036285
2017-01-05 03:00:00,-0.5569355391388707,0.00042309326591201255
2017-01-05 03:00:00,0.29719149438489606,-0.0007504010162009705
2017-01-05 03:00:00,-0.11116286811360512,-3.1315626783408616e-05
2017-01-05 03:00:00,1.0380776344704328,-0.0008276494992178243
2017-01-05 03:00:00,1.2669729827714358,-0.0005235733643057303
2017-01-05 03:00:00,-0.6850344778307562,0.0007323804399353623
2017-01-05 03:00:00,0.08295094656408067,-0.007251079574940306
2017-01-05 03:00:00,1.534030194231417,-0.002049112456990618
2017-01-05 03:00:00,-0.8148595837606784,0.003881180239835433
2017-01-05 03:00:00,0.11064854093448469,0.00274067442946023
2017-01-05 03:00:00,-0.02482983981205202,0.008196315081435378
2017-01-05 03:00:00,-0.8131736668950178,0.07346048651363737
2017-01-05 03:00:00,0.8793879244479292,0.0052019900532888404
2017-01-05 03:00:00,1.8688552658106061,-0.012500550528269231
2017-01-05 03:00:00,-0.05970812762945198,0.0038475695986525844
2017-01-05 03:00:00,0.3019612947221497,-0.04469966287231166
2017-01-05 03:00:00,0.10221916008974759,0.0034880321354495256
2017-01-05 03:00:00,1.5481329470496206,-0.0036354977521619175
2017-01-05 03:00:00,0.18950364192475275,-0.0008090121272127962
2017-01-05 03:00:00,0.1587043997835812,-0.0012865242446628783
2017-01-05 03:00:00,0.13517398762759128,0.000295696986424612
2017-01-05 04:00:00,-0.6375305681134046,0.001094774402332171
2017-01-05 04:00:00,-0.7193854164319468,0.006414516966648138
2017-01-05 04:00:00,0.9378537599522349,-0.008174064177070277
2017-01-05 04:00:00,0.8143084336738005,-0.0013166619514432597
2017-01-05 04:00:00,-0.642260500019854,0.008325135384559677
2017-01-05 04:00:00,1.6262999741307922,-0.012761746269243465
2017-01-05 04:00:00,0.6720060155534141,0.0031955555801914466
2017-01-05 04:00:00,-1.2705881239498822,0.009318578013947688
2017-01-05 04:00:00,-0.26386220610217714,0.0012190183723587314
2017-01-05 04:00:00,-0.8159452703734078,0.0013146117000490919
2017-01-05 04:00:00,-0.9887417388046527,0.001042226636772444
2017-01-05 04:00:00,-1.2260976304950795,0.0018339161359343307
2017-01-05 04:00:00,-0.08254845893662123,0.00013202803606088975
2017-01-05 04:00:00,1.5295948992036172,-0.6725892099167083
2017-01-05 04:00:00,2.4709068598154875,0.7255045115358904
2017-01-05 04:00:00,1.036248075408416,0.00017294146106918194
2017-01-05 04:00:00,1.6803666492137286,-0.11311273242136692
2017-01-05 04:00:00,-0.3700958942625616,0.0004430889243641167
2017-01-05 04:00:00,-0.5079350438725982,-0.0004243168120373217
2017-01-05 04:00:00,0.5761441230428396,-0.00015158255736379757
2017-01-05 04:00:00,-0.8432581237343458,0.003161973204811027
2017-01-05 04:00:00,-1.5582629750062957,0.013646310426628342
2017-01-05 04:00:00,1.0941389049817158,-0.0013801385169143812
2017-01-05 04:00:00,0.24649847242463188,-1.9999750860209386e-05
2017-01-05 04:00:00,1.6010370395401452,5.1806405104281505e-05
2017-01-05 04:00:00,2.9345781744932937,-0.0014461601022439212
2017-01-05 04:00:00,-0.045226012799910495,0.0008500989111659697
2017-01-05 04:00:00,-1.010775324520141,0.000640559328390003
2017-01-05 04:00:00,1.179714347939931,-0.0013381710757678757
2017-01-05 04:00:00,-0.3533274996971039,0.00046210220658963677
2017-01-05 04:00:00,-0.35581484055326834,-0.00045221517225583314
2017-01-05 04:00:00,-1.5051765747941899,0.0026549832131182475
2017-01-05 04:00:00,-1.5369284297173815,0.0027256431292036285
2017-01-05 04:00:00,-0.5569355391388707,0.00042309326591201255
2017-01-05 04:00:00,0.2816104498824012,-0.0007496424786949343
2017-01-05 04:00:00,-0.12674391261610007,-3.0557089277370665e-05
2017-01-05 04:00:00,0.9601724119579569,-0.000823856811687643
2017-01-05 04:00:00,1.2046488047614563,-0.0005205392142815854
2017-01-05 04:00:00,-0.6850344778307562,0.0007323804399353623
2017-01-05 04:00:00,0.05178885755909086,-0.0072495624999282336
2017-01-05 04:00:00,1.4717060162214375,-0.0020460783069664733
2017-01-05 04:00:00,-0.8304406282631732,0.003881938777341469
2017-01-05 04:00:00,0.048324362924505135,0.002743708579484375
2017-01-05 04:00:00,0.006332249192937732,0.008194798006423306
2017-01-05 04:00:00,-0.8131736668950178,0.07346048651363737
2017-01-05 04:00:00,0.8170637464379498,0.005205024203312985
2017-01-05 04:00:00,1.744206909790647,-0.01249448222822094
2017-01-05 04:00:00,-0.15319439464442133,0.0038521208236888035
2017-01-05 04:00:00,0.27079920571715993,-0.04469814579729959
2017-01-05 04:00:00,0.07105707108475781,0.003489549210461598
2017-01-05 04:00:00,1.5325519025471257,-0.0036347392146558813
2017-01-05 04:00:00,0.15834155291976296,-0.0008074950522007238
2017-01-05 04:00:00,0.0963802217736017,-0.0012834900946387335
2017-01-05 04:00:00,0.07284980961761178,0.00029873113644875686
2017-01-05 05:00:00,-0.6063684791084148,0.0010932573273200986
2017-01-05 05:00:00,-0.7193854164319468,0.006414516966648138
2017-01-05 05:00:00,1.4208661395295774,-0.008197578839757401
2017-01-05 05:00:00,1.8270763263359695,-0.001365966889335619
2017-01-05 05:00:00,-0.5331931885023898,0.008319825622017423
2017-01-05 05:00:00,1.4549084846033487,-0.012753402356677065
2017-01-05 05:00:00,0.7654922825683834,0.003191004355155229
2017-01-05 05:00:00,-1.2705881239498822,0.009318578013947688
2017-01-05 05:00:00,-0.279443250604672,0.0012197769098647676
2017-01-05 05:00:00,-0.8003642258709129,0.0013138531625430556
2017-01-05 05:00:00,-0.9887417388046527,0.001042226636772444
2017-01-05 05:00:00,-1.2260976304950795,0.0018339161359343307
2017-01-05 05:00:00,-0.08254845893662123,0.00013202803606088975
2017-01-05 05:00:00,1.5295948992036172,-0.6725892099167083
2017-01-05 05:00:00,2.315096414790539,0.7255120969109508
2017-01-05 05:00:00,0.9583428528959405,0.00017673414859936475
2017-01-05 05:00:00,1.6803666492137286,-0.11311273242136692
2017-01-05 05:00:00,-0.3700958942625616,0.0004430889243641167
2017-01-05 05:00:00,-0.4300298213601236,-0.00042810949956750453
2017-01-05 05:00:00,0.5761441230428396,-0.00015158255736379757
2017-01-05 05:00:00,-0.8588391682368407,0.003162731742317063
2017-01-05 05:00:00,-1.5426819305038009,0.013645551889122306
2017-01-05 05:00:00,1.0941389049817158,-0.0013801385169143812
2017-01-05 05:00:00,0.24649847242463188,-1.9999750860209386e-05
2017-01-05 05:00:00,1.6010370395401452,5.1806405104281505e-05
2017-01-05 05:00:00,2.9345781744932937,-0.0014461601022439212
2017-01-05 05:00:00,-0.060807057302405376,0.0008508574486720059
2017-01-05 05:00:00,-0.9484511465101627,0.0006375251783658581
2017-01-05 05:00:00,1.2576195704524056,-0.0013419637632980568
2017-01-05 05:00:00,0.02061756836277344,0.0004438973064447663
2017-01-05 05:00:00,-0.43372006306574273,-0.00044842248472565206
2017-01-05 05:00:00,-1.5207576192966847,0.0026557417506242837
2017-01-05 05:00:00,-1.5369284297173815,0.0027256431292036285
2017-01-05 05:00:00,-0.6036786726463553,0.0004253688784301212
2017-01-05 05:00:00,0.3283535833898858,-0.0007519180912130429
2017-01-05 05:00:00,0.13813384392631298,-4.345222687998808e-05
2017-01-05 05:00:00,0.8822671894454825,-0.0008200641241574619
2017-01-05 05:00:00,1.1111625377464869,-0.0005159879892453681
2017-01-05 05:00:00,-0.7785207448457254,0.0007369316649715796
2017-01-05 05:00:00,0.05178885755909086,-0.0072495624999282336
2017-01-05 05:00:00,1.4717060162214375,-0.0020460783069664733
2017-01-05 05:00:00,-0.8304406282631732,0.003881938777341469
2017-01-05 05:00:00,0.048324362924505135,0.002743708579484375
2017-01-05 05:00:00,-0.02482983981205202,0.008196315081435378
2017-01-05 05:00:00,-0.7196873998800485,0.07345593528860116
2017-01-05 05:00:00,0.8482258354429395,0.005203507128300913
2017-01-05 05:00:00,1.7130448207856572,-0.012492965153208867
2017-01-05 05:00:00,-0.09087021663444173,0.003849086673664657
2017-01-05 05:00:00,0.27079920571715993,-0.04469814579729959
2017-01-05 05:00:00,0.07105707108475781,0.003489549210461598
2017-01-05 05:00:00,1.5325519025471257,-0.0036347392146558813
2017-01-05 05:00:00,0.15834155291976296,-0.0008074950522007238
2017-01-05 05:00:00,0.0963802217736017,-0.0012834900946387335
2017-01-05 05:00:00,0.07284980961761178,0.00029873113644875686
2017-01-05 06:00:00,-0.6219495236109097,0.0010940158648261348
2017-01-05 06:00:00,-0.7038043719294519,0.0064137584291421015
2017-01-05 06:00:00,1.498771362042052,-0.008201371527287584
2017-01-05 06:00:00,2.24776452790333,-0.0013864474019985985
2017-01-05 06:00:00,-0.3929637879799358,0.008312998784463097
2017-01-05 06:00:00,1.532813707115823,-0.012757195044207246
2017-01-05 06:00:00,0.9213027275933323,0.0031834189800948667
2017-01-05 06:00:00,-1.2705881239498822,0.009318578013947688
2017-01-05 06:00:00,-0.279443250604672,0.0012197769098647676
2017-01-05 06:00:00,-0.8003642258709129,0.0013138531625430556
2017-01-05 06:00:00,-0.9887417388046527,0.001042226636772444
2017-01-05 06:00:00,-1.2260976304950795,0.0018339161359343307
2017-01-05 06:00:00,-0.1604536814490957,0.00013582072359107073
2017-01-05 06:00:00,1.5919190772135967,-0.6725922440667325
2017-01-05 06:00:00,2.4553258153129924,0.7255052700733964
2017-01-05 06:00:00,1.036248075408416,0.00017294146106918194
2017-01-05 06:00:00,1.6492045602087388,-0.11311121534635485
2017-01-05 06:00:00,-0.3700958942625616,0.0004430889243641167
2017-01-05 06:00:00,-0.36770564335014405,-0.0004311436495916494
2017-01-05 06:00:00,0.5917251675453346,-0.0001523410948698338
2017-01-05 06:00:00,-0.9055823017443254,0.0031650073548351735
2017-01-05 06:00:00,-1.5582629750062957,0.013646310426628342
2017-01-05 06:00:00,2.231555153663842,-0.0014355117548550303
2017-01-05 06:00:00,0.23091742792213696,-1.924121335417317e-05
2017-01-05 06:00:00,1.6321991285451352,5.028933009220907e-05
2017-01-05 06:00:00,2.5294710174284267,-0.0014264381270869782
2017-01-05 06:00:00,-0.09196914630739511,0.0008523745236840783
2017-01-05 06:00:00,-0.7458975679777291,0.0006276641907873856
2017-01-05 06:00:00,1.179714347939931,-0.0013381710757678757
2017-01-05 06:00:00,0.30107636940768123,0.0004302436313361124
2017-01-05 06:00:00,-0.41813901856324787,-0.00044918102223168827
2017-01-05 06:00:00,-1.5363386637991794,0.00265650028813032
2017-01-05 06:00:00,-1.5369284297173815,0.0027256431292036285
2017-01-05 06:00:00,-0.6192597171488502,0.0004261274159361574
2017-01-05 06:00:00,0.14138104935994733,-0.0007428156411406066
2017-01-05 06:00:00,0.3406874224587464,-5.331321445846063e-05
2017-01-05 06:00:00,0.6329704774055643,-0.0008079275240608807
2017-01-05 06:00:00,0.7527985141891033,-0.0004985416266065334
2017-01-05 06:00:00,-0.8720070118606948,0.0007414828900077969
2017-01-05 06:00:00,-0.1351836764708478,-0.007240460049855797
2017-01-05 06:00:00,1.2847334821914989,-0.002036975856894037
2017-01-05 06:00:00,-0.6746301832382243,0.003874353402281107
2017-01-05 06:00:00,-0.1386481711054335,0.002752811029556811
2017-01-05 06:00:00,-0.055991928817041785,0.00819783215644745
2017-01-05 06:00:00,-0.7508494888850382,0.07345745236361323
2017-01-05 06:00:00,0.8482258354429395,0.005203507128300913
2017-01-05 06:00:00,1.6818827317806675,-0.012491448078196795
2017-01-05 06:00:00,-0.05970812762945198,0.0038475695986525844
2017-01-05 06:00:00,0.27079920571715993,-0.04469814579729959
2017-01-05 06:00:00,0.2268675161097066,0.003481963835401236
2017-01-05 06:00:00,1.4546466800346514,-0.0036309465271256985
2017-01-05 06:00:00,0.08043633040728859,-0.0008037023646705427
2017-01-05 06:00:00,0.0963802217736017,-0.0012834900946387335
2017-01-05 06:00:00,0.15075503213008615,0.0002949384489185758
2017-01-05 07:00:00,-0.6531116126158995,0.0010955329398382072
2017-01-05 07:00:00,-0.7972906389444212,0.006418309654178319
2017-01-05 07:00:00,1.5922576290570212,-0.008205922752323801
2017-01-05 07:00:00,1.9673057268584235,-0.001372793726889945
2017-01-05 07:00:00,-0.4241258769849256,0.00831451585947517
2017-01-05 07:00:00,1.5172326626133281,-0.01275643650670121
2017-01-05 07:00:00,0.7654922825683834,0.003191004355155229
2017-01-05 07:00:00,-1.2705881239498822,0.009318578013947688
2017-01-05 07:00:00,-0.43525369562962085,0.0012273622849251315
2017-01-05 07:00:00,-0.8003642258709129,0.0013138531625430556
2017-01-05 07:00:00,-1.0666469613171257,0.0010460193243026251
2017-01-05 07:00:00,-1.2260976304950795,0.0018339161359343307
2017-01-05 07:00:00,-0.26952099296656007,0.00014113048613332424
2017-01-05 07:00:00,0.9998393861187905,-0.6725634196415031
2017-01-05 07:00:00,1.987894480238147,0.7255280261985775
2017-01-05 07:00:00,0.6467219628460428,0.00019190489872009082
2017-01-05 07:00:00,1.1038680026214178,-0.11308466653364359
2017-01-05 07:00:00,-0.3700958942625616,0.0004430889243641167
2017-01-05 07:00:00,-0.21189519832519507,-0.00043872902465201156
2017-01-05 07:00:00,0.2956853219979319,-0.00013792888225514565
2017-01-05 07:00:00,-0.9367443907493151,0.003166524429847246
2017-01-05 07:00:00,-1.5738440195087908,0.013647068964134378
2017-01-05 07:00:00,1.90435321911145,-0.001419582467228268
2017-01-05 07:00:00,0.16859324991215743,-1.6207063330028304e-05
2017-01-05 07:00:00,2.255440908644929,1.9947829850756936e-05
2017-01-05 07:00:00,0.01709816521006904,0.0008470647611418248
2017-01-05 07:00:00,-0.21614205489290272,0.0006018739155821525
2017-01-05 07:00:00,0.9927418139099913,-0.0013290686256954393
2017-01-05 07:00:00,1.142452772542406,0.00038928260601015326
2017-01-05 07:00:00,-0.402557974060753,-0.0004499395597377245
2017-01-05 07:00:00,-1.5207576192966847,0.0026557417506242837
2017-01-05 07:00:00,-1.5525094742198764,0.0027264016667096647
2017-01-05 07:00:00,-0.5569355391388707,0.00042309326591201255
2017-01-05 07:00:00,0.3906777613998653,-0.0007549522412371878
2017-01-05 07:00:00,0.41859264497122084,-5.710590198864171e-05
2017-01-05 07:00:00,0.5083221213856053,-0.000801859224012591
2017-01-05 07:00:00,0.6437312026716391,-0.0004932318640642783
2017-01-05 07:00:00,-0.965493278875664,0.0007460341150440159
2017-01-05 07:00:00,-0.08844054296336307,-0.007242735662373908
2017-01-05 07:00:00,0.9107884141316203,-0.002018770956749166
2017-01-05 07:00:00,-0.6434680942332346,0.0038728363272690345
2017-01-05 07:00:00,-0.2788775716278876,0.002759637867111137
2017-01-05 07:00:00,-0.08715401782203154,0.008199349231459523
2017-01-05 07:00:00,-0.8754978449049974,0.07346352066366152
2017-01-05 07:00:00,0.41195658937308294,0.005224746178469929
2017-01-05 07:00:00,1.30793766372079,-0.012473243178051924
2017-01-05 07:00:00,-0.24668066165939062,0.0038566720487250208
2017-01-05 07:00:00,-0.040821684332737626,-0.044682975047178865
2017-01-05 07:00:00,0.039894982079768,0.0034910662854736704
2017-01-05 07:00:00,1.4546466800346514,-0.0036309465271256985
2017-01-05 07:00:00,-0.21560351514011428,-0.0007892901520558528
2017-01-05 07:00:00,0.04963708826611702,-0.0012812144821206248
2017-01-05 07:00:00,0.11959294312509643,0.0002964555239306482
2017-01-05 08:00:00,-0.5284632565959404,0.0010894646397899158
2017-01-05 08:00:00,-0.7505475054369365,0.00641603404166021
2017-01-05 08:00:00,1.9506216526144036,-0.008223369114962636
2017-01-05 08:00:00,1.4998743917835768,-0.0013500376017088567
2017-01-05 08:00:00,-0.25273438745748183,0.008306171946908768
2017-01-05 08:00:00,1.7353672856482565,-0.012767056031785719
2017-01-05 08:00:00,0.6720060155534141,0.0031955555801914466
2017-01-05 08:00:00,-1.2550070794473873,0.009317819476441652
2017-01-05 08:00:00,-0.5910641406545698,0.0012349476599854937
2017-01-05 08:00:00,-0.7692021368659232,0.0013123360875309832
2017-01-05 08:00:00,-1.0666469613171257,0.0010460193243026251
2017-01-05 08:00:00,-1.2260976304950795,0.0018339161359343307
2017-01-05 08:00:00,0.05768094158583271,0.00012520119850656207
2017-01-05 08:00:00,0.9842583416162949,-0.6725626611039971
2017-01-05 08:00:00,2.0969617917556103,0.7255227164360352
2017-01-05 08:00:00,0.8025324078709916,0.00018431952365972692
2017-01-05 08:00:00,0.9792196466014577,-0.11307859823359528
2017-01-05 08:00:00,-0.30777171625258204,0.0004400547743399718
2017-01-05 08:00:00,-0.08724684230523595,-0.000444797324700303
2017-01-05 08:00:00,0.2956853219979319,-0.00013792888225514565
2017-01-05 08:00:00,-0.7809339457243663,0.003158939054786882
2017-01-05 08:00:00,-1.5738440195087908,0.013647068964134378
2017-01-05 08:00:00,1.9978394861264193,-0.0014241336922644853
2017-01-05 08:00:00,0.38672787294708566,-2.682658841453707e-05
2017-01-05 08:00:00,2.598223887699817,3.2600047179584417e-06
2017-01-05 08:00:00,2.1243638603635597,-0.0014067161519300349
2017-01-05 08:00:00,0.12616547672753323,0.0008417549985995713
2017-01-05 08:00:00,0.5629101702318412,0.0005639470402803382
2017-01-05 08:00:00,1.179714347939931,-0.0013381710757678757
2017-01-05 08:00:00,2.279869021224532,0.0003339093680695047
2017-01-05 08:00:00,-0.2000043955283193,-0.00045980054731619536
2017-01-05 08:00:00,-1.0803637371594599,0.0008547318034478095
2017-01-05 08:00:00,-1.5051765747941899,0.0026549832131182475
2017-01-05 08:00:00,-1.5369284297173815,0.0027256431292036285
2017-01-05 08:00:00,-0.38554404961142663,0.00041474935334561244
2017-01-05 08:00:00,0.8269470074697219,-0.0007761912914062036
2017-01-05 08:00:00,0.5120789119861899,-6.165712702485901e-05
2017-01-05 08:00:00,0.4615789878781208,-0.0007995836114944823
2017-01-05 08:00:00,0.7060553806816185,-0.0004962660140884247
2017-01-05 08:00:00,-0.9187501453681793,0.0007437585025259072
2017-01-05 08:00:00,0.1296940800715653,-0.007253355187458415
2017-01-05 08:00:00,1.0821799036590651,-0.002027114869315566
2017-01-05 08:00:00,-0.6278870497307397,0.0038720777897629983
2017-01-05 08:00:00,-0.3256207051353723,0.0027619134796292456
2017-01-05 08:00:00,-0.1183161068270213,0.008200866306471596
2017-01-05 08:00:00,-0.8754978449049974,0.07346352066366152
2017-01-05 08:00:00,0.5989291234030213,0.005215643728397494
2017-01-05 08:00:00,1.744206909790647,-0.01249448222822094
2017-01-05 08:00:00,-0.09087021663444173,0.003849086673664657
2017-01-05 08:00:00,0.14615084969720096,-0.0446920774972513
2017-01-05 08:00:00,-0.08475337394019104,0.00349713458552196
2017-01-05 08:00:00,1.9220780151094978,-0.0036537026523067884
2017-01-05 08:00:00,-0.059793070115165395,-0.0007968755271162167
2017-01-05 08:00:00,0.672878868365912,-0.001311555982362077
2017-01-05 08:00:00,0.49353801118497354,0.0002782506237857773
2017-01-05 09:00:00,-0.5440443010984353,0.001090223177295952
2017-01-05 09:00:00,-0.7193854164319468,0.006414516966648138
2017-01-05 09:00:00,1.8727164301019292,-0.008219576427432453
2017-01-05 09:00:00,1.4219691692711025,-0.0013462449141786756
2017-01-05 09:00:00,-0.2994775209649665,0.00830844755942688
2017-01-05 09:00:00,1.9067587751757002,-0.012775399944352117
2017-01-05 09:00:00,0.20457468047856783,0.003218311705372535
2017-01-05 09:00:00,-1.2394260349448925,0.009317060938935615
2017-01-05 09:00:00,-0.5754830961520748,0.0012341891224794575
2017-01-05 09:00:00,-0.8003642258709129,0.0013138531625430556
2017-01-05 09:00:00,-1.0666469613171257,0.0010460193243026251
2017-01-05 09:00:00,-1.2260976304950795,0.0018339161359343307
2017-01-05 09:00:00,0.151167208600802,0.00012064997347034478
2017-01-05 09:00:00,0.9998393861187905,-0.6725634196415031
2017-01-05 09:00:00,2.5955552158354465,0.725498443235842
2017-01-05 09:00:00,0.5532356958310735,0.00019645612375630812
2017-01-05 09:00:00,0.9792196466014577,-0.11307859823359528
2017-01-05 09:00:00,-0.26102858274509744,0.00043777916182186316
2017-01-05 09:00:00,0.006239424709733307,-0.0004493485497365203
2017-01-05 09:00:00,0.3735905445104063,-0.00014172156978532673
2017-01-05 09:00:00,-0.687447678709397,0.0031543878297506647
2017-01-05 09:00:00,-1.5582629750062957,0.013646310426628342
2017-01-05 09:00:00,1.919934263613945,-0.0014203410047343042
2017-01-05 09:00:00,0.480214139962055,-3.1377813450754585e-05
2017-01-05 09:00:00,2.847520599739735,-8.876595378621024e-06
2017-01-05 09:00:00,2.139944904866055,-0.001407474689436071
2017-01-05 09:00:00,0.26639487724998706,0.0008349281610452436
2017-01-05 09:00:00,0.8745310602817389,0.0005487762901596121
2017-01-05 09:00:00,1.2887816594573953,-0.0013434808383101292
2017-01-05 09:00:00,2.5603278222694397,0.0003202556929608528
2017-01-05 09:00:00,-0.10651812851334995,-0.0004643517723524144
2017-01-05 09:00:00,-1.0336206036519753,0.0008524561909297009
2017-01-05 09:00:00,-1.4740144857892,0.002653466138106175
2017-01-05 09:00:00,-1.505766340712392,0.002724126054191556
2017-01-05 09:00:00,-0.2920577825964573,0.00041019812830939514
2017-01-05 09:00:00,0.7334607404547526,-0.0007716400663699863
2017-01-05 09:00:00,0.41859264497122084,-5.710590198864171e-05
2017-01-05 09:00:00,0.43041689887313106,-0.0007980665364824099
2017-01-05 09:00:00,0.7527985141891033,-0.0004985416266065334
2017-01-05 09:00:00,-0.9187501453681793,0.0007437585025259072
2017-01-05 09:00:00,0.1920182580815448,-0.0072563893374825595
2017-01-05 09:00:00,1.12892303716655,-0.002029390481833675
2017-01-05 09:00:00,-0.6123060052282449,0.003871319252256962
2017-01-05 09:00:00,-0.3256207051353723,0.0027619134796292456
2017-01-05 09:00:00,-0.08715401782203154,0.008199349231459523
2017-01-05 09:00:00,-0.8443357559000075,0.07346200358864945
2017-01-05 09:00:00,0.25614614434813404,0.005232331553530293
2017-01-05 09:00:00,1.8688552658106061,-0.012500550528269231
2017-01-05 09:00:00,0.06494022839050713,0.0038415012986042947
2017-01-05 09:00:00,0.0838266716872215,-0.044689043347227154
2017-01-05 09:00:00,0.07105707108475781,0.003489549210461598
2017-01-05 09:00:00,1.9532401041144876,-0.003655219727318861
2017-01-05 09:00:00,0.033693196899803886,-0.000801426752152434
2017-01-05 09:00:00,0.5949736458534377,-0.0013077632948318941
2017-01-05 09:00:00,0.5402811446924579,0.00027597501126766863
2017-01-05 10:00:00,-0.5596253456009302,0.0010909817148019882
2017-01-05 10:00:00,-0.688223327426957,0.006412999891636065
2017-01-05 10:00:00,1.888297474604424,-0.008220334964938491
2017-01-05 10:00:00,1.2661587242461536,-0.0013386595391183117
2017-01-05 10:00:00,-0.43970692148742047,0.008315274396981206
2017-01-05 10:00:00,2.078150264703143,-0.012783743856918517
2017-01-05 10:00:00,0.2824799029910422,0.0032145190178423538
2017-01-05 10:00:00,-1.2550070794473873,0.009317819476441652
2017-01-05 10:00:00,-0.5754830961520748,0.0012341891224794575
2017-01-05 10:00:00,-0.8003642258709129,0.0013138531625430556
2017-01-05 10:00:00,-1.0666469613171257,0.0010460193243026251
2017-01-05 10:00:00,-1.2260976304950795,0.0018339161359343307
2017-01-05 10:00:00,0.24465347561577133,0.00011609874843412747
2017-01-05 10:00:00,1.3114602761686887,-0.6725785903916238
2017-01-05 10:00:00,2.8748113267028117,8.343403535690156e-05
2017-01-05 10:00:00,1.0415438246114384,-0.11308163238361943
2017-01-05 10:00:00,1.5775346685493001,0.0003482717361095802
2017-01-05 10:00:00,0.20879300324216685,-0.0004592095373149912
2017-01-05 10:00:00,0.34242845550541656,-0.0001402044947732543
2017-01-05 10:00:00,-0.6095424561969226,0.0031505951422204836
2017-01-05 10:00:00,-1.5738440195087908,0.013647068964134378
2017-01-05 10:00:00,1.90435321911145,-0.001419582467228268
2017-01-05 10:00:00,0.5581193624745293,-3.517050098093567e-05
2017-01-05 10:00:00,2.8631016442422297,-9.635132884657242e-06
2017-01-05 10:00:00,2.233431171881024,-0.0014120259144722901
2017-01-05 10:00:00,0.20407069924000765,0.0008379623110693902
2017-01-05 10:00:00,0.9212741937892236,0.0005465006776415035
2017-01-05 10:00:00,1.4445921044823442,-0.0013510662133704914
2017-01-05 10:00:00,2.7473003562993785,0.00031115324288841646
2017-01-05 10:00:00,-0.09093708401085507,-0.0004651103098584506
2017-01-05 10:00:00,-1.0336206036519753,0.0008524561909297009
2017-01-05 10:00:00,-1.4895955302916948,0.0026542246756122113
2017-01-05 10:00:00,-1.5369284297173815,0.0027256431292036285
2017-01-05 10:00:00,-0.2608956935914676,0.0004086810532973227
2017-01-05 10:00:00,0.9048522299821964,-0.0007799839789363847
2017-01-05 10:00:00,0.8860239800460671,-7.986202716972994e-05
2017-01-05 10:00:00,0.5394842103905949,-0.0008033762990246634
2017-01-05 10:00:00,0.783960603194093,-0.0005000587016186058
2017-01-05 10:00:00,-0.9499122343731693,0.0007452755775379797
2017-01-05 10:00:00,0.2543424360915243,-0.007259423487506704
2017-01-05 10:00:00,1.113341992664055,-0.0020286319443276386
2017-01-05 10:00:00,-0.581143916223255,0.0038698021772448896
2017-01-05 10:00:00,-0.356782794140362,0.002763430554641318
2017-01-05 10:00:00,0.037494338197927524,0.008193280931411234
2017-01-05 10:00:00,-0.8754978449049974,0.07346352066366152
2017-01-05 10:00:00,0.31847032235811357,0.005229297403506146
2017-01-05 10:00:00,1.8688552658106061,-0.012500550528269231
2017-01-05 10:00:00,0.002616050380527534,0.0038445354486284396
2017-01-05 10:00:00,0.021502493677241892,-0.04468600919720301
2017-01-05 10:00:00,0.10221916008974759,0.0034880321354495256
2017-01-05 10:00:00,2.077888460134446,-0.0036612880273671506
2017-01-05 10:00:00,0.049274241402298774,-0.0008021852896584702
2017-01-05 10:00:00,0.6261357348584274,-0.0013092803698439666
2017-01-05 10:00:00,0.5558621891949528,0.0002752164737616324
2017-01-05 11:00:00,-0.4817201230884556,0.0010871890272718071
2017-01-05 11:00:00,-0.5947370604119877,0.006408448666599848
2017-01-05 11:00:00,2.028526875126877,-0.008227161802492817
2017-01-05 11:00:00,1.7647521483259898,-0.001362932739311474
2017-01-05 11:00:00,-0.3929637879799358,0.008312998784463097
2017-01-05 11:00:00,2.2651227987330818,-0.012792846306990952
2017-01-05 11:00:00,-0.06030307606384519,0.0032312068429751523
2017-01-05 11:00:00,-1.2550070794473873,0.009317819476441652
2017-01-05 11:00:00,-0.31060533960966175,0.00122129398487684
2017-01-05 11:00:00,-0.7224590033584385,0.0013100604750128728
2017-01-05 11:00:00,-0.9887417388046527,0.001042226636772444
2017-01-05 11:00:00,-1.2260976304950795,0.0018339161359343307
2017-01-05 11:00:00,0.32255869812824556,0.00011230606090394639
2017-01-05 11:00:00,1.3737844541786686,-0.6725816245416479
2017-01-05 11:00:00,2.3462585037955286,0.7255105798359386
2017-01-05 11:00:00,1.1297343424233852,0.00016839023603296464
2017-01-05 11:00:00,1.2129353141388821,-0.11308997629618583
2017-01-05 11:00:00,-0.16754231573012798,0.00043322793678564586
2017-01-05 11:00:00,0.23995509224715658,-0.0004607266123270636
2017-01-05 11:00:00,0.45149576702288075,-0.0001455142573155078
2017-01-05 11:00:00,-0.547218278186943,0.0031475609921963387
2017-01-05 11:00:00,-1.5582629750062957,0.013646310426628342
2017-01-05 11:00:00,1.9978394861264193,-0.0014241336922644853
2017-01-05 11:00:00,0.5581193624745293,-3.517050098093567e-05
2017-01-05 11:00:00,3.0656552227746636,-1.949612046312979e-05
2017-01-05 11:00:00,2.2490122163835187,-0.0014127844519783263
2017-01-05 11:00:00,0.3910432332699461,0.0008288598609969539
2017-01-05 11:00:00,0.9680173272967083,0.0005442250651233948
2017-01-05 11:00:00,1.5224973269948185,-0.0013548589009006742
2017-01-05 11:00:00,2.8096245343093575,0.0003081190928642716
2017-01-05 11:00:00,-0.01303186149838069,-0.0004689029973886317
2017-01-05 11:00:00,-1.064782692656965,0.0008539732659417733
2017-01-05 11:00:00,-1.4895955302916948,0.0026542246756122113
2017-01-05 11:00:00,-1.4590232072049072,0.0027218504416734474
2017-01-05 11:00:00,-0.13624733757150836,0.00040261275324903297
2017-01-05 11:00:00,1.0450816305046517,-0.0007868108164907124
2017-01-05 11:00:00,1.0418344250710174,-8.744740223009406e-05
2017-01-05 11:00:00,0.6329704774055643,-0.0008079275240608807
2017-01-05 11:00:00,0.8774468702090624,-0.0005046099266548231
2017-01-05 11:00:00,-0.9499122343731693,0.0007452755775379797
2017-01-05 11:00:00,0.28550452509651403,-0.0072609405625187785
2017-01-05 11:00:00,1.2224093041815192,-0.002033941706869892
2017-01-05 11:00:00,-0.581143916223255,0.0038698021772448896
2017-01-05 11:00:00,-0.31003966063287736,0.0027611549421232093
2017-01-05 11:00:00,0.1933047832228764,0.008185695556350871
2017-01-05 11:00:00,-0.8131736668950178,0.07346048651363737
2017-01-05 11:00:00,0.3807945003680931,0.005226263253482001
2017-01-05 11:00:00,1.9623415328255753,-0.012505101753305449
2017-01-05 11:00:00,0.06494022839050713,0.0038415012986042947
2017-01-05 11:00:00,0.14615084969720096,-0.0446920774972513
2017-01-05 11:00:00,0.19570542710471686,0.0034834809104133083
2017-01-05 11:00:00,-0.23118455964260914,-0.0007885316145498166
2017-01-05 11:00:00,0.3612579783160146,-0.0012963852322413509
2017-01-05 11:00:00,0.5558621891949528,0.0002752164737616324
2017-01-05 12:00:00,-0.7933410131383535,0.0011023597773925332
2017-01-05 12:00:00,-0.5947370604119877,0.006408448666599848
2017-01-05 12:00:00,1.7948112075894547,-0.008215783739902272
2017-01-05 12:00:00,0.1287424755640259,-0.0012832863011776627
2017-01-05 12:00:00,-0.4241258769849256,0.00831451585947517
2017-01-05 12:00:00,2.1872175762206076,-0.01278905361946077
2017-01-05 12:00:00,-0.06030307606384519,0.0032312068429751523
2017-01-05 12:00:00,-1.2550070794473873,0.009317819476441652
2017-01-05 12:00:00,-0.31060533960966175,0.00122129398487684
2017-01-05 12:00:00,-0.7068779588559436,0.0013093019375068366
2017-01-05 12:00:00,-0.9887417388046527,0.001042226636772444
2017-01-05 12:00:00,-1.2260976304950795,0.0018339161359343307
2017-01-05 12:00:00,0.05768094158583271,0.00012520119850656207
2017-01-05 12:00:00,1.451689676691143,-0.6725854172291782
2017-01-05 12:00:00,2.315096414790539,0.7255120969109508
2017-01-05 12:00:00,1.1141532979208904,0.00016914877353900085
2017-01-05 12:00:00,1.1817732251338922,-0.11308845922117376
2017-01-05 12:00:00,-0.18312336023262288,0.0004339864742916821
2017-01-05 12:00:00,0.2555361367496513,-0.00046148514983309984
2017-01-05 12:00:00,0.4982389005303654,-0.0001477898698336165
2017-01-05 12:00:00,-0.5316372336844482,0.0031468024546903025
2017-01-05 12:00:00,-1.5582629750062957,0.013646310426628342
2017-01-05 12:00:00,2.0134205306289132,-0.0014248922297705215
2017-01-05 12:00:00,0.5581193624745293,-3.517050098093567e-05
2017-01-05 12:00:00,3.0656552227746636,-1.949612046312979e-05
2017-01-05 12:00:00,2.4204037059109624,-0.0014211283645447247
2017-01-05 12:00:00,0.40662427777244103,0.0008281013234909177
2017-01-05 12:00:00,0.999179416301699,0.0005427079901113224
2017-01-05 12:00:00,1.5536594159998083,-0.0013563759759127466
2017-01-05 12:00:00,2.7784624453043683,0.000309636167876344
2017-01-05 12:00:00,0.0025491830041141908,-0.0004696615348946679
2017-01-05 12:00:00,-1.1894310486769242,0.0008600415659900631
2017-01-05 12:00:00,-1.5051765747941899,0.0026549832131182475
2017-01-05 12:00:00,-1.4434421627024125,0.002721091904167411
2017-01-05 12:00:00,-0.08950420406402365,0.0004003371407309226
2017-01-05 12:00:00,0.9983384969971656,-0.000784535203972602
2017-01-05 12:00:00,0.7302135350211183,-7.227665210936778e-05
2017-01-05 12:00:00,0.5706462993955848,-0.0008048933740367358
2017-01-05 12:00:00,0.8307037367015777,-0.0005023343141367145
2017-01-05 12:00:00,-0.9031691008656846,0.000742999965019871
2017-01-05 12:00:00,0.23876139158902943,-0.007258664950000668
2017-01-05 12:00:00,1.237990348684014,-0.0020347002443759283
2017-01-05 12:00:00,-0.581143916223255,0.0038698021772448896
2017-01-05 12:00:00,-0.26329652712539275,0.0027588793296051007
2017-01-05 12:00:00,-0.02482983981205202,0.008196315081435378
2017-01-05 12:00:00,-0.8131736668950178,0.07346048651363737
2017-01-05 12:00:00,0.41195658937308294,0.005224746178469929
2017-01-05 12:00:00,1.6507206427756778,-0.012489931003184723
2017-01-05 12:00:00,-0.15319439464442133,0.0038521208236888035
2017-01-05 12:00:00,0.0838266716872215,-0.044689043347227154
2017-01-05 12:00:00,0.16454333809972707,0.0034849979854253807
2017-01-05 12:00:00,1.470227724537146,-0.0036317050646317364
2017-01-05 12:00:00,-0.41815709367254794,-0.000779429164477382
2017-01-05 12:00:00,0.1587043997835812,-0.0012865242446628783
2017-01-05 12:00:00,-0.09854167990983195,0.00030707504901515524
2017-01-05 13:00:00,-0.9647325026657971,0.0011107036899589333
2017-01-05 13:00:00,-0.7349664609344416,0.006415275504154174
2017-01-05 13:00:00,1.7948112075894547,-0.008215783739902272
2017-01-05 13:00:00,1.5466175252910614,-0.0013523132142269653
2017-01-05 13:00:00,-0.5643552775073797,0.008321342697029496
2017-01-05 13:00:00,2.1560554872156175,-0.012787536544448698
2017-01-05 13:00:00,0.4071282590110013,0.003208450717794064
2017-01-05 13:00:00,-1.2550070794473873,0.009317819476441652
2017-01-05 13:00:00,-0.31060533960966175,0.00122129398487684
2017-01-05 13:00:00,-0.784783181368418,0.0013130946250370194
2017-01-05 13:00:00,-1.0666469613171257,0.0010460193243026251
2017-01-05 13:00:00,-1.2260976304950795,0.0018339161359343307
2017-01-05 13:00:00,-0.03580532542913661,0.0001297524235427811
2017-01-05 13:00:00,1.2491360981587092,-0.6725755562415997
2017-01-05 13:00:00,2.439744770810498,0.7255060286109024
2017-01-05 13:00:00,1.1141532979208904,0.00016914877353900085
2017-01-05 13:00:00,1.2440974031438716,-0.11309149337119791
2017-01-05 13:00:00,-0.12079918222264328,0.0004309523242675355
2017-01-05 13:00:00,0.20879300324216685,-0.0004592095373149912
2017-01-05 13:00:00,0.45149576702288075,-0.0001455142573155078
2017-01-05 13:00:00,-0.4848941001769633,0.003144526842172192
2017-01-05 13:00:00,-1.5582629750062957,0.013646310426628342
2017-01-05 13:00:00,2.1848120201563574,-0.0014332361423369199
2017-01-05 13:00:00,0.5892814514795192,-3.66875759930081e-05
2017-01-05 13:00:00,1.5387128615301657,5.484055512842637e-05
2017-01-05 13:00:00,2.4671468394184473,-0.0014234039770628334
2017-01-05 13:00:00,0.34430009976246145,0.0008311354735150625
2017-01-05 13:00:00,0.9835983717992031,0.0005434665276173586
2017-01-05 13:00:00,1.5069162824923237,-0.001354100363394638
2017-01-05 13:00:00,3.2458937803792143,0.0002868800426952558
2017-01-05 13:00:00,-0.028612906000875578,-0.0004681444598825955
2017-01-05 13:00:00,-0.9712964256419971,0.000849422040905556
2017-01-05 13:00:00,-1.4895955302916948,0.0026542246756122113
2017-01-05 13:00:00,-1.4590232072049072,0.0027218504416734474
2017-01-05 13:00:00,-0.10508524856651853,0.0004010956782369588
2017-01-05 13:00:00,0.9671764079921759,-0.0007830181289605296
2017-01-05 13:00:00,0.7302135350211183,-7.227665210936778e-05
2017-01-05 13:00:00,0.5706462993955848,-0.0008048933740367358
2017-01-05 13:00:00,0.783960603194093,-0.0005000587016186058
2017-01-05 13:00:00,-0.9031691008656846,0.000742999965019871
2017-01-05 13:00:00,0.1920182580815448,-0.0072563893374825595
2017-01-05 13:00:00,1.237990348684014,-0.0020347002443759283
2017-01-05 13:00:00,-0.581143916223255,0.0038698021772448896
2017-01-05 13:00:00,-0.1542292156079284,0.002753569567062847
2017-01-05 13:00:00,-0.1183161068270213,0.008200866306471596
2017-01-05 13:00:00,-0.8443357559000075,0.07346200358864945
2017-01-05 13:00:00,0.25614614434813404,0.005232331553530293
2017-01-05 13:00:00,1.4014239307357594,-0.012477794403088141
2017-01-05 13:00:00,-0.24668066165939062,0.0038566720487250208
2017-01-05 13:00:00,-0.10314586234271712,-0.04467994089715472
2017-01-05 13:00:00,0.16454333809972707,0.0034849979854253807
2017-01-05 13:00:00,1.376741457522177,-0.0036271538395955174
2017-01-05 13:00:00,-0.5116433606875174,-0.000774877939441163
2017-01-05 13:00:00,0.06521813276861191,-0.001281973019626661
2017-01-05 13:00:00,-0.16086585791981153,0.00031010919903930184
2017-01-05 14:00:00,-0.9491514581633024,0.0011099451524528953
2017-01-05 14:00:00,-0.7972906389444212,0.006418309654178319
2017-01-05 14:00:00,1.8415543410969395,-0.00821805935242038
2017-01-05 14:00:00,1.3752260357636177,-0.001343969301660567
2017-01-05 14:00:00,-0.7201657225323285,0.008328928072089858
2017-01-05 14:00:00,2.1248933982106277,-0.012786019469436626
2017-01-05 14:00:00,0.017602146448629234,0.003227414155444971
2017-01-05 14:00:00,-1.2550070794473873,0.009317819476441652
2017-01-05 14:00:00,-0.3885105621221362,0.0012250866724070229
2017-01-05 14:00:00,-1.267795560945758,0.0013366092877241434
2017-01-05 14:00:00,-1.0666469613171257,0.0010460193243026251
2017-01-05 14:00:00,-1.2260976304950795,0.0018339161359343307
2017-01-05 14:00:00,0.12000511959581227,0.0001221670484824172
2017-01-05 14:00:00,1.4672707211936376,-0.6725861757666842
2017-01-05 14:00:00,2.6734604383479206,0.7254946505483119
2017-01-05 14:00:00,1.3167068764533238,0.00015928778596053004
2017-01-05 14:00:00,1.4310699371738105,-0.11310059582127034
2017-01-05 14:00:00,-0.027312915207674014,0.00042640109923131796
2017-01-05 14:00:00,0.45808971528208486,-0.0004713461374115724
2017-01-05 14:00:00,0.6228872565503243,-0.00015385816988190622
2017-01-05 14:00:00,-0.40698887766448893,0.003140734154642011
2017-01-05 14:00:00,-1.5426819305038009,0.013645551889122306
2017-01-05 14:00:00,2.621081266226214,-0.0014544751925059374
2017-01-05 14:00:00,0.7762539855094577,-4.5790026065444433e-05
2017-01-05 14:00:00,3.2058846232971177,-2.632295801745574e-05
2017-01-05 14:00:00,2.8722539964833143,-0.0014431259522197763
2017-01-05 14:00:00,0.40662427777244103,0.0008281013234909177
2017-01-05 14:00:00,0.999179416301699,0.0005427079901113224
2017-01-05 14:00:00,1.8029561280397264,-0.001368512576009326
2017-01-05 14:00:00,3.557514670429112,0.0002717092925745298
2017-01-05 14:00:00,0.12719753902407335,-0.00047572983494295764
2017-01-05 14:00:00,-1.4895955302916948,0.0026542246756122113
2017-01-05 14:00:00,-1.4590232072049072,0.0027218504416734474
2017-01-05 14:00:00,-0.08950420406402365,0.0004003371407309226
2017-01-05 14:00:00,0.7957849184647322,-0.0007746742163941312
2017-01-05 14:00:00,0.7302135350211183,-7.227665210936778e-05
2017-01-05 14:00:00,0.8043619669330081,-0.0008162714366272808
2017-01-05 14:00:00,1.0176762707315175,-0.0005114367642091491
2017-01-05 14:00:00,-0.8096828338507153,0.000738448739983652
2017-01-05 14:00:00,0.28550452509651403,-0.0072609405625187785
2017-01-05 14:00:00,1.5496112387339118,-0.0020498709944966544
2017-01-05 14:00:00,-0.5655628717207603,0.0038690436397388534
2017-01-05 14:00:00,-0.06074294859295906,0.002749018342026628
2017-01-05 14:00:00,0.037494338197927524,0.008193280931411234
2017-01-05 14:00:00,-0.8131736668950178,0.07346048651363737
2017-01-05 14:00:00,0.4431186783780727,0.005223229103457856
2017-01-05 14:00:00,1.7130448207856572,-0.012492965153208867
2017-01-05 14:00:00,-0.028546038624462217,0.003846052523640512
2017-01-05 14:00:00,0.0838266716872215,-0.044689043347227154
2017-01-05 14:00:00,0.35151587212966556,0.0034758955353529444
2017-01-05 14:00:00,1.5637139915521154,-0.0036362562896679537
2017-01-05 14:00:00,-0.27792769315009397,-0.000786256002031708
2017-01-05 14:00:00,0.3300958893110248,-0.0012948681572292784
2017-01-05 14:00:00,0.16633607663258104,0.00029417991141253956
2017-01-05 15:00:00,-0.9335704136608074,0.0011091866149468591
2017-01-05 15:00:00,-0.7972906389444212,0.006418309654178319
2017-01-05 15:00:00,1.4364471840320725,-0.008198337377263437
2017-01-05 15:00:00,1.2194155907386688,-0.001336383926600203
2017-01-05 15:00:00,-1.031786612582225,0.008344098822210582
2017-01-05 15:00:00,1.9535019086831849,-0.012777675556870228
2017-01-05 15:00:00,-0.21611352108879406,0.003238792218035516
2017-01-05 15:00:00,-1.2705881239498822,0.009318578013947688
2017-01-05 15:00:00,-0.4819968291371055,0.0012296378974432402
2017-01-05 15:00:00,-1.2989576499507478,0.0013381263627362159
2017-01-05 15:00:00,-1.0978090503221154,0.0010475363993146976
2017-01-05 15:00:00,-1.272840764002564,0.0018361917484524394
2017-01-05 15:00:00,0.13558616409830712,0.000121408510976381
2017-01-05 15:00:00,1.3737844541786686,-0.6725816245416479
2017-01-05 15:00:00,2.7202035718554054,0.7254923749357938
2017-01-05 15:00:00,1.4101931434682933,0.00015473656092431274
2017-01-05 15:00:00,1.49339411518379,-0.11310362997129449
2017-01-05 15:00:00,0.08175439630979021,0.00042109133668906444
2017-01-05 15:00:00,0.5048328487895697,-0.00047362174992968104
2017-01-05 15:00:00,0.6852114345603038,-0.00015689231990605282
2017-01-05 15:00:00,-0.5939614116944277,0.0031498366047144474
2017-01-05 15:00:00,-1.5738440195087908,0.013647068964134378
2017-01-05 15:00:00,2.589919177221224,-0.0014529581174938632
2017-01-05 15:00:00,0.7295108520019731,-4.3514413547335784e-05
2017-01-05 15:00:00,3.0500741782721685,-1.8737582957093575e-05
2017-01-05 15:00:00,2.79434877397084,-0.0014393332646895952
2017-01-05 15:00:00,0.43778636677743077,0.0008265842484788452
2017-01-05 15:00:00,0.7966258377692644,0.0005525689776897932
2017-01-05 15:00:00,1.725050905527252,-0.001364719888479145
2017-01-05 15:00:00,3.214731691374225,0.00028839711770732823
2017-01-05 15:00:00,0.09603545001908355,-0.0004742127599308852
2017-01-05 15:00:00,-1.0492016481544701,0.0008532147284357371
2017-01-05 15:00:00,-1.4740144857892,0.002653466138106175
2017-01-05 15:00:00,-1.5213473852148869,0.0027248845916975923
2017-01-05 15:00:00,-0.21415256008398278,0.00040640544077921405
2017-01-05 15:00:00,0.546488206424814,-0.00076253761629755
2017-01-05 15:00:00,0.6523083125086439,-6.848396457918496e-05
2017-01-05 15:00:00,0.8355240559379978,-0.0008177885116393532
2017-01-05 15:00:00,1.064419404239002,-0.0005137123767272595
2017-01-05 15:00:00,-0.7785207448457254,0.0007369316649715796
2017-01-05 15:00:00,0.2075993025840397,-0.007257147874988596
2017-01-05 15:00:00,1.113341992664055,-0.0020286319443276386
2017-01-05 15:00:00,-0.6278870497307397,0.0038720777897629983
2017-01-05 15:00:00,-0.12306712660293857,0.002752052492050773
2017-01-05 15:00:00,0.037494338197927524,0.008193280931411234
2017-01-05 15:00:00,-0.8131736668950178,0.07346048651363737
2017-01-05 15:00:00,0.1314977883281751,0.005238399853578582
2017-01-05 15:00:00,1.6818827317806675,-0.012491448078196795
2017-01-05 15:00:00,-0.15319439464442133,0.0038521208236888035
2017-01-05 15:00:00,0.05266458268223168,-0.04468752627221508
2017-01-05 15:00:00,0.35151587212966556,0.0034758955353529444
2017-01-05 15:00:00,-0.4649002271800326,-0.0007771535519592734
2017-01-05 15:00:00,0.0963802217736017,-0.0012834900946387335
2017-01-05 15:00:00,0.08843085412010666,0.00029797259894272064
2017-01-05 16:00:00,-0.9024083246558177,0.0011076695399347867
2017-01-05 16:00:00,-0.8128716834469161,0.006419068191684355
2017-01-05 16:00:00,1.5766765845545263,-0.008205164214817765
2017-01-05 16:00:00,1.0324430567087304,-0.0013272814765277685
2017-01-05 16:00:00,-1.1096918350946996,0.008347891509740767
2017-01-05 16:00:00,1.8755966861707105,-0.012773882869340045
2017-01-05 16:00:00,0.2513178139860524,0.003216036092854426
2017-01-05 16:00:00,-1.2705881239498822,0.009318578013947688
2017-01-05 16:00:00,-0.5599020516495801,0.0012334305849734213
2017-01-05 16:00:00,-1.2989576499507478,0.0013381263627362159
2017-01-05 16:00:00,-1.0978090503221154,0.0010475363993146976
2017-01-05 16:00:00,-1.2884218085050592,0.0018369502859584756
2017-01-05 16:00:00,-0.03580532542913661,0.0001297524235427811
2017-01-05 16:00:00,0.6103132735564177,-0.6725444562038522
2017-01-05 16:00:00,2.081380747253115,0.7255234749735412
2017-01-05 16:00:00,1.1506111361289024,-0.11308694214616169
2017-01-05 16:00:00,-0.3700958942625616,0.0004430889243641167
2017-01-05 16:00:00,0.16204986973468216,-0.00045693392479688254
2017-01-05 16:00:00,0.10871278796799343,-0.00012882643218270931
2017-01-05 16:00:00,-0.6251235006994175,0.00315135367972652
2017-01-05 16:00:00,-1.5738440195087908,0.013647068964134378
2017-01-05 16:00:00,2.044582619633903,-0.001426409304782594
2017-01-05 16:00:00,0.028363849389703478,-9.380225775702355e-06
2017-01-05 16:00:00,2.139944904866055,-0.001407474689436071
2017-01-05 16:00:00,0.17290861023501788,0.0008394793860814627
2017-01-05 16:00:00,0.1578030131669745,0.0005836690154372815
2017-01-05 16:00:00,1.1329712144324464,-0.001335895463249767
2017-01-05 16:00:00,2.2019637987120575,0.00033770205559968566
2017-01-05 16:00:00,-0.16884230652332954,-0.0004613176223282678
2017-01-05 16:00:00,-1.0180395591494804,0.0008516976534236647
2017-01-05 16:00:00,-1.4895955302916948,0.0026542246756122113
2017-01-05 16:00:00,-1.5213473852148869,0.0027248845916975923
2017-01-05 16:00:00,-0.2608956935914676,0.0004086810532973227
2017-01-05 16:00:00,0.5932313399322987,-0.0007648132288156586
2017-01-05 16:00:00,-0.03325764560113075,-3.51083143135897e-05
2017-01-05 16:00:00,0.4615789878781208,-0.0007995836114944823
2017-01-05 16:00:00,0.2853671791142569,-0.0004757855014254452
2017-01-05 16:00:00,-0.965493278875664,0.0007460341150440159
2017-01-05 16:00:00,-0.29099412149579673,-0.007232874674795435
2017-01-05 16:00:00,1.0977609481615602,-0.0020278734068216024
2017-01-05 16:00:00,-0.6434680942332346,0.0038728363272690345
2017-01-05 16:00:00,-0.3256207051353723,0.0027619134796292456
2017-01-05 16:00:00,-0.08715401782203154,0.008199349231459523
2017-01-05 16:00:00,-0.9689841119199666,0.07346807188869775
2017-01-05 16:00:00,0.10033569932318537,0.005239916928590655
2017-01-05 16:00:00,1.37026184173077,-0.012476277328076069
2017-01-05 16:00:00,-0.21551857265440086,0.0038551549737129483
2017-01-05 16:00:00,-0.040821684332737626,-0.044682975047178865
2017-01-05 16:00:00,-0.08475337394019104,0.00349713458552196
2017-01-05 16:00:00,0.28606834234753387,-0.003574056214172977
2017-01-05 16:00:00,0.1427605084172681,-0.0008067365146946875
2017-01-05 16:00:00,0.3456769338135197,-0.0012956266947353147
2017-01-05 16:00:00,0.2130792101400657,0.0002919042988944309
2017-01-05 17:00:00,-0.9024083246558177,0.0011076695399347867
2017-01-05 17:00:00,-0.7972906389444212,0.006418309654178319
2017-01-05 17:00:00,1.6701628515694957,-0.008209715439853982
2017-01-05 17:00:00,2.1386972163858657,-0.001381137639456345
2017-01-05 17:00:00,-1.140853924099689,0.008349408584752839
2017-01-05 17:00:00,1.9067587751757002,-0.012775399944352117
2017-01-05 17:00:00,0.3915472145085064,0.0032092092553001003
2017-01-05 17:00:00,-1.2861691684523773,0.009319336551453724
2017-01-05 17:00:00,-0.5443210071470851,0.001232672047467385
2017-01-05 17:00:00,-0.8626884038808924,0.0013168873125672005
2017-01-05 17:00:00,-1.0510659168146308,0.001045260786796589
2017-01-05 17:00:00,-1.3507459865150386,0.0018399844359826222
2017-01-05 17:00:00,-0.05138636993163149,0.00013051096104881732
2017-01-05 17:00:00,0.8128668520888512,-0.6725543171914307
2017-01-05 17:00:00,2.315096414790539,0.7255120969109508
2017-01-05 17:00:00,0.9895049419009302,0.00017521707358729232
2017-01-05 17:00:00,1.2752594921488616,-0.11309301044620998
2017-01-05 17:00:00,-0.3700958942625616,0.0004430889243641167
2017-01-05 17:00:00,0.09972569172470266,-0.0004538997747727376
2017-01-05 17:00:00,0.34242845550541656,-0.0001402044947732543
2017-01-05 17:00:00,-0.6562855897044072,0.0031528707547385923
2017-01-05 17:00:00,-1.5738440195087908,0.013647068964134378
2017-01-05 17:00:00,1.9978394861264193,-0.0014241336922644853
2017-01-05 17:00:00,0.028363849389703478,-9.380225775702355e-06
2017-01-05 17:00:00,1.3049971939927425,6.621861771897135e-05
2017-01-05 17:00:00,2.1555259493685495,-0.0014082332269421073
2017-01-05 17:00:00,0.12616547672753323,0.0008417549985995713
2017-01-05 17:00:00,-0.4810198114353159,0.0006147690531847681
2017-01-05 17:00:00,1.2887816594573953,-0.0013434808383101292
2017-01-05 17:00:00,1.6254651521197476,0.0003657679433230289
2017-01-05 17:00:00,-0.23116648453330907,-0.0004582834723041229
2017-01-05 17:00:00,-1.0336206036519753,0.0008524561909297009
2017-01-05 17:00:00,-1.5051765747941899,0.0026549832131182475
2017-01-05 17:00:00,-1.5369284297173815,0.0027256431292036285
2017-01-05 17:00:00,-0.3076388270989522,0.00041095666581543135
2017-01-05 17:00:00,0.5153261174198243,-0.0007610205412854775
2017-01-05 17:00:00,-0.7344046482134009,-9.74126541956486e-07
2017-01-05 17:00:00,0.5239031658881002,-0.0008026177615186272
2017-01-05 17:00:00,0.5969880691641545,-0.0004909562515461696
2017-01-05 17:00:00,-0.9499122343731693,0.0007452755775379797
2017-01-05 17:00:00,-0.27541307699330186,-0.007233633212301471
2017-01-05 17:00:00,1.0198557256490857,-0.0020240807192914195
2017-01-05 17:00:00,-0.6746301832382243,0.003874353402281107
2017-01-05 17:00:00,-0.37236383864285694,0.002764189092147354
2017-01-05 17:00:00,-0.08715401782203154,0.008199349231459523
2017-01-05 17:00:00,-0.9689841119199666,0.07346807188869775
2017-01-05 17:00:00,0.10033569932318537,0.005239916928590655
2017-01-05 17:00:00,1.37026184173077,-0.012476277328076069
2017-01-05 17:00:00,-0.21551857265440086,0.0038551549737129483
2017-01-05 17:00:00,-0.040821684332737626,-0.044682975047178865
2017-01-05 17:00:00,-0.08475337394019104,0.00349713458552196
2017-01-05 17:00:00,1.0339584784672893,-0.0036104660144627193
2017-01-05 17:00:00,0.033693196899803886,-0.000801426752152434
2017-01-05 17:00:00,0.12754231077859146,-0.001285007169650806
2017-01-05 17:00:00,0.07284980961761178,0.00029873113644875686
2017-01-05 18:00:00,-0.8868272801533227,0.0011069110024287505
2017-01-05 18:00:00,-0.7661285499394315,0.006416792579166246
2017-01-05 18:00:00,1.2806367390071236,-0.008190752002203075
2017-01-05 18:00:00,2.18544034989335,-0.0013834132519744537
2017-01-05 18:00:00,-1.172016013104679,0.008350925659764911
2017-01-05 18:00:00,1.7197862411457616,-0.012766297494279683
2017-01-05 18:00:00,0.5317766150309602,0.0032023824177457743
2017-01-05 18:00:00,-1.2705881239498822,0.009318578013947688
2017-01-05 18:00:00,-0.4508347401321157,0.0012281208224311677
2017-01-05 18:00:00,-0.8159452703734078,0.0013146117000490919
2017-01-05 18:00:00,-1.0822280058196205,0.0010467778618086614
2017-01-05 18:00:00,-1.272840764002564,0.0018361917484524394
2017-01-05 18:00:00,-0.03580532542913661,0.0001297524235427811
2017-01-05 18:00:00,1.15564983114374,-0.6725710050165634
2017-01-05 18:00:00,2.252772236780559,0.7255151310609749
2017-01-05 18:00:00,0.8025324078709916,0.00018431952365972692
2017-01-05 18:00:00,1.2285163586413768,-0.11309073483369188
2017-01-05 18:00:00,-0.5259063392875106,0.00045067429942448036
2017-01-05 18:00:00,-0.13398997581272065,-0.00044252171218219264
2017-01-05 18:00:00,0.32684741100292164,-0.00013944595726721808
2017-01-05 18:00:00,-0.7965149902268612,0.003159697592292918
2017-01-05 18:00:00,-1.5582629750062957,0.013646310426628342
2017-01-05 18:00:00,1.9822584416239246,-0.001423375154758449
2017-01-05 18:00:00,0.13743116090716767,-1.4689988317955869e-05
2017-01-05 18:00:00,1.1180246599628039,7.532106779140594e-05
2017-01-05 18:00:00,2.1866880383735396,-0.0014097503019541797
2017-01-05 18:00:00,0.01709816521006904,0.0008470647611418248
2017-01-05 18:00:00,-0.7147354789727394,0.0006261471157753131
2017-01-05 18:00:00,1.210876436944921,-0.0013396881507799481
2017-01-05 18:00:00,1.1112906835374163,0.0003907996810222257
2017-01-05 18:00:00,-0.3402337960507734,-0.00045297370976186936
2017-01-05 18:00:00,-1.0024585146469867,0.0008509391159176285
2017-01-05 18:00:00,-1.5051765747941899,0.0026549832131182475
2017-01-05 18:00:00,-1.5369284297173815,0.0027256431292036285
2017-01-05 18:00:00,-0.40112509411392155,0.00041550789085164865
2017-01-05 18:00:00,0.48416402841483464,-0.0007595034662734051
2017-01-05 18:00:00,-0.6876615147059163,-3.249739060065135e-06
2017-01-05 18:00:00,0.6952946554155438,-0.0008109616740850273
2017-01-05 18:00:00,0.6748932916766288,-0.0004947489390763523
2017-01-05 18:00:00,-0.965493278875664,0.0007460341150440159
2017-01-05 18:00:00,-0.15076472097334268,-0.007239701512349761
2017-01-05 18:00:00,0.8484642361216407,-0.002015736806725021
2017-01-05 18:00:00,-0.6902112277407193,0.003875111939787143
2017-01-05 18:00:00,-0.3879448831453518,0.0027649476296533904
2017-01-05 18:00:00,-0.055991928817041785,0.00819783215644745
2017-01-05 18:00:00,-0.8443357559000075,0.07346200358864945
2017-01-05 18:00:00,0.31847032235811357,0.005229297403506146
2017-01-05 18:00:00,1.30793766372079,-0.012473243178051924
2017-01-05 18:00:00,-0.12203230563943149,0.0038506037486767293
2017-01-05 18:00:00,-0.009659595327747865,-0.04468449212219094
2017-01-05 18:00:00,-0.14707755195017064,0.0035001687355461068
2017-01-05 18:00:00,1.345579368517187,-0.003625636764583445
2017-01-05 18:00:00,0.033693196899803886,-0.000801426752152434
2017-01-05 18:00:00,-0.07501126775384204,-0.001275146182072335
2017-01-05 18:00:00,0.07284980961761178,0.00029873113644875686
2017-01-05 19:00:00,-0.7933410131383535,0.0011023597773925332
2017-01-05 19:00:00,-0.688223327426957,0.006412999891636065
2017-01-05 19:00:00,1.1871504719921542,-0.008186200777166858
2017-01-05 19:00:00,1.6556848368085257,-0.0013576229767692188
2017-01-05 19:00:00,-1.140853924099689,0.008349408584752839
2017-01-05 19:00:00,1.641881018633287,-0.012762504806749501
2017-01-05 19:00:00,0.6564249710509192,0.003196314117697483
2017-01-05 19:00:00,-1.2550070794473873,0.009317819476441652
2017-01-05 19:00:00,-0.31060533960966175,0.00122129398487684
2017-01-05 19:00:00,-0.7380400478609334,0.0013108190125189108
2017-01-05 19:00:00,-1.0043227833071464,0.0010429851742784803
2017-01-05 19:00:00,-1.272840764002564,0.0018361917484524394
2017-01-05 19:00:00,-0.05138636993163149,0.00013051096104881732
2017-01-05 19:00:00,1.2179740091537197,-0.6725740391665876
2017-01-05 19:00:00,2.315096414790539,0.7255120969109508
2017-01-05 19:00:00,0.8181134523734865,0.0001835609861536907
2017-01-05 19:00:00,1.368745759163831,-0.1130975616712462
2017-01-05 19:00:00,-0.5103252947850158,0.00044991576191844414
2017-01-05 19:00:00,-0.14957102031521552,-0.0004417631746761564
2017-01-05 19:00:00,0.420333678017891,-0.00014399718230343538
2017-01-05 19:00:00,-0.7809339457243663,0.003158939054786882
2017-01-05 19:00:00,-1.4959387969963163,0.013643276276604197
2017-01-05 19:00:00,2.0757447086388927,-0.0014279263797946664
2017-01-05 19:00:00,0.2932416059321164,-2.227536337831977e-05
2017-01-05 19:00:00,1.242673015982763,6.925276774311621e-05
2017-01-05 19:00:00,2.202269082876034,-0.001410508839460216
2017-01-05 19:00:00,0.04826025421505882,0.0008455476861297524
2017-01-05 19:00:00,-0.8082217459877087,0.0006306983408115304
2017-01-05 19:00:00,1.210876436944921,-0.0013396881507799481
2017-01-05 19:00:00,0.6750214374675583,0.0004120387311912415
2017-01-05 19:00:00,-0.3090717070457837,-0.0004544907847739418
2017-01-05 19:00:00,-0.9868774701444921,0.0008501805784115922
2017-01-05 19:00:00,-1.5207576192966847,0.0026557417506242837
2017-01-05 19:00:00,-1.5369284297173815,0.0027256431292036285
2017-01-05 19:00:00,-0.3232198716014471,0.00041171520332146757
2017-01-05 19:00:00,0.42183985040485517,-0.0007564693162492602
2017-01-05 19:00:00,-0.6253373366959367,-6.283889084210001e-06
2017-01-05 19:00:00,0.7887809224305131,-0.0008155128991212446
2017-01-05 19:00:00,0.8307037367015777,-0.0005023343141367145
2017-01-05 19:00:00,-0.8564259673581999,0.0007407243525017606
2017-01-05 19:00:00,-0.1196026319683529,-0.0072412185873618334
2017-01-05 19:00:00,1.0665988591565703,-0.00202635633180953
2017-01-05 19:00:00,-0.6902112277407193,0.003875111939787143
2017-01-05 19:00:00,-0.31003966063287736,0.0027611549421232093
2017-01-05 19:00:00,-0.02482983981205202,0.008196315081435378
2017-01-05 19:00:00,-0.7196873998800485,0.07345593528860116
2017-01-05 19:00:00,0.5989291234030213,0.005215643728397494
2017-01-05 19:00:00,1.4014239307357594,-0.012477794403088141
2017-01-05 19:00:00,-0.05970812762945198,0.0038475695986525844
2017-01-05 19:00:00,0.11498876069221127,-0.04469056042223923
2017-01-05 19:00:00,-0.05359128493520131,0.0034956175105098877
2017-01-05 19:00:00,1.501389813542136,-0.003633222139643809
2017-01-05 19:00:00,0.033693196899803886,-0.000801426752152434
2017-01-05 19:00:00,-0.059430223251347156,-0.0012759047195783713
2017-01-05 19:00:00,0.07284980961761178,0.00029873113644875686
2017-01-05 20:00:00,-0.4038149005759812,0.001083396339741626
2017-01-05 20:00:00,-0.4856697488945234,0.0064031389040575945
2017-01-05 20:00:00,1.342960917017103,-0.00819378615222722
2017-01-05 20:00:00,1.468712302778587,-0.0013485205266967842
2017-01-05 20:00:00,-1.140853924099689,0.008349408584752839
2017-01-05 20:00:00,1.797691463658236,-0.012770090181809864
2017-01-05 20:00:00,1.264085706648221,0.0031667311549620682
2017-01-05 20:00:00,-1.1926829014374078,0.009314785326417507
2017-01-05 20:00:00,-0.06130862756974343,0.0012091573847802606
2017-01-05 20:00:00,-0.6757158698509538,0.0013077848624947642
2017-01-05 20:00:00,-0.926417560794673,0.0010391924867482992
2017-01-05 20:00:00,-1.1949355414900897,0.0018323990609222583
2017-01-05 20:00:00,0.16674825310329688,0.00011989143596430857
2017-01-05 20:00:00,1.7321484777360507,-0.6725990709042868
2017-01-05 20:00:00,2.7825277498653853,0.7254893407857697
2017-01-05 20:00:00,1.0674101644134055,0.0001714243860571095
2017-01-05 20:00:00,1.9296633612536467,-0.1131248690214635
2017-01-05 20:00:00,-0.30777171625258204,0.0004400547743399718
2017-01-05 20:00:00,-0.04050370879775133,-0.0004470729372184117
2017-01-05 20:00:00,0.5917251675453346,-0.0001523410948698338
2017-01-05 20:00:00,-0.6095424561969226,0.0031505951422204836
2017-01-05 20:00:00,-1.4803577524938214,0.013642517739098161
2017-01-05 20:00:00,2.589919177221224,-0.0014529581174938632
2017-01-05 20:00:00,0.5113762289670447,-3.289488846282702e-05
2017-01-05 20:00:00,1.64778017304763,4.9530792586172856e-05
2017-01-05 20:00:00,3.0124833970057683,-0.001449952789774104
2017-01-05 20:00:00,0.20407069924000765,0.0008379623110693902
2017-01-05 20:00:00,-0.8238027904902036,0.0006314568783175666
2017-01-05 20:00:00,1.2887816594573953,-0.0013434808383101292
2017-01-05 20:00:00,0.42572472542764034,0.0004241753312878227
2017-01-05 20:00:00,-0.262328573538299,-0.0004567663972920505
2017-01-05 20:00:00,-0.9557153811395024,0.0008486635033995198
2017-01-05 20:00:00,-1.5051765747941899,0.0026549832131182475
2017-01-05 20:00:00,-1.5369284297173815,0.0027256431292036285
2017-01-05 20:00:00,-0.2920577825964573,0.00041019812830939514
2017-01-05 20:00:00,1.0762437195096413,-0.0007883278915027848
2017-01-05 20:00:00,-0.5318510696809674,-1.0835114120427301e-05
2017-01-05 20:00:00,0.9913345009629467,-0.0008253738866997156
2017-01-05 20:00:00,0.9709331372240316,-0.0005091611516910404
2017-01-05 20:00:00,-0.7629397003432307,0.0007361731274655433
2017-01-05 20:00:00,0.11411303556907045,-0.007252596649952378
2017-01-05 20:00:00,1.5963543722413966,-0.002052146607014763
2017-01-05 20:00:00,-0.6746301832382243,0.003874353402281107
2017-01-05 20:00:00,-0.09190503759794881,0.0027505354170387006
2017-01-05 20:00:00,0.1621426942178866,0.008187212631362944
2017-01-05 20:00:00,-0.6262011328650792,0.07345138406356494
2017-01-05 20:00:00,1.1598467254928384,0.005188336378180187
2017-01-05 20:00:00,1.9000173548155959,-0.012502067603281304
2017-01-05 20:00:00,0.15842649540547638,0.0038369500735680774
2017-01-05 20:00:00,0.4266096507421088,-0.04470573117235995
2017-01-05 20:00:00,0.1333812490947373,0.003486515060437453
2017-01-05 20:00:00,2.093469504636941,-0.003662046564873187
2017-01-05 20:00:00,0.407638264959681,-0.000819631652297305
2017-01-05 20:00:00,0.12754231077859146,-0.001285007169650806
2017-01-05 20:00:00,0.4467948776774889,0.00028052623630388593
2017-01-05 21:00:00,-0.4817201230884556,0.0010871890272718071
2017-01-05 21:00:00,-0.4545076598895336,0.006401621829045522
2017-01-05 21:00:00,1.2183125609971441,-0.00818771785217893
2017-01-05 21:00:00,1.1415103682261944,-0.001332591239070022
2017-01-05 21:00:00,-1.156434968602184,0.008350167122258875
2017-01-05 21:00:00,1.7353672856482565,-0.012767056031785719
2017-01-05 21:00:00,1.1394373506282618,0.003172799455010358
2017-01-05 21:00:00,-1.1926829014374078,0.009314785326417507
2017-01-05 21:00:00,-0.18595698358970253,0.0012152256848285503
2017-01-05 21:00:00,-0.7380400478609334,0.0013108190125189108
2017-01-05 21:00:00,-0.926417560794673,0.0010391924867482992
2017-01-05 21:00:00,-1.2416786749975743,0.001834674673440367
2017-01-05 21:00:00,0.07326198608832762,0.00012444266100052585
2017-01-05 21:00:00,1.6854053442285661,-0.6725967952917687
2017-01-05 21:00:00,2.7825277498653853,0.7254893407857697
2017-01-05 21:00:00,1.14531538692588,0.00016763169852692842
2017-01-05 21:00:00,1.9608254502586364,-0.11312638609647557
2017-01-05 21:00:00,-0.2766096272475923,0.0004385376993278994
2017-01-05 21:00:00,-0.04050370879775133,-0.0004470729372184117
2017-01-05 21:00:00,0.6384683010528192,-0.00015461670738794244
2017-01-05 21:00:00,-0.6095424561969226,0.0031505951422204836
2017-01-05 21:00:00,-1.4959387969963163,0.013643276276604197
2017-01-05 21:00:00,2.5743381327187294,-0.001452199579987827
2017-01-05 21:00:00,0.480214139962055,-3.1377813450754585e-05
2017-01-05 21:00:00,1.663361217550125,4.877225508013664e-05
2017-01-05 21:00:00,3.043645486010758,-0.0014514698647861764
2017-01-05 21:00:00,0.12616547672753323,0.0008417549985995713
2017-01-05 21:00:00,-0.901708013002678,0.0006352495658477495
2017-01-05 21:00:00,1.2264574814474156,-0.0013404466882859843
2017-01-05 21:00:00,0.1452659243827325,0.00043782900639647654
2017-01-05 21:00:00,-0.3090717070457837,-0.0004544907847739418
2017-01-05 21:00:00,-1.0336206036519753,0.0008524561909297009
2017-01-05 21:00:00,-1.4895955302916948,0.0026542246756122113
2017-01-05 21:00:00,-1.5369284297173815,0.0027256431292036285
2017-01-05 21:00:00,-0.40112509411392155,0.00041550789085164865
2017-01-05 21:00:00,0.9048522299821964,-0.0007799839789363847
2017-01-05 21:00:00,-0.40720271366100813,-1.6903414168718768e-05
2017-01-05 21:00:00,0.929010322952967,-0.0008223397366755705
2017-01-05 21:00:00,0.9241900037165469,-0.0005068855391729318
2017-01-05 21:00:00,-0.7317776113382408,0.0007346560524534709
2017-01-05 21:00:00,0.06736990206158575,-0.00725032103743427
2017-01-05 21:00:00,1.4872870607239324,-0.0020468368444725095
2017-01-05 21:00:00,-0.7836974947556885,0.0038796631648233605
2017-01-05 21:00:00,0.0015812294170204542,0.0027459841920024837
2017-01-05 21:00:00,0.037494338197927524,0.008193280931411234
2017-01-05 21:00:00,-0.7196873998800485,0.07345593528860116
2017-01-05 21:00:00,0.910550013452919,0.005200472978276768
2017-01-05 21:00:00,1.8688552658106061,-0.012500550528269231
2017-01-05 21:00:00,0.033778139385517325,0.003843018373616367
2017-01-05 21:00:00,0.23963711671217025,-0.04469662872228752
2017-01-05 21:00:00,0.10221916008974759,0.0034880321354495256
2017-01-05 21:00:00,1.7039433920745692,-0.0036430831272222797
2017-01-05 21:00:00,0.34531408694970145,-0.0008165975022731601
2017-01-05 21:00:00,0.29893380030603506,-0.001293351082217206
2017-01-05 21:00:00,0.27540338815004517,0.0002888701488702843
2017-01-05 22:00:00,-0.59078743460592,0.0010924987898140624
2017-01-05 22:00:00,-0.5947370604119877,0.006408448666599848
2017-01-05 22:00:00,0.8755295819422554,-0.008171030027046132
2017-01-05 22:00:00,0.7208221666588313,-0.0013121107264070424
2017-01-05 22:00:00,-1.172016013104679,0.008350925659764911
2017-01-05 22:00:00,1.6262999741307922,-0.012761746269243465
2017-01-05 22:00:00,0.7187491490608988,0.003193279967673338
2017-01-05 22:00:00,-1.2705881239498822,0.009318578013947688
2017-01-05 22:00:00,-0.2327001170971872,0.001217501297346659
2017-01-05 22:00:00,-0.8159452703734078,0.0013146117000490919
2017-01-05 22:00:00,-0.926417560794673,0.0010391924867482992
2017-01-05 22:00:00,-1.2416786749975743,0.001834674673440367
2017-01-05 22:00:00,-0.020224280926641722,0.00012899388603674489
2017-01-05 22:00:00,1.3737844541786686,-0.6725816245416479
2017-01-05 22:00:00,2.4709068598154875,0.7255045115358904
2017-01-05 22:00:00,1.036248075408416,0.00017294146106918194
2017-01-05 22:00:00,1.8361770942386775,-0.11312031779642728
2017-01-05 22:00:00,-0.3700958942625616,0.0004430889243641167
2017-01-05 22:00:00,-0.19631415382270018,-0.0004394875621580478
2017-01-05 22:00:00,0.7319545680677885,-0.00015916793242416147
2017-01-05 22:00:00,-0.6718666342069021,0.0031536292922446285
2017-01-05 22:00:00,-1.5115198414988114,0.013644034814110233
2017-01-05 22:00:00,2.5120139547087494,-0.0014491654299636822
2017-01-05 22:00:00,0.4646330954595601,-3.061927594471837e-05
2017-01-05 22:00:00,1.5698749505351555,5.332348011635394e-05
2017-01-05 22:00:00,2.950159218995789,-0.0014469186397499574
2017-01-05 22:00:00,0.09500338772254352,0.0008432720736116437
2017-01-05 22:00:00,-0.901708013002678,0.0006352495658477495
2017-01-05 22:00:00,1.1329712144324464,-0.001335895463249767
2017-01-05 22:00:00,0.005036523860278537,0.00044465584395080227
2017-01-05 22:00:00,-0.3090717070457837,-0.0004544907847739418
2017-01-05 22:00:00,-1.1115258261644498,0.000856248878459882
2017-01-05 22:00:00,-1.4895955302916948,0.0026542246756122113
2017-01-05 22:00:00,-1.5525094742198764,0.0027264016667096647
2017-01-05 22:00:00,-0.40112509411392155,0.00041550789085164865
2017-01-05 22:00:00,0.7334607404547526,-0.0007716400663699863
2017-01-05 22:00:00,-0.5630131586859571,-9.318039108354868e-06
2017-01-05 22:00:00,0.929010322952967,-0.0008223397366755705
2017-01-05 22:00:00,0.9553520927215368,-0.0005084026141850042
2017-01-05 22:00:00,-0.7317776113382408,0.0007346560524534709
2017-01-05 22:00:00,0.08295094656408067,-0.007251079574940306
2017-01-05 22:00:00,1.4249628827139529,-0.002043802694448363
2017-01-05 22:00:00,-0.7836974947556885,0.0038796631648233605
2017-01-05 22:00:00,0.0015812294170204542,0.0027459841920024837
2017-01-05 22:00:00,0.006332249192937732,0.008194798006423306
2017-01-05 22:00:00,-0.7508494888850382,0.07345745236361323
2017-01-05 22:00:00,0.8482258354429395,0.005203507128300913
2017-01-05 22:00:00,1.744206909790647,-0.01249448222822094
2017-01-05 22:00:00,0.002616050380527534,0.0038445354486284396
2017-01-05 22:00:00,0.23963711671217025,-0.04469662872228752
2017-01-05 22:00:00,0.07105707108475781,0.003489549210461598
2017-01-05 22:00:00,1.5169708580446308,-0.003633980677149845
2017-01-05 22:00:00,0.2829899089397219,-0.0008135633522490152
2017-01-05 22:00:00,0.2521906667985505,-0.0012910754696990956
2017-01-05 22:00:00,0.15075503213008615,0.0002949384489185758
2017-01-05 23:00:00,-0.7310168351283739,0.0010993256273683883
2017-01-05 23:00:00,-0.7193854164319468,0.006414516966648138
2017-01-05 23:00:00,0.6418139144048322,-0.008159651964455587
2017-01-05 23:00:00,0.4715254546189132,-0.0012999741263104612
2017-01-05 23:00:00,-1.2343401911146585,0.008353959809789056
2017-01-05 23:00:00,1.3770032620908743,-0.012749609669146884
2017-01-05 23:00:00,0.4850334815234757,0.003204658030263883
2017-01-05 23:00:00,-1.301750212954872,0.00932009508895976
2017-01-05 23:00:00,-0.3729295176196413,0.0012243281349009867
2017-01-05 23:00:00,-0.8938504928858821,0.001318404387579273
2017-01-05 23:00:00,-1.0043227833071464,0.0010429851742784803
2017-01-05 23:00:00,-1.272840764002564,0.0018361917484524394
2017-01-05 23:00:00,-0.12929159244410593,0.0001343036485789984
2017-01-05 23:00:00,1.0621635641287708,-0.6725664537915272
2017-01-05 23:00:00,2.1592859697655897,0.725519682286011
2017-01-05 23:00:00,0.880437630383466,0.00018052683612954583
2017-01-05 23:00:00,1.5245562041887797,-0.11310514704630656
2017-01-05 23:00:00,-0.3700958942625616,0.0004430889243641167
2017-01-05 23:00:00,-0.19631415382270018,-0.0004394875621580478
2017-01-05 23:00:00,0.5761441230428396,-0.00015158255736379757
2017-01-05 23:00:00,-0.7341908122168816,0.0031566634422687733
2017-01-05 23:00:00,-1.5115198414988114,0.013644034814110233
2017-01-05 23:00:00,0.32440369493710614,-2.3792438390392203e-05
2017-01-05 23:00:00,1.3205782384952374,6.546008021293513e-05
2017-01-05 23:00:00,0.04826025421505882,0.0008455476861297524
2017-01-05 23:00:00,-0.9640321910126575,0.0006382837158718943
2017-01-05 23:00:00,1.1018091254274567,-0.0013343783882376946
2017-01-05 23:00:00,-0.10403078765718561,0.0004499656064930558
2017-01-05 23:00:00,-0.35581484055326834,-0.00045221517225583314
2017-01-05 23:00:00,-1.1115258261644498,0.000856248878459882
2017-01-05 23:00:00,-1.5207576192966847,0.0026557417506242837
2017-01-05 23:00:00,-1.5525094742198764,0.0027264016667096647
2017-01-05 23:00:00,-0.5413544946363757,0.00042233472840597634
2017-01-05 23:00:00,0.6088123844347935,-0.0007655717663216948
2017-01-05 23:00:00,-0.5785942031884521,-8.55950160231865e-06
2017-01-05 23:00:00,0.7576188334255234,-0.0008139958241091722
2017-01-05 23:00:00,0.8774468702090624,-0.0005046099266548231
2017-01-05 23:00:00,-0.7473586558407357,0.0007354145899595071
2017-01-05 23:00:00,-0.010535320450888692,-0.007246528349904089
2017-01-05 23:00:00,1.237990348684014,-0.0020347002443759283
2017-01-05 23:00:00,-0.8148595837606784,0.003881180239835433
2017-01-05 23:00:00,0.0015812294170204542,0.0027459841920024837
2017-01-05 23:00:00,-0.1183161068270213,0.008200866306471596
2017-01-05 23:00:00,-0.8443357559000075,0.07346200358864945
2017-01-05 23:00:00,0.5989291234030213,0.005215643728397494
2017-01-05 23:00:00,1.4949101977507289,-0.01248234562812436
2017-01-05 23:00:00,-0.15319439464442133,0.0038521208236888035
2017-01-05 23:00:00,0.11498876069221127,-0.04469056042223923
2017-01-05 23:00:00,-0.05359128493520131,0.0034956175105098877
2017-01-05 23:00:00,1.2209310124972281,-0.0036195684645351552
2017-01-05 23:00:00,0.18950364192475275,-0.0008090121272127962
2017-01-05 23:00:00,-0.012687089743862522,-0.00127818033209648
2017-01-05 23:00:00,-0.06737959090484219,0.0003055579740030828
2017-01-06 00:00:00,-0.7465978796308688,0.0011000841648744245
2017-01-06 00:00:00,-0.7505475054369365,0.00641603404166021
2017-01-06 00:00:00,0.2055446683349756,-0.008138412914286571
2017-01-06 00:00:00,0.33129605409645924,-0.0012931472887561352
2017-01-06 00:00:00,-1.2499212356171534,0.008354718347295093
2017-01-06 00:00:00,1.0186392385334915,-0.01273216330650805
2017-01-06 00:00:00,0.3915472145085064,0.0032092092553001003
2017-01-06 00:00:00,-1.301750212954872,0.00932009508895976
2017-01-06 00:00:00,-0.4040916066246311,0.001225845209913059
2017-01-06 00:00:00,-0.9250125818908719,0.0013199214625913454
2017-01-06 00:00:00,-1.0510659168146308,0.001045260786796589
2017-01-06 00:00:00,-1.3195838975100487,0.001838467360970548
2017-01-06 00:00:00,-0.2539399484640652,0.00014037194862728802
2017-01-06 00:00:00,0.9063531191038204,-0.6725588684164668
2017-01-06 00:00:00,2.00347552474064,0.7255272676610715
2017-01-06 00:00:00,0.880437630383466,0.00018052683612954583
2017-01-06 00:00:00,1.5245562041887797,-0.11310514704630656
2017-01-06 00:00:00,-0.3700958942625616,0.0004430889243641167
2017-01-06 00:00:00,-0.3521245988476492,-0.0004319021870976856
2017-01-06 00:00:00,0.5761441230428396,-0.00015158255736379757
2017-01-06 00:00:00,-0.827677079231851,0.0031612146673049906
2017-01-06 00:00:00,-1.4959387969963163,0.013643276276604197
2017-01-06 00:00:00,0.23091742792213696,-1.924121335417317e-05
2017-01-06 00:00:00,1.1491867489677936,7.380399277933351e-05
2017-01-06 00:00:00,-0.10755019080988999,0.0008531330611901146
2017-01-06 00:00:00,-0.9951942800176472,0.0006398007908839668
2017-01-06 00:00:00,0.9615797249050014,-0.001327551550683367
2017-01-06 00:00:00,-0.2442601881796396,0.00045679244404738325
2017-01-06 00:00:00,-0.43372006306574273,-0.00044842248472565206
2017-01-06 00:00:00,-1.1271068706669447,0.0008570074159659182
2017-01-06 00:00:00,-1.5051765747941899,0.0026549832131182475
2017-01-06 00:00:00,-1.5525094742198764,0.0027264016667096647
2017-01-06 00:00:00,-0.5880976281438605,0.000424610340924085
2017-01-06 00:00:00,0.42183985040485517,-0.0007564693162492602
2017-01-06 00:00:00,-0.6409183811984316,-5.525351578173785e-06
2017-01-06 00:00:00,0.6485515219080592,-0.0008086860615669169
2017-01-06 00:00:00,0.783960603194093,-0.0005000587016186058
2017-01-06 00:00:00,-0.8096828338507153,0.000738448739983652
2017-01-06 00:00:00,-0.057278453958373304,-0.00724425273738598
2017-01-06 00:00:00,1.1600851261715397,-0.0020309075568457472
2017-01-06 00:00:00,-0.8771837617706579,0.0038842143898595778
2017-01-06 00:00:00,-0.09190503759794881,0.0027505354170387006
2017-01-06 00:00:00,-0.1183161068270213,0.008200866306471596
2017-01-06 00:00:00,-0.8443357559000075,0.07346200358864945
2017-01-06 00:00:00,0.4742807673830624,0.005221712028445784
2017-01-06 00:00:00,1.2767755747158005,-0.012471726103039852
2017-01-06 00:00:00,-0.1843564836494111,0.003853637898700876
2017-01-06 00:00:00,0.05266458268223168,-0.04468752627221508
2017-01-06 00:00:00,-0.1159154629451808,0.0034986516605340326
2017-01-06 00:00:00,0.9248911669498241,-0.003605156251920466
2017-01-06 00:00:00,0.06485528590479367,-0.0008029438271645065
2017-01-06 00:00:00,-0.1061733567588318,-0.0012736291070602626
2017-01-06 00:00:00,-0.14528481341731667,0.0003093506615332656
2017-01-06 01:00:00,-0.7777599686358585,0.001101601239886497
2017-01-06 01:00:00,-0.7817095944419262,0.006417551116672283
2017-01-06 01:00:00,0.1276394458225012,-0.00813462022675639
2017-01-06 01:00:00,0.23780978708149006,-0.001288596063719918
2017-01-06 01:00:00,-1.187597057607174,0.008351684197270948
2017-01-06 01:00:00,0.8784098380110368,-0.012725336468953723
2017-01-06 01:00:00,0.32922303649852686,0.003212243405324245
2017-01-06 01:00:00,-1.3484933464623567,0.009322370701477869
2017-01-06 01:00:00,-0.4664157846346106,0.001228879359937204
2017-01-06 01:00:00,-0.9405936263933669,0.0013206800000973816
2017-01-06 01:00:00,-1.0510659168146308,0.001045260786796589
2017-01-06 01:00:00,-1.3040028530075538,0.0018377088234645118
2017-01-06 01:00:00,-0.28510203746905494,0.00014188902363936046
2017-01-06 01:00:00,0.9998393861187905,-0.6725634196415031
2017-01-06 01:00:00,1.9567323912331571,0.7255295432735895
2017-01-06 01:00:00,0.6934650963535274,0.00018962928620198043
2017-01-06 01:00:00,1.3999078481688205,-0.11309907874625827
2017-01-06 01:00:00,-0.4947442502825207,0.0004491572244124062
2017-01-06 01:00:00,-0.46119191036511337,-0.0004265924245554321
2017-01-06 01:00:00,0.4359147225203859,-0.0001447557198094716
2017-01-06 01:00:00,-0.8432581237343458,0.003161973204811027
2017-01-06 01:00:00,-1.5426819305038009,0.013645551889122306
2017-01-06 01:00:00,0.13743116090716767,-1.4689988317955869e-05
2017-01-06 01:00:00,1.0868625709578141,7.683814280347838e-05
2017-01-06 01:00:00,-0.13871227981487982,0.0008546501362021887
2017-01-06 01:00:00,-0.9951942800176472,0.0006398007908839668
2017-01-06 01:00:00,0.8992555468950219,-0.001324517400659222
2017-01-06 01:00:00,-0.21309809917464984,0.0004552753690353108
2017-01-06 01:00:00,-0.4960442410757226,-0.00044538833470150546
2017-01-06 01:00:00,-1.1582689596719342,0.0008585244909779906
2017-01-06 01:00:00,-1.5051765747941899,0.0026549832131182475
2017-01-06 01:00:00,-1.5525094742198764,0.0027264016667096647
2017-01-06 01:00:00,-0.6504218061538399,0.00042764449094822985
2017-01-06 01:00:00,0.4530019394098449,-0.0007579863912613327
2017-01-06 01:00:00,-0.6564994257009265,-4.766814072137568e-06
2017-01-06 01:00:00,0.5550652548930899,-0.0008041348365306996
2017-01-06 01:00:00,0.7527985141891033,-0.0004985416266065334
2017-01-06 01:00:00,-0.840844922855705,0.0007399658149957244
2017-01-06 01:00:00,-0.15076472097334268,-0.007239701512349761
2017-01-06 01:00:00,1.0354367701515808,-0.0020248392567974558
2017-01-06 01:00:00,-0.8304406282631732,0.003881938777341469
2017-01-06 01:00:00,-0.16981026011042327,0.0027543281045688834
2017-01-06 01:00:00,-0.1183161068270213,0.008200866306471596
2017-01-06 01:00:00,-0.8754978449049974,0.07346352066366152
2017-01-06 01:00:00,0.4431186783780727,0.005223229103457856
2017-01-06 01:00:00,1.183289307700831,-0.012467174878003634
2017-01-06 01:00:00,-0.2778427506643805,0.003858189123737093
2017-01-06 01:00:00,0.021502493677241892,-0.04468600919720301
2017-01-06 01:00:00,-0.20940172996015016,0.0035032028855702516
2017-01-06 01:00:00,0.8158238554323599,-0.0035998464893782123
2017-01-06 01:00:00,0.002531107894814104,-0.0007999096771403616
2017-01-06 01:00:00,-0.2775648462862757,-0.0012652851944938625
2017-01-06 01:00:00,-0.26993316943727585,0.00031541896158155536
2017-01-06 02:00:00,-0.7933410131383535,0.0011023597773925332
2017-01-06 02:00:00,-0.8128716834469161,0.006419068191684355
2017-01-06 02:00:00,0.09647735681751143,-0.008133103151744318
2017-01-06 02:00:00,0.20664769807650032,-0.0012870789887078438
2017-01-06 02:00:00,-1.2031781021096688,0.008352442734776984
2017-01-06 02:00:00,0.847247749006047,-0.012723819393941651
2017-01-06 02:00:00,0.26689885848854733,0.00321527755534839
2017-01-06 02:00:00,-1.3484933464623567,0.009322370701477869
2017-01-06 02:00:00,-0.4819968291371055,0.0012296378974432402
2017-01-06 02:00:00,-0.9405936263933669,0.0013206800000973816
2017-01-06 02:00:00,-1.0666469613171257,0.0010460193243026251
2017-01-06 02:00:00,-1.3040028530075538,0.0018377088234645118
2017-01-06 02:00:00,-0.3318451709765396,0.0001441646361574691
2017-01-06 02:00:00,0.9530962526113052,-0.672561144028985
2017-01-06 02:00:00,1.8788271687206828,0.7255333359611197
2017-01-06 02:00:00,0.5688167403335683,0.0001956975862502719
2017-01-06 02:00:00,1.2908405366513565,-0.11309376898371602
2017-01-06 02:00:00,-0.5259063392875106,0.00045067429942448036
2017-01-06 02:00:00,-0.5235160883750931,-0.0004235582745312855
2017-01-06 02:00:00,0.34242845550541656,-0.0001402044947732543
2017-01-06 02:00:00,-0.8744202127393357,0.0031634902798230993
2017-01-06 02:00:00,-1.5582629750062957,0.013646310426628342
2017-01-06 02:00:00,0.09068802739968305,-1.2414375799847221e-05
2017-01-06 02:00:00,1.0089573484453396,8.06308303336612e-05
2017-01-06 02:00:00,-0.247779591332344,0.0008599598987444422
2017-01-06 02:00:00,-1.0575184580276256,0.0006428349409081116
2017-01-06 02:00:00,0.7590261463725679,-0.001317690563104896
2017-01-06 02:00:00,-0.33774645519460905,0.00046134366908360055
2017-01-06 02:00:00,-0.5427873745832071,-0.0004431127221833968
2017-01-06 02:00:00,-1.1738500041744293,0.0008592830284840268
2017-01-06 02:00:00,-1.5207576192966847,0.0026557417506242837
2017-01-06 02:00:00,-1.5525094742198764,0.0027264016667096647
2017-01-06 02:00:00,-0.6815838951588298,0.0004291615659603023
2017-01-06 02:00:00,0.40625880590236024,-0.000755710778743224
2017-01-06 02:00:00,-0.6720804702034214,-4.008276566101352e-06
2017-01-06 02:00:00,0.47716003238061566,-0.0008003421490005185
2017-01-06 02:00:00,0.6904743361791237,-0.0004955074765823885
2017-01-06 02:00:00,-0.8720070118606948,0.0007414828900077969
2017-01-06 02:00:00,-0.18192680997833244,-0.007238184437337689
2017-01-06 02:00:00,0.94195050313661,-0.0020202880317612385
2017-01-06 02:00:00,-0.8460216727656681,0.0038826973148475053
2017-01-06 02:00:00,-0.23213443812040283,0.0027573622545930283
2017-01-06 02:00:00,-0.2741265518519703,0.00820845168153196
2017-01-06 02:00:00,-0.9066599339099871,0.0734650377386736
2017-01-06 02:00:00,0.31847032235811357,0.005229297403506146
2017-01-06 02:00:00,1.0274788626758822,-0.01245958950294327
2017-01-06 02:00:00,-0.30900483966937026,0.0038597061987491656
2017-01-06 02:00:00,-0.040821684332737626,-0.044682975047178865
2017-01-06 02:00:00,-0.24056381896513993,0.003504719960582324
2017-01-06 02:00:00,0.6911754994124008,-0.003593778189329922
2017-01-06 02:00:00,-0.09095515912015514,-0.0007953584521041443
2017-01-06 02:00:00,-0.3087269352912655,-0.00126376811948179
2017-01-06 02:00:00,-0.34783839194975025,0.00031921164911173644
2017-01-06 03:00:00,-0.7933410131383535,0.0011023597773925332
2017-01-06 03:00:00,-0.8128716834469161,0.006419068191684355
2017-01-06 03:00:00,0.08089631231501654,-0.008132344614238281
2017-01-06 03:00:00,0.17548560907151053,-0.0012855619136957713
2017-01-06 03:00:00,-1.2031781021096688,0.008352442734776984
2017-01-06 03:00:00,0.847247749006047,-0.012723819393941651
2017-01-06 03:00:00,0.2201557249810627,0.0032175531678664986
2017-01-06 03:00:00,-1.3484933464623567,0.009322370701477869
2017-01-06 03:00:00,-0.4819968291371055,0.0012296378974432402
2017-01-06 03:00:00,-0.9405936263933669,0.0013206800000973816
2017-01-06 03:00:00,-1.0666469613171257,0.0010460193243026251
2017-01-06 03:00:00,-1.3040028530075538,0.0018377088234645118
2017-01-06 03:00:00,-0.3630072599815294,0.00014568171116954328
2017-01-06 03:00:00,0.9219341636063154,-0.6725596269539729
2017-01-06 03:00:00,1.816502990710703,0.7255363701111439
2017-01-06 03:00:00,0.5220736068260836,0.00019797319876838055
2017-01-06 03:00:00,1.2285163586413768,-0.11309073483369188
2017-01-06 03:00:00,-0.5414873837900055,0.00045143283693051657
2017-01-06 03:00:00,-0.5546781773800828,-0.00042204119951921306
2017-01-06 03:00:00,0.2645232329929421,-0.00013641180724307148
2017-01-06 03:00:00,-0.9055823017443254,0.0031650073548351735
2017-01-06 03:00:00,-1.5582629750062957,0.013646310426628342
2017-01-06 03:00:00,0.05952593839469325,-1.0897300787774788e-05
2017-01-06 03:00:00,0.931052125932864,8.442351786384228e-05
2017-01-06 03:00:00,-0.247779591332344,0.0008599598987444422
2017-01-06 03:00:00,-1.0575184580276256,0.0006428349409081116
2017-01-06 03:00:00,0.7590261463725679,-0.001317690563104896
2017-01-06 03:00:00,-0.33774645519460905,0.00046134366908360055
2017-01-06 03:00:00,-0.5427873745832071,-0.0004431127221833968
2017-01-06 03:00:00,-1.1738500041744293,0.0008592830284840268
2017-01-06 03:00:00,-1.5207576192966847,0.0026557417506242837
2017-01-06 03:00:00,-1.5525094742198764,0.0027264016667096647
2017-01-06 03:00:00,-0.6815838951588298,0.0004291615659603023
2017-01-06 03:00:00,0.40625880590236024,-0.000755710778743224
2017-01-06 03:00:00,-0.6876615147059163,-3.249739060065135e-06
2017-01-06 03:00:00,0.41483585437063614,-0.0007973079989763737
2017-01-06 03:00:00,0.6125691136666492,-0.0004917147890522058
2017-01-06 03:00:00,-0.8875880563631896,0.0007422414275138331
2017-01-06 03:00:00,-0.21308889898332223,-0.007236667362325616
2017-01-06 03:00:00,0.8640452806241355,-0.0020164953442310574
2017-01-06 03:00:00,-0.8460216727656681,0.0038826973148475053
2017-01-06 03:00:00,-0.2788775716278876,0.002759637867111137
2017-01-06 03:00:00,-0.2741265518519703,0.00820845168153196
2017-01-06 03:00:00,-0.9066599339099871,0.0734650377386736
2017-01-06 03:00:00,0.31847032235811357,0.005229297403506146
2017-01-06 03:00:00,1.0274788626758822,-0.01245958950294327
2017-01-06 03:00:00,-0.30900483966937026,0.0038597061987491656
2017-01-06 03:00:00,-0.040821684332737626,-0.044682975047178865
2017-01-06 03:00:00,-0.24056381896513993,0.003504719960582324
2017-01-06 03:00:00,0.6911754994124008,-0.003593778189329922
2017-01-06 03:00:00,-0.09095515912015514,-0.0007953584521041443
2017-01-06 03:00:00,-0.3087269352912655,-0.00126376811948179
2017-01-06 03:00:00,-0.34783839194975025,0.00031921164911173644
2017-01-06 04:00:00,-0.7933410131383535,0.0011023597773925332
2017-01-06 04:00:00,-0.8284527279494109,0.006419826729190391
2017-01-06 04:00:00,0.14322049032499606,-0.008135378764262426
2017-01-06 04:00:00,0.28455292058897463,-0.0012908716762380266
2017-01-06 04:00:00,-1.2187591466121637,0.00835320127228302
2017-01-06 04:00:00,0.8628287935085419,-0.012724577931447687
2017-01-06 04:00:00,0.2201557249810627,0.0032175531678664986
2017-01-06 04:00:00,-1.3484933464623567,0.009322370701477869
2017-01-06 04:00:00,-0.4819968291371055,0.0012296378974432402
2017-01-06 04:00:00,-0.9561746708958618,0.0013214385376034178
2017-01-06 04:00:00,-1.0666469613171257,0.0010460193243026251
2017-01-06 04:00:00,-1.3040028530075538,0.0018377088234645118
2017-01-06 04:00:00,-0.3630072599815294,0.00014568171116954328
2017-01-06 04:00:00,0.9219341636063154,-0.6725596269539729
2017-01-06 04:00:00,1.8009219462082082,0.7255371286486499
2017-01-06 04:00:00,0.5220736068260836,0.00019797319876838055
2017-01-06 04:00:00,1.1817732251338922,-0.11308845922117376
2017-01-06 04:00:00,-0.5882305172974902,0.000453708449448625
2017-01-06 04:00:00,-0.5546781773800828,-0.00042204119951921306
2017-01-06 04:00:00,0.1866180104804678,-0.0001326191197128904
2017-01-06 04:00:00,-0.9211633462468202,0.0031657658923412097
2017-01-06 04:00:00,-1.5582629750062957,0.013646310426628342
2017-01-06 04:00:00,0.028363849389703478,-9.380225775702355e-06
2017-01-06 04:00:00,0.9777952594403487,8.214790534573363e-05
2017-01-06 04:00:00,-0.2633606358348391,0.0008607184362504785
2017-01-06 04:00:00,-1.0730995025301204,0.0006435934784141478
2017-01-06 04:00:00,0.7590261463725679,-0.001317690563104896
2017-01-06 04:00:00,-0.25984123268213466,0.00045755098155341947
2017-01-06 04:00:00,-0.5583684190857019,-0.0004423541846773606
2017-01-06 04:00:00,-1.1738500041744293,0.0008592830284840268
2017-01-06 04:00:00,-1.5207576192966847,0.0026557417506242837
2017-01-06 04:00:00,-1.5525094742198764,0.0027264016667096647
2017-01-06 04:00:00,-0.6815838951588298,0.0004291615659603023
2017-01-06 04:00:00,0.40625880590236024,-0.000755710778743224
2017-01-06 04:00:00,-0.6720804702034214,-4.008276566101352e-06
2017-01-06 04:00:00,0.41483585437063614,-0.0007973079989763737
2017-01-06 04:00:00,0.5658259801591646,-0.0004894391765340972
2017-01-06 04:00:00,-0.9187501453681793,0.0007437585025259072
2017-01-06 04:00:00,-0.2286699434858171,-0.00723590882481958
2017-01-06 04:00:00,0.8952073696291253,-0.00201801241924313
2017-01-06 04:00:00,-0.8460216727656681,0.0038826973148475053
2017-01-06 04:00:00,-0.2944586161303825,0.002760396404617173
2017-01-06 04:00:00,-0.2429644628469804,0.008206934606519887
2017-01-06 04:00:00,-0.9066599339099871,0.0734650377386736
2017-01-06 04:00:00,0.28730823335312383,0.005230814478518218
2017-01-06 04:00:00,0.9651546846659015,-0.012456555352919126
2017-01-06 04:00:00,-0.30900483966937026,0.0038597061987491656
2017-01-06 04:00:00,-0.009659595327747865,-0.04468449212219094
2017-01-06 04:00:00,-0.24056381896513993,0.003504719960582324
2017-01-06 04:00:00,0.6755944549099059,-0.003593019651823884
2017-01-06 04:00:00,-0.09095515912015514,-0.0007953584521041443
2017-01-06 04:00:00,-0.3398890242962552,-0.0012622510444697177
2017-01-06 04:00:00,-0.3166763029447605,0.000317694574099664
2017-01-06 05:00:00,-0.7621789241333637,0.0011008427023804607
2017-01-06 05:00:00,-0.7972906389444212,0.006418309654178319
2017-01-06 05:00:00,0.4080982468674089,-0.008148273901865044
2017-01-06 05:00:00,1.2817397687486485,-0.001339418076624348
2017-01-06 05:00:00,-1.2343401911146585,0.008353959809789056
2017-01-06 05:00:00,0.8316667045035521,-0.012723060856435615
2017-01-06 05:00:00,0.32922303649852686,0.003212243405324245
2017-01-06 05:00:00,-1.3952364799698413,0.009324646313995977
2017-01-06 05:00:00,-0.5287399626445902,0.0012319135099613488
2017-01-06 05:00:00,-1.0029178044033455,0.0013237141501215265
2017-01-06 05:00:00,-1.0666469613171257,0.0010460193243026251
2017-01-06 05:00:00,-1.3040028530075538,0.0018377088234645118
2017-01-06 05:00:00,-0.3630072599815294,0.00014568171116954328
2017-01-06 05:00:00,0.9375152081088102,-0.672560385491479
2017-01-06 05:00:00,1.7853409017057134,0.725537887186156
2017-01-06 05:00:00,0.4597494288161042,0.00020100734879252542
2017-01-06 05:00:00,1.2129353141388821,-0.11308997629618583
2017-01-06 05:00:00,-0.5726494727949952,0.0004529499119425888
2017-01-06 05:00:00,-0.6014213108875676,-0.0004197655870011044
2017-01-06 05:00:00,0.1710369659779729,-0.00013186058220685418
2017-01-06 05:00:00,-0.9211633462468202,0.0031657658923412097
2017-01-06 05:00:00,-1.5582629750062957,0.013646310426628342
2017-01-06 05:00:00,0.028363849389703478,-9.380225775702355e-06
2017-01-06 05:00:00,1.0868625709578141,7.683814280347838e-05
2017-01-06 05:00:00,-0.2633606358348391,0.0008607184362504785
2017-01-06 05:00:00,-1.0730995025301204,0.0006435934784141478
2017-01-06 05:00:00,0.7590261463725679,-0.001317690563104896
2017-01-06 05:00:00,-0.25984123268213466,0.00045755098155341947
2017-01-06 05:00:00,-0.5583684190857019,-0.0004423541846773606
2017-01-06 05:00:00,-1.1738500041744293,0.0008592830284840268
2017-01-06 05:00:00,-1.5207576192966847,0.0026557417506242837
2017-01-06 05:00:00,-1.5525094742198764,0.0027264016667096647
2017-01-06 05:00:00,-0.6815838951588298,0.0004291615659603023
2017-01-06 05:00:00,0.40625880590236024,-0.000755710778743224
2017-01-06 05:00:00,-0.39162166915851326,-1.7661951674754984e-05
2017-01-06 05:00:00,0.41483585437063614,-0.0007973079989763737
2017-01-06 05:00:00,0.5658259801591646,-0.0004894391765340972
2017-01-06 05:00:00,-0.9187501453681793,0.0007437585025259072
2017-01-06 05:00:00,-0.2286699434858171,-0.00723590882481958
2017-01-06 05:00:00,0.8952073696291253,-0.00201801241924313
2017-01-06 05:00:00,-0.8460216727656681,0.0038826973148475053
2017-01-06 05:00:00,-0.2944586161303825,0.002760396404617173
2017-01-06 05:00:00,-0.2429644628469804,0.008206934606519887
2017-01-06 05:00:00,-0.9066599339099871,0.0734650377386736
2017-01-06 05:00:00,0.28730823335312383,0.005230814478518218
2017-01-06 05:00:00,0.9651546846659015,-0.012456555352919126
2017-01-06 05:00:00,-0.30900483966937026,0.0038597061987491656
2017-01-06 05:00:00,-0.009659595327747865,-0.04468449212219094
2017-01-06 05:00:00,-0.24056381896513993,0.003504719960582324
2017-01-06 05:00:00,0.6444323659049161,-0.0035915025768118117
2017-01-06 05:00:00,-0.10653620362265002,-0.0007945999145981081
2017-01-06 05:00:00,-0.3398890242962552,-0.0012622510444697177
2017-01-06 05:00:00,-0.3010952584422656,0.0003169360365936278
2017-01-06 06:00:00,-0.7621789241333637,0.0011008427023804607
2017-01-06 06:00:00,-0.7661285499394315,0.006416792579166246
2017-01-06 06:00:00,0.5171655583848731,-0.008153583664407297
2017-01-06 06:00:00,1.5466175252910614,-0.0013523132142269653
2017-01-06 06:00:00,-1.2499212356171534,0.008354718347295093
2017-01-06 06:00:00,0.847247749006047,-0.012723819393941651
2017-01-06 06:00:00,0.4850334815234757,0.003204658030263883
2017-01-06 06:00:00,-1.3796554354673463,0.009323887776489941
2017-01-06 06:00:00,-0.5287399626445902,0.0012319135099613488
2017-01-06 06:00:00,-1.3457007834582326,0.001340401975254325
2017-01-06 06:00:00,-1.0510659168146308,0.001045260786796589
2017-01-06 06:00:00,-1.3040028530075538,0.0018377088234645118
2017-01-06 06:00:00,-0.3630072599815294,0.00014568171116954328
2017-01-06 06:00:00,0.7505426740788717,-0.6725512830414065
2017-01-06 06:00:00,1.5360441896657953,0.7255500237862526
2017-01-06 06:00:00,0.5064925623235889,0.00019873173627441677
2017-01-06 06:00:00,0.9013144240889832,-0.11307480554606511
2017-01-06 06:00:00,-0.6038115617999851,0.0004544669869546612
2017-01-06 06:00:00,-0.5702592218825778,-0.00042128266201317684
2017-01-06 06:00:00,0.10871278796799343,-0.00012882643218270931
2017-01-06 06:00:00,1.499246062046583,-0.0013998604920713246
2017-01-06 06:00:00,-0.049541373122770946,-5.587538245521272e-06
2017-01-06 06:00:00,1.8439050593186526,-0.001393062476821383
2017-01-06 06:00:00,-0.3412658583473135,0.0008645111237806595
2017-01-06 06:00:00,-0.7147354789727394,0.0006261471157753131
2017-01-06 06:00:00,0.7434451018700731,-0.0013169320255988599
2017-01-06 06:00:00,0.5659541259500941,0.00041734849373349674
2017-01-06 06:00:00,-0.5895305080906917,-0.00044083710966528816
2017-01-06 06:00:00,-0.17348704612358473,-2.8281476759262016e-05
2017-01-06 06:00:00,0.2278633203406976,-0.0007882055489039373
2017-01-06 06:00:00,0.1918809120992877,-0.0004712342763892262
2017-01-06 06:00:00,-1.0901416348956219,0.0007521024150923056
2017-01-06 06:00:00,-0.3688993440082712,-0.007229081987265254
2017-01-06 06:00:00,0.6147485685842173,-0.0020043587441344757
2017-01-06 06:00:00,-0.7057922722432142,0.0038758704772931794
2017-01-06 06:00:00,-0.4658501056578262,0.0027687403171835715
2017-01-06 06:00:00,-0.33645072986194985,0.008211485831556104
2017-01-06 06:00:00,-0.8754978449049974,0.07346352066366152
2017-01-06 06:00:00,0.25614614434813404,0.005232331553530293
2017-01-06 06:00:00,0.8405063286459424,-0.012450487052870836
2017-01-06 06:00:00,-0.2778427506643805,0.003858189123737093
2017-01-06 06:00:00,-0.16547004035269675,-0.044676906747130575
2017-01-06 06:00:00,-0.20940172996015016,0.0035032028855702516
2017-01-06 06:00:00,0.8937290779448344,-0.0036036391769083934
2017-01-06 06:00:00,-0.3714139601650633,-0.0007817047769954907
2017-01-06 06:00:00,-0.012687089743862522,-0.00127818033209648
2017-01-06 06:00:00,-0.05179854640234734,0.0003047994364970466
2017-01-06 07:00:00,-0.7310168351283739,0.0010993256273683883
2017-01-06 07:00:00,-0.8128716834469161,0.006419068191684355
2017-01-06 07:00:00,0.5171655583848731,-0.008153583664407297
2017-01-06 07:00:00,1.8114952818334746,-0.0013652083518295827
2017-01-06 07:00:00,-1.2655022801196483,0.008355476884801129
2017-01-06 07:00:00,0.9095719270160265,-0.012726853543965796
2017-01-06 07:00:00,0.4850334815234757,0.003204658030263883
2017-01-06 07:00:00,-1.3952364799698413,0.009324646313995977
2017-01-06 07:00:00,-0.5287399626445902,0.0012319135099613488
2017-01-06 07:00:00,-1.3457007834582326,0.001340401975254325
2017-01-06 07:00:00,-1.0978090503221154,0.0010475363993146976
2017-01-06 07:00:00,-1.3195838975100487,0.001838467360970548
2017-01-06 07:00:00,-0.3162641264740447,0.0001434060986514329
2017-01-06 07:00:00,0.7349616295763768,-0.6725505245039005
2017-01-06 07:00:00,1.6295304566807645,0.7255454725612163
2017-01-06 07:00:00,0.4597494288161042,0.00020100734879252542
2017-01-06 07:00:00,0.7299229345615396,-0.1130664616334987
2017-01-06 07:00:00,-0.5882305172974902,0.000453708449448625
2017-01-06 07:00:00,-0.383286687852639,-0.0004303851120856132
2017-01-06 07:00:00,0.030807565455518958,-0.00012503374465252823
2017-01-06 07:00:00,-0.9679064797543049,0.0031680415048593183
2017-01-06 07:00:00,-1.5582629750062957,0.013646310426628342
2017-01-06 07:00:00,1.499246062046583,-0.0013998604920713246
2017-01-06 07:00:00,-0.049541373122770946,-5.587538245521272e-06
2017-01-06 07:00:00,1.9438200185950327,3.5118579971483e-05
2017-01-06 07:00:00,1.6413514807862188,-0.0013832014892429104
2017-01-06 07:00:00,-0.12313123531238487,0.0008538915986961508
2017-01-06 07:00:00,0.1578030131669745,0.0005836690154372815
2017-01-06 07:00:00,0.9148365913975168,-0.0013252759381652583
2017-01-06 07:00:00,1.9526670866721403,0.00034983865569626664
2017-01-06 07:00:00,-0.48046319657322745,-0.0004461468722075434
2017-01-06 07:00:00,-1.1271068706669447,0.0008570074159659182
2017-01-06 07:00:00,-1.5363386637991794,0.00265650028813032
2017-01-06 07:00:00,-1.5213473852148869,0.0027248845916975923
2017-01-06 07:00:00,-0.5725165836413655,0.00042385180341804877
2017-01-06 07:00:00,0.26602940537990627,-0.0007488839411888963
2017-01-06 07:00:00,-0.2046491351285745,-2.6764401747189583e-05
2017-01-06 07:00:00,0.19670123133570783,-0.0007866884738918649
2017-01-06 07:00:00,0.23862404560677233,-0.00047350988890733483
2017-01-06 07:00:00,-1.0901416348956219,0.0007521024150923056
2017-01-06 07:00:00,-0.3688993440082712,-0.007229081987265254
2017-01-06 07:00:00,0.6147485685842173,-0.0020043587441344757
2017-01-06 07:00:00,-0.7057922722432142,0.0038758704772931794
2017-01-06 07:00:00,-0.4658501056578262,0.0027687403171835715
2017-01-06 07:00:00,-0.33645072986194985,0.008211485831556104
2017-01-06 07:00:00,-0.8754978449049974,0.07346352066366152
2017-01-06 07:00:00,0.25614614434813404,0.005232331553530293
2017-01-06 07:00:00,0.8405063286459424,-0.012450487052870836
2017-01-06 07:00:00,-0.2778427506643805,0.003858189123737093
2017-01-06 07:00:00,-0.16547004035269675,-0.044676906747130575
2017-01-06 07:00:00,-0.20940172996015016,0.0035032028855702516
2017-01-06 07:00:00,0.9248911669498241,-0.003605156251920466
2017-01-06 07:00:00,-0.30908978215508376,-0.0007847389270196355
2017-01-06 07:00:00,-0.19965962377380114,-0.0012690778820240436
2017-01-06 07:00:00,0.07284980961761178,0.00029873113644875686
2017-01-06 08:00:00,-0.6998547461233842,0.0010978085523563159
2017-01-06 08:00:00,-0.7349664609344416,0.006415275504154174
2017-01-06 08:00:00,0.48600346937988337,-0.008152066589395225
2017-01-06 08:00:00,-0.7126339275706982,-0.0012423252758517035
2017-01-06 08:00:00,-1.3122454136271329,0.008357752497319237
2017-01-06 08:00:00,1.0342202830359866,-0.012732921844014086
2017-01-06 08:00:00,0.5317766150309602,0.0032023824177457743
2017-01-06 08:00:00,-1.3329123019598619,0.009321612163971833
2017-01-06 08:00:00,-0.43525369562962085,0.0012273622849251315
2017-01-06 08:00:00,-1.2054713829357786,0.0013335751376999986
2017-01-06 08:00:00,-1.0510659168146308,0.001045260786796589
2017-01-06 08:00:00,-1.2884218085050592,0.0018369502859584756
2017-01-06 08:00:00,-0.05138636993163149,0.00013051096104881732
2017-01-06 08:00:00,0.8751910300988307,-0.6725573513414548
2017-01-06 08:00:00,1.7697598572032187,0.725538645723662
2017-01-06 08:00:00,0.5688167403335683,0.0001956975862502719
2017-01-06 08:00:00,0.7610850235665293,-0.11306797870851078
2017-01-06 08:00:00,-0.448001116775036,0.00044688161189429754
2017-01-06 08:00:00,-0.2898004208376696,-0.0004349363371218305
2017-01-06 08:00:00,0.09313174346549853,-0.0001280678946766731
2017-01-06 08:00:00,-0.827677079231851,0.0031612146673049906
2017-01-06 08:00:00,-1.4959387969963163,0.013643276276604197
2017-01-06 08:00:00,1.5304081510515728,-0.001401377567083397
2017-01-06 08:00:00,0.10626907190217795,-1.3172913305883436e-05
2017-01-06 08:00:00,2.4112513536698783,1.2362454790394774e-05
2017-01-06 08:00:00,1.6880946142937037,-0.001385477101761019
2017-01-06 08:00:00,0.0015171207075741423,0.000847823298647861
2017-01-06 08:00:00,0.46942390321687205,0.0005684982653165555
2017-01-06 08:00:00,1.0083228584124861,-0.0013298271632014756
2017-01-06 08:00:00,2.357774243737006,0.0003301166805393236
2017-01-06 08:00:00,-0.3402337960507734,-0.00045297370976186936
2017-01-06 08:00:00,-1.1582689596719342,0.0008585244909779906
2017-01-06 08:00:00,-1.458433441286705,0.002652707600600139
2017-01-06 08:00:00,-1.5680905187223715,0.002727160204215701
2017-01-06 08:00:00,-0.463449272123901,0.0004185420408757935
2017-01-06 08:00:00,0.6399744734397833,-0.0007670888413337673
2017-01-06 08:00:00,-0.2046491351285745,-2.6764401747189583e-05
2017-01-06 08:00:00,0.2278633203406976,-0.0007882055489039373
2017-01-06 08:00:00,0.41001553513421596,-0.00048185380147373495
2017-01-06 08:00:00,-1.0589795458906321,0.0007505853400802332
2017-01-06 08:00:00,-0.057278453958373304,-0.00724425273738598
2017-01-06 08:00:00,0.9107884141316203,-0.002018770956749166
2017-01-06 08:00:00,-0.6590491387357295,0.0038735948647750707
2017-01-06 08:00:00,-0.4814311501603211,0.0027694988546896077
2017-01-06 08:00:00,-0.1183161068270213,0.008200866306471596
2017-01-06 08:00:00,-0.9066599339099871,0.0734650377386736
2017-01-06 08:00:00,0.31847032235811357,0.005229297403506146
2017-01-06 08:00:00,1.1521272186958413,-0.012465657802991562
2017-01-06 08:00:00,0.033778139385517325,0.003843018373616367
2017-01-06 08:00:00,-0.07198377333772736,-0.04468145797216679
2017-01-06 08:00:00,-0.3028879969751196,0.003507754110606469
2017-01-06 08:00:00,1.5637139915521154,-0.0036362562896679537
2017-01-06 08:00:00,-0.09095515912015514,-0.0007953584521041443
2017-01-06 08:00:00,0.12754231077859146,-0.001285007169650806
2017-01-06 08:00:00,0.3377275661600247,0.00028583599884613944
2017-01-06 09:00:00,-0.8245031021433432,0.0011038768524046056
2017-01-06 09:00:00,-0.7038043719294519,0.0064137584291421015
2017-01-06 09:00:00,0.4704224248773885,-0.008151308051889189
2017-01-06 09:00:00,0.5494306771313875,-0.0013037668138406423
2017-01-06 09:00:00,-1.3122454136271329,0.008357752497319237
2017-01-06 09:00:00,1.1121255055484611,-0.012736714531544267
2017-01-06 09:00:00,0.4694524370209808,0.003205416567769919
2017-01-06 09:00:00,-1.3484933464623567,0.009322370701477869
2017-01-06 09:00:00,-0.4508347401321157,0.0012281208224311677
2017-01-06 09:00:00,-1.2366334719407683,0.001335092212712071
2017-01-06 09:00:00,-1.0510659168146308,0.001045260786796589
2017-01-06 09:00:00,-1.2884218085050592,0.0018369502859584756
2017-01-06 09:00:00,0.04209989708333782,0.00012595973601259828
2017-01-06 09:00:00,1.0154204306212853,-0.6725641781790092
2017-01-06 09:00:00,1.8632461242181877,0.7255340944986257
2017-01-06 09:00:00,0.615559873841053,0.00019342197373216325
2017-01-06 09:00:00,0.7610850235665293,-0.11306797870851078
2017-01-06 09:00:00,-0.448001116775036,0.00044688161189429754
2017-01-06 09:00:00,-0.16515206481771041,-0.0004410046371701202
2017-01-06 09:00:00,0.10871278796799343,-0.00012882643218270931
2017-01-06 09:00:00,-0.7653529012218715,0.0031581805172808458
2017-01-06 09:00:00,-1.5271008860013062,0.01364479335161627
2017-01-06 09:00:00,1.623894418066542,-0.0014059287921196143
2017-01-06 09:00:00,0.19975533891714722,-1.7724138342100737e-05
2017-01-06 09:00:00,2.520318665187342,7.052692248141259e-06
2017-01-06 09:00:00,1.7504187923036831,-0.001388511251785164
2017-01-06 09:00:00,0.11058443222503839,0.0008425135361056075
2017-01-06 09:00:00,0.6096533037393259,0.0005616714277622295
2017-01-06 09:00:00,1.0862280809249616,-0.0013336198507316584
2017-01-06 09:00:00,2.59148991127443,0.0003187386179487786
2017-01-06 09:00:00,-0.29349066254328876,-0.000455249322279978
2017-01-06 09:00:00,-1.0803637371594599,0.0008547318034478095
2017-01-06 09:00:00,-1.4740144857892,0.002653466138106175
2017-01-06 09:00:00,-1.5525094742198764,0.0027264016667096647
2017-01-06 09:00:00,-0.4322871831189113,0.0004170249658637211
2017-01-06 09:00:00,0.6399744734397833,-0.0007670888413337673
2017-01-06 09:00:00,-0.2513922686360593,-2.4488789229080933e-05
2017-01-06 09:00:00,0.2901874983506771,-0.0007912396989280839
2017-01-06 09:00:00,0.37885344612922617,-0.0004803367264616625
2017-01-06 09:00:00,-1.0433985013881373,0.000749826802574197
2017-01-06 09:00:00,0.02062676855410107,-0.007248045424916161
2017-01-06 09:00:00,0.9107884141316203,-0.002018770956749166
2017-01-06 09:00:00,-0.6590491387357295,0.0038735948647750707
2017-01-06 09:00:00,-0.49701219466281604,0.002770257392195644
2017-01-06 09:00:00,-0.1183161068270213,0.008200866306471596
2017-01-06 09:00:00,-0.9066599339099871,0.0734650377386736
2017-01-06 09:00:00,0.31847032235811357,0.005229297403506146
2017-01-06 09:00:00,1.5260722867557186,-0.012483862703136433
2017-01-06 09:00:00,0.002616050380527534,0.0038445354486284396
2017-01-06 09:00:00,-0.040821684332737626,-0.044682975047178865
2017-01-06 09:00:00,-0.1159154629451808,0.0034986516605340326
2017-01-06 09:00:00,1.7818486145870438,-0.0036468758147524608
2017-01-06 09:00:00,-0.044212025612670534,-0.0007976340646222529
2017-01-06 09:00:00,0.3145148448085299,-0.0012941096197232422
2017-01-06 09:00:00,0.3065654771550349,0.0002873530738582119
2017-01-06 10:00:00,-0.7933410131383535,0.0011023597773925332
2017-01-06 10:00:00,-0.688223327426957,0.006412999891636065
2017-01-06 10:00:00,0.5639086918923577,-0.008155859276925406
2017-01-06 10:00:00,0.5650117216338824,-0.0013045253513466785
2017-01-06 10:00:00,-1.2499212356171534,0.008354718347295093
2017-01-06 10:00:00,1.2211928170659254,-0.012742024294086522
2017-01-06 10:00:00,0.6564249710509192,0.003196314117697483
2017-01-06 10:00:00,-1.3329123019598619,0.009321612163971833
2017-01-06 10:00:00,-0.3573484731171464,0.0012235695973949504
2017-01-06 10:00:00,-1.2054713829357786,0.0013335751376999986
2017-01-06 10:00:00,-1.0510659168146308,0.001045260786796589
2017-01-06 10:00:00,-1.2884218085050592,0.0018369502859584756
2017-01-06 10:00:00,0.12000511959581227,0.0001221670484824172
2017-01-06 10:00:00,0.9842583416162949,-0.6725626611039971
2017-01-06 10:00:00,1.8944082132231777,0.7255325774236137
2017-01-06 10:00:00,0.6778840518510325,0.00019038782370801665
2017-01-06 10:00:00,0.8545712905814986,-0.113072529933547
2017-01-06 10:00:00,-0.4635821612775309,0.00044764014940033376
2017-01-06 10:00:00,-0.08724684230523595,-0.000444797324700303
2017-01-06 10:00:00,0.15545592147547801,-0.00013110204470081796
2017-01-06 10:00:00,-0.5316372336844482,0.0031468024546903025
2017-01-06 10:00:00,-1.5115198414988114,0.013644034814110233
2017-01-06 10:00:00,1.7641238185889963,-0.0014127556296739403
2017-01-06 10:00:00,0.2620795169271266,-2.0758288366245603e-05
2017-01-06 10:00:00,2.567061798694827,4.777079730032609e-06
2017-01-06 10:00:00,1.9841344598411066,-0.001399889314375709
2017-01-06 10:00:00,0.11058443222503839,0.0008425135361056075
2017-01-06 10:00:00,0.6719774817493054,0.0005586372777380829
2017-01-06 10:00:00,1.1641333034374362,-0.0013374125382618395
2017-01-06 10:00:00,2.7628814008018736,0.00031039470538238024
2017-01-06 10:00:00,-0.246747529035804,-0.0004575249347980867
2017-01-06 10:00:00,-1.0803637371594599,0.0008547318034478095
2017-01-06 10:00:00,-1.4428523967842104,0.0026519490630941027
2017-01-06 10:00:00,-1.5369284297173815,0.0027256431292036285
2017-01-06 10:00:00,-0.38554404961142663,0.00041474935334561244
2017-01-06 10:00:00,0.811365962967227,-0.0007754327539001674
2017-01-06 10:00:00,-0.2046491351285745,-2.6764401747189583e-05
2017-01-06 10:00:00,0.43041689887313106,-0.0007980665364824099
2017-01-06 10:00:00,0.51908284665168,-0.00048716356401598847
2017-01-06 10:00:00,-1.0433985013881373,0.000749826802574197
2017-01-06 10:00:00,0.08295094656408067,-0.007251079574940306
2017-01-06 10:00:00,0.9575315476391049,-0.0020210465692672747
2017-01-06 10:00:00,-0.6590491387357295,0.0038735948647750707
2017-01-06 10:00:00,-0.43468801665283646,0.002767223242171499
2017-01-06 10:00:00,-0.08715401782203154,0.008199349231459523
2017-01-06 10:00:00,-0.8443357559000075,0.07346200358864945
2017-01-06 10:00:00,0.5054428563880521,0.005220194953433711
2017-01-06 10:00:00,1.6818827317806675,-0.012491448078196795
2017-01-06 10:00:00,0.0961023173954969,0.0038399842235922223
2017-01-06 10:00:00,0.0838266716872215,-0.044689043347227154
2017-01-06 10:00:00,-0.24056381896513993,0.003504719960582324
2017-01-06 10:00:00,2.0155642821244673,-0.0036582538773430057
2017-01-06 10:00:00,0.11159841941227837,-0.0008052194396826151
2017-01-06 10:00:00,0.3612579783160146,-0.0012963852322413509
2017-01-06 10:00:00,0.4000517441700042,0.0002828018488219946
2017-01-06 11:00:00,-0.5440443010984353,0.001090223177295952
2017-01-06 11:00:00,-0.6414801939194723,0.006410724279117957
2017-01-06 11:00:00,0.7508812259222963,-0.008164961726997842
2017-01-06 11:00:00,0.9233757451912646,-0.0013219717139855132
2017-01-06 11:00:00,-1.296664369124638,0.008356993959813201
2017-01-06 11:00:00,1.4081653510958638,-0.012751126744158956
2017-01-06 11:00:00,0.7187491490608988,0.003193279967673338
2017-01-06 11:00:00,-1.301750212954872,0.00932009508895976
2017-01-06 11:00:00,-0.279443250604672,0.0012197769098647676
2017-01-06 11:00:00,-0.7692021368659232,0.0013123360875309832
2017-01-06 11:00:00,-1.019903827809641,0.0010437437117845165
2017-01-06 11:00:00,-1.1793544969875949,0.001831640523416222
2017-01-06 11:00:00,0.21349138661078154,0.00011761582344619992
2017-01-06 11:00:00,1.2179740091537197,-0.6725740391665876
2017-01-06 11:00:00,2.206029103273074,0.725517406673493
2017-01-06 11:00:00,0.755789274363507,0.00018659513617783557
2017-01-06 11:00:00,1.0103817356064477,-0.11308011530860736
2017-01-06 11:00:00,-0.4168390277700463,0.0004453645368822251
2017-01-06 11:00:00,0.06856360271971285,-0.0004523826997606652
2017-01-06 11:00:00,0.28010427749543704,-0.00013717034474910943
2017-01-06 11:00:00,-0.5160561891819533,0.0031460439171842663
2017-01-06 11:00:00,-1.5115198414988114,0.013644034814110233
2017-01-06 11:00:00,1.9666773971214295,-0.0014226166172524128
2017-01-06 11:00:00,0.4023089174495806,-2.7585125920573286e-05
2017-01-06 11:00:00,2.89426373324722,-1.1152207896729675e-05
2017-01-06 11:00:00,2.1243638603635597,-0.0014067161519300349
2017-01-06 11:00:00,0.1417465212300281,0.0008409964610935351
2017-01-06 11:00:00,0.734301659759285,0.0005556031277139381
2017-01-06 11:00:00,1.2576195704524056,-0.0013419637632980568
2017-01-06 11:00:00,2.934272890329317,0.00030205079281598186
2017-01-06 11:00:00,-0.12209917301584493,-0.00046359323484637644
2017-01-06 11:00:00,-1.1582689596719342,0.0008585244909779906
2017-01-06 11:00:00,-1.4428523967842104,0.0026519490630941027
2017-01-06 11:00:00,-1.5369284297173815,0.0027256431292036285
2017-01-06 11:00:00,1.0450816305046517,-0.0007868108164907124
2017-01-06 11:00:00,-0.2046491351285745,-2.6764401747189583e-05
2017-01-06 11:00:00,0.47716003238061566,-0.0008003421490005185
2017-01-06 11:00:00,0.5969880691641545,-0.0004909562515461696
2017-01-06 11:00:00,-1.0122364123831475,0.0007483097275621245
2017-01-06 11:00:00,0.1296940800715653,-0.007253355187458415
2017-01-06 11:00:00,1.1756661706740346,-0.0020316660943517834
2017-01-06 11:00:00,-0.6278870497307397,0.0038720777897629983
2017-01-06 11:00:00,-0.3879448831453518,0.0027649476296533904
2017-01-06 11:00:00,-0.055991928817041785,0.00819783215644745
2017-01-06 11:00:00,-0.782011577890028,0.0734589694386253
2017-01-06 11:00:00,0.6300912124080111,0.005214126653385422
2017-01-06 11:00:00,2.118151977850523,-0.01251268712836581
2017-01-06 11:00:00,0.2519127624204456,0.00383239884853186
2017-01-06 11:00:00,0.20847502770718052,-0.044695111647275444
2017-01-06 11:00:00,0.07105707108475781,0.003489549210461598
2017-01-06 11:00:00,2.2960230831693744,-0.0036719075524516594
2017-01-06 11:00:00,0.20508468642724764,-0.0008097706647188324
2017-01-06 11:00:00,0.5170684233409633,-0.001303970607301713
2017-01-06 11:00:00,0.5714432336974477,0.0002744579362555962
2017-01-06 12:00:00,-0.5596253456009302,0.0010909817148019882
2017-01-06 12:00:00,-0.6258991494169774,0.00640996574161192
2017-01-06 12:00:00,0.6885570479123168,-0.008161927576973696
2017-01-06 12:00:00,0.8143084336738005,-0.0013166619514432597
2017-01-06 12:00:00,-1.2655022801196483,0.008355476884801129
2017-01-06 12:00:00,1.3458411730858844,-0.012748092594134812
2017-01-06 12:00:00,0.5941007930409397,0.0031993482677216277
2017-01-06 12:00:00,-1.3173312574573668,0.009320853626465796
2017-01-06 12:00:00,-0.3729295176196413,0.0012243281349009867
2017-01-06 12:00:00,-0.7692021368659232,0.0013123360875309832
2017-01-06 12:00:00,-0.9731606943021577,0.0010414680992664078
2017-01-06 12:00:00,-1.2884218085050592,0.0018369502859584756
2017-01-06 12:00:00,0.18232929760579178,0.00011913289845827235
2017-01-06 12:00:00,1.1244877421387502,-0.6725694879415514
2017-01-06 12:00:00,2.1592859697655897,0.725519682286011
2017-01-06 12:00:00,0.8648565858809713,0.00018128537363558205
2017-01-06 12:00:00,-0.09587242407068912,-0.11302625914567879
2017-01-06 12:00:00,-0.3700958942625616,0.0004430889243641167
2017-01-06 12:00:00,0.11530673622719756,-0.00045465831227877384
2017-01-06 12:00:00,0.21778009948545757,-0.00013413619472496283
2017-01-06 12:00:00,-0.7030287232118919,0.003155146367256701
2017-01-06 12:00:00,-1.5115198414988114,0.013644034814110233
2017-01-06 12:00:00,1.7485427740865012,-0.001411997092167904
2017-01-06 12:00:00,0.4178899619520755,-2.8343663426609502e-05
2017-01-06 12:00:00,2.83193955523724,-8.118057872584808e-06
2017-01-06 12:00:00,2.06203968235358,-0.00140368200190589
2017-01-06 12:00:00,0.17290861023501788,0.0008394793860814627
2017-01-06 12:00:00,0.7966258377692644,0.0005525689776897932
2017-01-06 12:00:00,1.33552479296488,-0.0013457564508282378
2017-01-06 12:00:00,3.027759157344286,0.00029749956777976283
2017-01-06 12:00:00,-0.23116648453330907,-0.0004582834723041229
2017-01-06 12:00:00,-1.4895955302916948,0.0026542246756122113
2017-01-06 12:00:00,-1.5525094742198764,0.0027264016667096647
2017-01-06 12:00:00,-0.15182838207400326,0.0004033712907550692
2017-01-06 12:00:00,0.9204332744846911,-0.0007807425164424209
2017-01-06 12:00:00,-0.39162166915851326,-1.7661951674754984e-05
2017-01-06 12:00:00,0.41483585437063614,-0.0007973079989763737
2017-01-06 12:00:00,0.5969880691641545,-0.0004909562515461696
2017-01-06 12:00:00,-1.0122364123831475,0.0007483097275621245
2017-01-06 12:00:00,0.06736990206158575,-0.00725032103743427
2017-01-06 12:00:00,1.0510178146540756,-0.0020255977943034937
2017-01-06 12:00:00,-0.6123060052282449,0.003871319252256962
2017-01-06 12:00:00,-0.34120174963786715,0.0027626720171352818
2017-01-06 12:00:00,-0.1494781958320111,0.00820238338148367
2017-01-06 12:00:00,-0.8443357559000075,0.07346200358864945
2017-01-06 12:00:00,0.5366049453930418,0.005218677878421639
2017-01-06 12:00:00,1.9000173548155959,-0.012502067603281304
2017-01-06 12:00:00,-0.12203230563943149,0.0038506037486767293
2017-01-06 12:00:00,0.11498876069221127,-0.04469056042223923
2017-01-06 12:00:00,0.008732893074778215,0.003492583360485743
2017-01-06 12:00:00,1.8130107035920335,-0.003648392889764533
2017-01-06 12:00:00,0.12717946391477322,-0.0008059779771886513
2017-01-06 12:00:00,0.3145148448085299,-0.0012941096197232422
2017-01-06 12:00:00,0.27540338815004517,0.0002888701488702843
2017-01-06 13:00:00,-0.6375305681134046,0.001094774402332171
2017-01-06 13:00:00,-0.688223327426957,0.006412999891636065
2017-01-06 13:00:00,0.5950707808973474,-0.008157376351937478
2017-01-06 13:00:00,0.751984255663821,-0.0013136278014191148
2017-01-06 13:00:00,-1.2810833246221434,0.008356235422307165
2017-01-06 13:00:00,1.3458411730858844,-0.012748092594134812
2017-01-06 13:00:00,0.4071282590110013,0.003208450717794064
2017-01-06 13:00:00,-1.3640743909648516,0.009323129238983905
2017-01-06 13:00:00,-0.43525369562962085,0.0012273622849251315
2017-01-06 13:00:00,-0.8159452703734078,0.0013146117000490919
2017-01-06 13:00:00,-0.9731606943021577,0.0010414680992664078
2017-01-06 13:00:00,-1.2884218085050592,0.0018369502859584756
2017-01-06 13:00:00,0.18232929760579178,0.00011913289845827235
2017-01-06 13:00:00,1.1400687866412451,-0.6725702464790574
2017-01-06 13:00:00,2.1281238807606,0.7255211993610231
2017-01-06 13:00:00,0.755789274363507,0.00018659513617783557
2017-01-06 13:00:00,1.0259627801089433,-0.1130808738461134
2017-01-06 13:00:00,-0.33893380525757183,0.00044157184935204424
2017-01-06 13:00:00,0.11530673622719756,-0.00045465831227877384
2017-01-06 13:00:00,0.1710369659779729,-0.00013186058220685418
2017-01-06 13:00:00,-0.6095424561969226,0.0031505951422204836
2017-01-06 13:00:00,-1.4959387969963163,0.013643276276604197
2017-01-06 13:00:00,1.8731911301064603,-0.0014180653922161955
2017-01-06 13:00:00,0.30882265043461127,-2.3033900884355987e-05
2017-01-06 13:00:00,2.847520599739735,-8.876595378621024e-06
2017-01-06 13:00:00,2.1555259493685495,-0.0014082332269421073
2017-01-06 13:00:00,0.20407069924000765,0.0008379623110693902
2017-01-06 13:00:00,0.7810447932667697,0.0005533275151958294
2017-01-06 13:00:00,1.3822679264723645,-0.0013480320633463465
2017-01-06 13:00:00,3.074502290851771,0.0002952239552616542
2017-01-06 13:00:00,-0.1844233510258244,-0.0004605590848222316
2017-01-06 13:00:00,-1.5207576192966847,0.0026557417506242837
2017-01-06 13:00:00,-1.5525094742198764,0.0027264016667096647
2017-01-06 13:00:00,-0.2608956935914676,0.0004086810532973227
2017-01-06 13:00:00,0.9360143189871861,-0.0007815010539484571
2017-01-06 13:00:00,-0.6720804702034214,-4.008276566101352e-06
2017-01-06 13:00:00,0.5239031658881002,-0.0008026177615186272
2017-01-06 13:00:00,0.6437312026716391,-0.0004932318640642783
2017-01-06 13:00:00,-0.9499122343731693,0.0007452755775379797
2017-01-06 13:00:00,0.02062676855410107,-0.007248045424916161
2017-01-06 13:00:00,1.0665988591565703,-0.00202635633180953
2017-01-06 13:00:00,-0.59672496072575,0.003870560714750926
2017-01-06 13:00:00,-0.3256207051353723,0.0027619134796292456
2017-01-06 13:00:00,-0.1183161068270213,0.008200866306471596
2017-01-06 13:00:00,-0.8443357559000075,0.07346200358864945
2017-01-06 13:00:00,0.41195658937308294,0.005224746178469929
2017-01-06 13:00:00,1.9000173548155959,-0.012502067603281304
2017-01-06 13:00:00,-0.12203230563943149,0.0038506037486767293
2017-01-06 13:00:00,0.021502493677241892,-0.04468600919720301
2017-01-06 13:00:00,0.008732893074778215,0.003492583360485743
2017-01-06 13:00:00,1.8753348816020132,-0.00365142703978868
2017-01-06 13:00:00,0.049274241402298774,-0.0008021852896584702
2017-01-06 13:00:00,0.3456769338135197,-0.0012956266947353147
2017-01-06 13:00:00,0.15075503213008615,0.0002949384489185758
2017-01-06 14:00:00,-0.6375305681134046,0.001094774402332171
2017-01-06 14:00:00,-0.7193854164319468,0.006414516966648138
2017-01-06 14:00:00,0.5794897363948526,-0.008156617814431442
2017-01-06 14:00:00,0.5338496326288925,-0.001303008276334606
2017-01-06 14:00:00,-1.3122454136271329,0.008357752497319237
2017-01-06 14:00:00,1.3302601285833895,-0.012747334056628775
2017-01-06 14:00:00,0.3448040810010217,0.003211484867818209
2017-01-06 14:00:00,-1.3484933464623567,0.009322370701477869
2017-01-06 14:00:00,-0.4664157846346106,0.001228879359937204
2017-01-06 14:00:00,-0.8626884038808924,0.0013168873125672005
2017-01-06 14:00:00,-1.019903827809641,0.0010437437117845165
2017-01-06 14:00:00,-1.2572597195000692,0.0018354332109464032
2017-01-06 14:00:00,0.3693018316357302,0.00011003044838583774
2017-01-06 14:00:00,1.0933256531337603,-0.6725679708665393
2017-01-06 14:00:00,2.1592859697655897,0.725519682286011
2017-01-06 14:00:00,0.8025324078709916,0.00018431952365972692
2017-01-06 14:00:00,1.0727059136164279,-0.11308314945863152
2017-01-06 14:00:00,-0.29219067175008717,0.0004392962368339356
2017-01-06 14:00:00,0.11530673622719756,-0.00045465831227877384
2017-01-06 14:00:00,0.2645232329929421,-0.00013641180724307148
2017-01-06 14:00:00,-0.6718666342069021,0.0031536292922446285
2017-01-06 14:00:00,-1.4959387969963163,0.013643276276604197
2017-01-06 14:00:00,1.9822584416239246,-0.001423375154758449
2017-01-06 14:00:00,0.38672787294708566,-2.682658841453707e-05
2017-01-06 14:00:00,2.83193955523724,-8.118057872584808e-06
2017-01-06 14:00:00,2.2645932608860138,-0.0014135429894843626
2017-01-06 14:00:00,0.17290861023501788,0.0008394793860814627
2017-01-06 14:00:00,0.7498827042617798,0.0005548445902079018
2017-01-06 14:00:00,1.2576195704524056,-0.0013419637632980568
2017-01-06 14:00:00,2.8563676678168424,0.00030584348034616294
2017-01-06 14:00:00,-0.15326126202083465,-0.000462076159834304
2017-01-06 14:00:00,-1.4895955302916948,0.0026542246756122113
2017-01-06 14:00:00,-1.5213473852148869,0.0027248845916975923
2017-01-06 14:00:00,-0.24531464908897255,0.0004079225157912865
2017-01-06 14:00:00,1.0139195414996618,-0.0007852937414786382
2017-01-06 14:00:00,-0.6564994257009265,-4.766814072137568e-06
2017-01-06 14:00:00,0.3992548098681412,-0.0007965494614703374
2017-01-06 14:00:00,0.6125691136666492,-0.0004917147890522058
2017-01-06 14:00:00,-0.9499122343731693,0.0007452755775379797
2017-01-06 14:00:00,0.23876139158902943,-0.007258664950000668
2017-01-06 14:00:00,1.237990348684014,-0.0020347002443759283
2017-01-06 14:00:00,-0.59672496072575,0.003870560714750926
2017-01-06 14:00:00,-0.20097234911541303,0.002755845179580956
2017-01-06 14:00:00,-0.055991928817041785,0.00819783215644745
2017-01-06 14:00:00,-0.8754978449049974,0.07346352066366152
2017-01-06 14:00:00,0.41195658937308294,0.005224746178469929
2017-01-06 14:00:00,2.242800333870482,-0.012518755428414102
2017-01-06 14:00:00,-0.028546038624462217,0.003846052523640512
2017-01-06 14:00:00,0.20847502770718052,-0.044695111647275444
2017-01-06 14:00:00,0.039894982079768,0.0034910662854736704
2017-01-06 14:00:00,2.4362524836918285,-0.0036787343900059853
2017-01-06 14:00:00,0.12717946391477322,-0.0008059779771886513
2017-01-06 14:00:00,0.8286893133908609,-0.0013191413574224393
2017-01-06 14:00:00,0.32214652165752977,0.00028659453635217566
2017-01-06 15:00:00,-0.6842737016208893,0.0010970500148502797
2017-01-06 15:00:00,-0.7193854164319468,0.006414516966648138
2017-01-06 15:00:00,0.6106518253998424,-0.008158134889443515
2017-01-06 15:00:00,0.5338496326288925,-0.001303008276334606
2017-01-06 15:00:00,-1.2810833246221434,0.008356235422307165
2017-01-06 15:00:00,1.392584306593369,-0.01275036820665292
2017-01-06 15:00:00,0.3603851255035166,0.0032107263303121727
2017-01-06 15:00:00,-1.3640743909648516,0.009323129238983905
2017-01-06 15:00:00,-0.4664157846346106,0.001228879359937204
2017-01-06 15:00:00,-0.8626884038808924,0.0013168873125672005
2017-01-06 15:00:00,-1.019903827809641,0.0010437437117845165
2017-01-06 15:00:00,-1.2572597195000692,0.0018354332109464032
2017-01-06 15:00:00,0.3693018316357302,0.00011003044838583774
2017-01-06 15:00:00,1.2179740091537197,-0.6725740391665876
2017-01-06 15:00:00,2.377420592800518,0.7255090627609265
2017-01-06 15:00:00,0.9895049419009302,0.00017521707358729232
2017-01-06 15:00:00,1.2596784476463667,-0.11309225190870395
2017-01-06 15:00:00,-0.15196127122763312,0.00043246939927960964
2017-01-06 15:00:00,0.2555361367496513,-0.00046148514983309984
2017-01-06 15:00:00,0.420333678017891,-0.00014399718230343538
2017-01-06 15:00:00,-0.6407045452019123,0.003152112217232556
2017-01-06 15:00:00,-1.4959387969963163,0.013643276276604197
2017-01-06 15:00:00,2.2003930646588516,-0.001433994679842956
2017-01-06 15:00:00,0.44905205095706524,-2.9860738438682152e-05
2017-01-06 15:00:00,2.769615377227261,-5.083907848439942e-06
2017-01-06 15:00:00,2.4359847504134575,-0.001421886902050761
2017-01-06 15:00:00,0.18848965473751278,0.0008387208485754264
2017-01-06 15:00:00,0.734301659759285,0.0005556031277139381
2017-01-06 15:00:00,1.4134300154773543,-0.001349549138358419
2017-01-06 15:00:00,2.8875297568218325,0.0003043264053340905
2017-01-06 15:00:00,-0.09093708401085507,-0.0004651103098584506
2017-01-06 15:00:00,-1.064782692656965,0.0008539732659417733
2017-01-06 15:00:00,-1.4895955302916948,0.0026542246756122113
2017-01-06 15:00:00,-1.4590232072049072,0.0027218504416734474
2017-01-06 15:00:00,-0.22973360458647768,0.00040716397828525027
2017-01-06 15:00:00,0.9671764079921759,-0.0007830181289605296
2017-01-06 15:00:00,-0.6253373366959367,-6.283889084210001e-06
2017-01-06 15:00:00,0.6018083884005746,-0.0008064104490488083
2017-01-06 15:00:00,0.8307037367015777,-0.0005023343141367145
2017-01-06 15:00:00,-0.9187501453681793,0.0007437585025259072
2017-01-06 15:00:00,0.28550452509651403,-0.0072609405625187785
2017-01-06 15:00:00,1.3314766156989835,-0.0020392514694121456
2017-01-06 15:00:00,-0.59672496072575,0.003870560714750926
2017-01-06 15:00:00,-0.16981026011042327,0.0027543281045688834
2017-01-06 15:00:00,-0.02482983981205202,0.008196315081435378
2017-01-06 15:00:00,-0.8443357559000075,0.07346200358864945
2017-01-06 15:00:00,0.41195658937308294,0.005224746178469929
2017-01-06 15:00:00,2.3051245118804617,-0.012521789578438247
2017-01-06 15:00:00,0.002616050380527534,0.0038445354486284396
2017-01-06 15:00:00,0.17731293870219073,-0.04469359457226337
2017-01-06 15:00:00,0.10221916008974759,0.0034880321354495256
2017-01-06 15:00:00,2.3116041276718695,-0.0036726660899576956
2017-01-06 15:00:00,0.09601737490978347,-0.0008044609021765789
2017-01-06 15:00:00,0.7663651353808814,-0.0013161072073982945
2017-01-06 15:00:00,0.46237592217998374,0.0002797676987978497
2017-01-06 16:00:00,-0.6998547461233842,0.0010978085523563159
2017-01-06 16:00:00,-0.7505475054369365,0.00641603404166021
2017-01-06 16:00:00,0.657394958907327,-0.008160410501961623
2017-01-06 16:00:00,0.8454705226787903,-0.0013181790264553321
2017-01-06 16:00:00,-1.3122454136271329,0.008357752497319237
2017-01-06 16:00:00,1.3770032620908743,-0.012749609669146884
2017-01-06 16:00:00,0.3448040810010217,0.003211484867818209
2017-01-06 16:00:00,-1.3329123019598619,0.009321612163971833
2017-01-06 16:00:00,-0.4508347401321157,0.0012281208224311677
2017-01-06 16:00:00,-0.8471073593783975,0.0013161287750611643
2017-01-06 16:00:00,-1.035484872312136,0.0010445022492905527
2017-01-06 16:00:00,-1.2884218085050592,0.0018369502859584756
2017-01-06 16:00:00,0.3381397426307405,0.00011154752339791017
2017-01-06 16:00:00,1.3426223651736786,-0.6725801074666359
2017-01-06 16:00:00,2.439744770810498,0.7255060286109024
2017-01-06 16:00:00,1.14531538692588,0.00016763169852692842
2017-01-06 16:00:00,1.2908405366513565,-0.11309376898371602
2017-01-06 16:00:00,-0.16754231573012798,0.00043322793678564586
2017-01-06 16:00:00,0.2555361367496513,-0.00046148514983309984
2017-01-06 16:00:00,0.45149576702288075,-0.0001455142573155078
2017-01-06 16:00:00,-0.6095424561969226,0.0031505951422204836
2017-01-06 16:00:00,-1.4959387969963163,0.013643276276604197
2017-01-06 16:00:00,2.1848120201563574,-0.0014332361423369199
2017-01-06 16:00:00,0.4178899619520755,-2.8343663426609502e-05
2017-01-06 16:00:00,1.9594010630975278,3.4360042465446784e-05
2017-01-06 16:00:00,2.404822661408468,-0.0014203698270386885
2017-01-06 16:00:00,0.17290861023501788,0.0008394793860814627
2017-01-06 16:00:00,0.06431674615200524,0.0005882202404734988
2017-01-06 16:00:00,1.5380783714973134,-0.0013556174384067104
2017-01-06 16:00:00,2.2331258877170472,0.00033618498058761323
2017-01-06 16:00:00,-0.07535603950836019,-0.0004658688473644868
2017-01-06 16:00:00,-1.064782692656965,0.0008539732659417733
2017-01-06 16:00:00,-1.4895955302916948,0.0026542246756122113
2017-01-06 16:00:00,-1.4434421627024125,0.002721091904167411
2017-01-06 16:00:00,-0.1985715155814879,0.00040564690327317784
2017-01-06 16:00:00,1.0450816305046517,-0.0007868108164907124
2017-01-06 16:00:00,-0.5318510696809674,-1.0835114120427301e-05
2017-01-06 16:00:00,0.6485515219080592,-0.0008086860615669169
2017-01-06 16:00:00,0.8930279147115572,-0.0005053684641608593
2017-01-06 16:00:00,-0.9187501453681793,0.0007437585025259072
2017-01-06 16:00:00,0.22318034708653456,-0.007257906412494632
2017-01-06 16:00:00,1.2847334821914989,-0.002036975856894037
2017-01-06 16:00:00,-0.59672496072575,0.003870560714750926
2017-01-06 16:00:00,-0.21655339361790793,0.002756603717086992
2017-01-06 16:00:00,-0.02482983981205202,0.008196315081435378
2017-01-06 16:00:00,-0.8754978449049974,0.07346352066366152
2017-01-06 16:00:00,0.4431186783780727,0.005223229103457856
2017-01-06 16:00:00,2.3051245118804617,-0.012521789578438247
2017-01-06 16:00:00,0.033778139385517325,0.003843018373616367
2017-01-06 16:00:00,0.20847502770718052,-0.044695111647275444
2017-01-06 16:00:00,0.02431393757727312,0.0034918248229797067
2017-01-06 16:00:00,2.2181178606569,-0.0036681148649214766
2017-01-06 16:00:00,0.7504212440145683,-0.0008363194774301037
2017-01-06 16:00:00,0.37683902281850945,-0.001297143769747387
2017-01-06 16:00:00,0.431213833174994,0.00028128477380992214
2017-01-06 17:00:00,-0.6531116126158995,0.0010955329398382072
2017-01-06 17:00:00,-0.7661285499394315,0.006416792579166246
2017-01-06 17:00:00,0.9222727154497401,-0.00817330563956424
2017-01-06 17:00:00,0.6740790331513465,-0.0013098351138889337
2017-01-06 17:00:00,-1.3122454136271329,0.008357752497319237
2017-01-06 17:00:00,1.392584306593369,-0.01275036820665292
2017-01-06 17:00:00,0.3603851255035166,0.0032107263303121727
2017-01-06 17:00:00,-1.3796554354673463,0.009323887776489941
2017-01-06 17:00:00,-0.4508347401321157,0.0012281208224311677
2017-01-06 17:00:00,-0.8782694483833874,0.0013176458500732367
2017-01-06 17:00:00,-1.035484872312136,0.0010445022492905527
2017-01-06 17:00:00,-1.2572597195000692,0.0018354332109464032
2017-01-06 17:00:00,0.2913966091232558,0.00011382313591601882
2017-01-06 17:00:00,1.2179740091537197,-0.6725740391665876
2017-01-06 17:00:00,2.3306774592930335,0.7255113383734446
2017-01-06 17:00:00,1.1141532979208904,0.00016914877353900085
2017-01-06 17:00:00,1.2752594921488616,-0.11309301044620998
2017-01-06 17:00:00,-0.2454475382426024,0.00043702062431582694
2017-01-06 17:00:00,0.302279270257136,-0.00046376076235121023
2017-01-06 17:00:00,0.420333678017891,-0.00014399718230343538
2017-01-06 17:00:00,-0.6407045452019123,0.003152112217232556
2017-01-06 17:00:00,-1.4803577524938214,0.013642517739098161
2017-01-06 17:00:00,2.1848120201563574,-0.0014332361423369199
2017-01-06 17:00:00,0.4178899619520755,-2.8343663426609502e-05
2017-01-06 17:00:00,1.4296455500127017,6.015031767068162e-05
2017-01-06 17:00:00,2.3113363943934986,-0.0014158186020024712
2017-01-06 17:00:00,0.157327565732523,0.0008402379235874989
2017-01-06 17:00:00,-0.4810198114353159,0.0006147690531847681
2017-01-06 17:00:00,1.3822679264723645,-0.0013480320633463465
2017-01-06 17:00:00,1.5319788851047782,0.0003703191683592462
2017-01-06 17:00:00,-0.2000043955283193,-0.00045980054731619536
2017-01-06 17:00:00,-1.064782692656965,0.0008539732659417733
2017-01-06 17:00:00,-1.4740144857892,0.002653466138106175
2017-01-06 17:00:00,-1.474604251707402,0.0027226089791794836
2017-01-06 17:00:00,-0.27647673809396245,0.0004094395908033589
2017-01-06 17:00:00,1.0606626750071464,-0.0007875693539967486
2017-01-06 17:00:00,0.12255279942381814,-4.2693689373951864e-05
2017-01-06 17:00:00,0.5706462993955848,-0.0008048933740367358
2017-01-06 17:00:00,0.7527985141891033,-0.0004985416266065334
2017-01-06 17:00:00,-0.9499122343731693,0.0007452755775379797
2017-01-06 17:00:00,0.1920182580815448,-0.0072563893374825595
2017-01-06 17:00:00,0.9731125921415997,-0.002021805106773311
2017-01-06 17:00:00,-0.6434680942332346,0.0038728363272690345
2017-01-06 17:00:00,-0.23213443812040283,0.0027573622545930283
2017-01-06 17:00:00,-0.1183161068270213,0.008200866306471596
2017-01-06 17:00:00,-0.8754978449049974,0.07346352066366152
2017-01-06 17:00:00,0.4431186783780727,0.005223229103457856
2017-01-06 17:00:00,2.0246657108355537,-0.012508135903329594
2017-01-06 17:00:00,-0.09087021663444173,0.003849086673664657
2017-01-06 17:00:00,0.20847502770718052,-0.044695111647275444
2017-01-06 17:00:00,-0.1159154629451808,0.0034986516605340326
2017-01-06 17:00:00,2.0311453266269615,-0.003659012414849042
2017-01-06 17:00:00,0.7036781105070836,-0.000834043864911995
2017-01-06 17:00:00,0.40800111182349924,-0.0012986608447594595
2017-01-06 17:00:00,0.431213833174994,0.00028128477380992214
2017-01-06 18:00:00,-0.6375305681134046,0.001094774402332171
2017-01-06 18:00:00,-0.7349664609344416,0.006415275504154174
2017-01-06 18:00:00,0.9066916709472451,-0.008172547102058204
2017-01-06 18:00:00,0.7831463446688107,-0.0013151448764311873
2017-01-06 18:00:00,-1.3122454136271329,0.008357752497319237
2017-01-06 18:00:00,1.3146790840808944,-0.01274657551912274
2017-01-06 18:00:00,0.3448040810010217,0.003211484867818209
2017-01-06 18:00:00,-1.3952364799698413,0.009324646313995977
2017-01-06 18:00:00,-0.43525369562962085,0.0012273622849251315
2017-01-06 18:00:00,-0.8003642258709129,0.0013138531625430556
2017-01-06 18:00:00,-1.019903827809641,0.0010437437117845165
2017-01-06 18:00:00,-1.2572597195000692,0.0018354332109464032
2017-01-06 18:00:00,0.26023452011826603,0.00011534021092809125
2017-01-06 18:00:00,1.1868119201487297,-0.6725725220915756
2017-01-06 18:00:00,2.19044805877058,0.725518165210999
2017-01-06 18:00:00,0.8648565858809713,0.00018128537363558205
2017-01-06 18:00:00,1.3220026256563462,-0.1130952860587281
2017-01-06 18:00:00,-0.3545148497600667,0.00044233038685808046
2017-01-06 18:00:00,-0.009341619792761584,-0.0004485900122304841
2017-01-06 18:00:00,0.4359147225203859,-0.0001447557198094716
2017-01-06 18:00:00,-0.7186097677143868,0.003155904904762737
2017-01-06 18:00:00,-1.4803577524938214,0.013642517739098161
2017-01-06 18:00:00,2.0290015751314083,-0.0014256507672765577
2017-01-06 18:00:00,0.24649847242463188,-1.9999750860209386e-05
2017-01-06 18:00:00,1.1180246599628039,7.532106779140594e-05
2017-01-06 18:00:00,2.2490122163835187,-0.0014127844519783263
2017-01-06 18:00:00,0.03267920971256393,0.0008463062236357886
2017-01-06 18:00:00,-0.7147354789727394,0.0006261471157753131
2017-01-06 18:00:00,1.2576195704524056,-0.0013419637632980568
2017-01-06 18:00:00,1.0957096390349215,0.0003915582185282619
2017-01-06 18:00:00,-0.32465275154827855,-0.00045373224726790557
2017-01-06 18:00:00,-1.0024585146469867,0.0008509391159176285
2017-01-06 18:00:00,-1.5207576192966847,0.0026557417506242837
2017-01-06 18:00:00,-1.490185296209897,0.00272336751668552
2017-01-06 18:00:00,-0.40112509411392155,0.00041550789085164865
2017-01-06 18:00:00,1.0450816305046517,-0.0007868108164907124
2017-01-06 18:00:00,0.12255279942381814,-4.2693689373951864e-05
2017-01-06 18:00:00,0.6173894329030694,-0.0008071689865548445
2017-01-06 18:00:00,0.7527985141891033,-0.0004985416266065334
2017-01-06 18:00:00,-0.9187501453681793,0.0007437585025259072
2017-01-06 18:00:00,0.06736990206158575,-0.00725032103743427
2017-01-06 18:00:00,1.0510178146540756,-0.0020255977943034937
2017-01-06 18:00:00,-0.6278870497307397,0.0038720777897629983
2017-01-06 18:00:00,-0.2944586161303825,0.002760396404617173
2017-01-06 18:00:00,-0.2429644628469804,0.008206934606519887
2017-01-06 18:00:00,-0.8443357559000075,0.07346200358864945
2017-01-06 18:00:00,0.3807945003680931,0.005226263253482001
2017-01-06 18:00:00,1.8376931768056164,-0.012499033453257159
2017-01-06 18:00:00,-0.12203230563943149,0.0038506037486767293
2017-01-06 18:00:00,0.14615084969720096,-0.0446920774972513
2017-01-06 18:00:00,-0.1159154629451808,0.0034986516605340326
2017-01-06 18:00:00,1.8130107035920335,-0.003648392889764533
2017-01-06 18:00:00,0.39205722045718605,-0.0008188731147912687
2017-01-06 18:00:00,0.3612579783160146,-0.0012963852322413509
2017-01-06 18:00:00,0.27540338815004517,0.0002888701488702843
2017-01-06 19:00:00,-0.6063684791084148,0.0010932573273200986
2017-01-06 19:00:00,-0.7038043719294519,0.0064137584291421015
2017-01-06 19:00:00,0.8287864484347707,-0.008168754414528023
2017-01-06 19:00:00,1.6556848368085257,-0.0013576229767692188
2017-01-06 19:00:00,-1.327826458129628,0.008358511034825274
2017-01-06 19:00:00,1.26793595057341,-0.01274429990660463
2017-01-06 19:00:00,0.4538713925184859,0.0032061751052759554
2017-01-06 19:00:00,-1.3640743909648516,0.009323129238983905
2017-01-06 19:00:00,-0.4040916066246311,0.001225845209913059
2017-01-06 19:00:00,-0.7224590033584385,0.0013100604750128728
2017-01-06 19:00:00,-1.019903827809641,0.0010437437117845165
2017-01-06 19:00:00,-1.2105165859925846,0.0018331575984282945
2017-01-06 19:00:00,0.19791034210828667,0.00011837436095223613
2017-01-06 19:00:00,1.3737844541786686,-0.6725816245416479
2017-01-06 19:00:00,2.3306774592930335,0.7255113383734446
2017-01-06 19:00:00,0.896018674885961,0.00017976829862350962
2017-01-06 19:00:00,1.4466509816763053,-0.11310135435877638
2017-01-06 19:00:00,-0.3856769387650565,0.0004438474618701529
2017-01-06 19:00:00,-0.07166579780274107,-0.00044555586220633924
2017-01-06 19:00:00,0.4670768115253756,-0.00014627279482154406
2017-01-06 19:00:00,-0.7497718567193765,0.0031574219797748096
2017-01-06 19:00:00,-1.4491956634888319,0.013641000664086089
2017-01-06 19:00:00,2.1380688866488726,-0.0014309605298188112
2017-01-06 19:00:00,0.4023089174495806,-2.7585125920573286e-05
2017-01-06 19:00:00,1.2894161494902474,6.697715522500756e-05
2017-01-06 19:00:00,2.4359847504134575,-0.001421886902050761
2017-01-06 19:00:00,0.12616547672753323,0.0008417549985995713
2017-01-06 19:00:00,-0.7770596569827188,0.000629181265799458
2017-01-06 19:00:00,1.1329712144324464,-0.001335895463249767
2017-01-06 19:00:00,0.6750214374675583,0.0004120387311912415
2017-01-06 19:00:00,-0.29349066254328876,-0.000455249322279978
2017-01-06 19:00:00,-0.9868774701444921,0.0008501805784115922
2017-01-06 19:00:00,-1.5207576192966847,0.0026557417506242837
2017-01-06 19:00:00,-1.474604251707402,0.0027226089791794836
2017-01-06 19:00:00,-0.36996300510893176,0.0004139908158395762
2017-01-06 19:00:00,1.0606626750071464,-0.0007875693539967486
2017-01-06 19:00:00,0.12255279942381814,-4.2693689373951864e-05
2017-01-06 19:00:00,0.6797136109130489,-0.0008102031365789911
2017-01-06 19:00:00,0.8930279147115572,-0.0005053684641608593
2017-01-06 19:00:00,-0.8720070118606948,0.0007414828900077969
2017-01-06 19:00:00,0.08295094656408067,-0.007251079574940306
2017-01-06 19:00:00,1.1445040816690448,-0.002030149019339711
2017-01-06 19:00:00,-0.6590491387357295,0.0038735948647750707
2017-01-06 19:00:00,-0.2477154826228977,0.0027581207920990645
2017-01-06 19:00:00,-0.055991928817041785,0.00819783215644745
2017-01-06 19:00:00,-0.8443357559000075,0.07346200358864945
2017-01-06 19:00:00,0.41195658937308294,0.005224746178469929
2017-01-06 19:00:00,1.9000173548155959,-0.012502067603281304
2017-01-06 19:00:00,0.002616050380527534,0.0038445354486284396
2017-01-06 19:00:00,0.27079920571715993,-0.04469814579729959
2017-01-06 19:00:00,-0.05359128493520131,0.0034956175105098877
2017-01-06 19:00:00,1.8753348816020132,-0.00365142703978868
2017-01-06 19:00:00,0.39205722045718605,-0.0008188731147912687
2017-01-06 19:00:00,0.29893380030603506,-0.001293351082217206
2017-01-06 19:00:00,0.3065654771550349,0.0002873530738582119
2017-01-06 20:00:00,-0.3726528115709914,0.0010818792647295536
2017-01-06 20:00:00,-0.407764526382049,0.006399346216527413
2017-01-06 20:00:00,0.9690158489572247,-0.00817558125208235
2017-01-06 20:00:00,1.4375502137735974,-0.0013470034516847118
2017-01-06 20:00:00,-1.3122454136271329,0.008357752497319237
2017-01-06 20:00:00,1.673043107638277,-0.012764021881761574
2017-01-06 20:00:00,1.404315107170675,0.0031599043174077406
2017-01-06 20:00:00,-1.2705881239498822,0.009318578013947688
2017-01-06 20:00:00,0.15682599546518494,0.0011985378596957518
2017-01-06 20:00:00,-0.47316229131852017,0.0012979238749162934
2017-01-06 20:00:00,-0.7550260712672293,0.0010308485741819008
2017-01-06 20:00:00,-1.1014492744751203,0.001827847835886041
2017-01-06 20:00:00,0.6965037661881227,9.410116075907546e-05
2017-01-06 20:00:00,2.355390257835845,-0.6726294124045282
2017-01-06 20:00:00,3.203215951432747,0.7254688602731066
2017-01-06 20:00:00,1.301125831950829,0.00016004632346656625
2017-01-06 20:00:00,2.272446340308533,-0.1131415568465963
2017-01-06 20:00:00,-0.16754231573012798,0.00043322793678564586
2017-01-06 20:00:00,0.11530673622719756,-0.00045465831227877384
2017-01-06 20:00:00,0.9500891911027168,-0.0001697874575086685
2017-01-06 20:00:00,-0.6095424561969226,0.0031505951422204836
2017-01-06 20:00:00,-1.402452529981347,0.01363872505156798
2017-01-06 20:00:00,2.9482832007786066,-0.001470404480132698
2017-01-06 20:00:00,0.6671866739919935,-4.048026352319092e-05
2017-01-06 20:00:00,2.0840494191174854,2.8291742417157056e-05
2017-01-06 20:00:00,3.2617801090456866,-0.0014620893898706834
2017-01-06 20:00:00,0.3598811442649563,0.0008303769360090263
2017-01-06 20:00:00,-0.7926407014852138,0.0006299398033054942
2017-01-06 20:00:00,1.5069162824923237,-0.001354100363394638
2017-01-06 20:00:00,0.6438593484625685,0.00041355580620331566
2017-01-06 20:00:00,-0.07535603950836019,-0.0004658688473644868
2017-01-06 20:00:00,-0.7999049361145535,0.0008410781283391559
2017-01-06 20:00:00,-1.4895955302916948,0.0026542246756122113
2017-01-06 20:00:00,-1.4590232072049072,0.0027218504416734474
2017-01-06 20:00:00,-0.13624733757150836,0.00040261275324903297
2017-01-06 20:00:00,1.792971766624406,-0.0008232206167804525
2017-01-06 20:00:00,0.3406874224587464,-5.331321445846063e-05
2017-01-06 20:00:00,1.4431847915352998,-0.0008473714743747676
2017-01-06 20:00:00,1.4851076058063641,-0.000534192889390239
2017-01-06 20:00:00,-0.6850344778307562,0.0007323804399353623
2017-01-06 20:00:00,0.39457183661397816,-0.007266250325061032
2017-01-06 20:00:00,2.1105288408237266,-0.00207717834471396
2017-01-06 20:00:00,-0.6746301832382243,0.003874353402281107
2017-01-06 20:00:00,0.1573916744419693,0.0027383988169421216
2017-01-06 20:00:00,0.2556289612328558,0.008182661406326727
2017-01-06 20:00:00,-0.5327148658501099,0.07344683283852872
2017-01-06 20:00:00,1.5649538825577054,0.0051686144030232434
2017-01-06 20:00:00,2.8348800249652872,-0.01254757985364348
2017-01-06 20:00:00,0.4077232074453945,0.003824813473471496
2017-01-06 20:00:00,0.8317168078069757,-0.0447254531475169
2017-01-06 20:00:00,0.4450021391446349,0.003471344310316727
2017-01-06 20:00:00,2.763454418244221,-0.0036946636776327476
2017-01-06 20:00:00,0.8906506445370223,-0.0008431463149844296
2017-01-06 20:00:00,0.7507840908783865,-0.0013153486698922582
2017-01-06 20:00:00,0.7272536787223965,0.0002668725611952321
2017-01-06 21:00:00,-0.4505580340834658,0.0010856719522597347
2017-01-06 21:00:00,-0.37660243737705923,0.0063978291415153375
2017-01-06 21:00:00,0.8443674929372657,-0.00816951295203406
2017-01-06 21:00:00,0.9701188786987494,-0.0013242473265036218
2017-01-06 21:00:00,-1.327826458129628,0.008358511034825274
2017-01-06 21:00:00,1.7665293746532464,-0.012768573106797791
2017-01-06 21:00:00,1.3264098846582004,0.0031636970049379234
2017-01-06 21:00:00,-1.2705881239498822,0.009318578013947688
2017-01-06 21:00:00,0.15682599546518494,0.0011985378596957518
2017-01-06 21:00:00,-0.47316229131852017,0.0012979238749162934
2017-01-06 21:00:00,-0.7706071157697243,0.001031607111687937
2017-01-06 21:00:00,-1.0702871854701306,0.0018263307608739686
2017-01-06 21:00:00,0.5562743656656688,0.0001009279983134014
2017-01-06 21:00:00,2.5423627918657834,-0.6726385148546007
2017-01-06 21:00:00,3.5459989304876345,0.7254521724479739
2017-01-06 21:00:00,1.4257741879707881,0.00015397802341827652
2017-01-06 21:00:00,2.615229319363421,-0.11315824467172911
2017-01-06 21:00:00,-0.0428939597101689,0.0004271596367373542
2017-01-06 21:00:00,0.11530673622719756,-0.00045465831227877384
2017-01-06 21:00:00,1.105899636127667,-0.0001773728325690324
2017-01-06 21:00:00,-0.562799322689438,0.003148319529702375
2017-01-06 21:00:00,-1.4336146189863368,0.013640242126580052
2017-01-06 21:00:00,3.1508367793110397,-0.0014802654677111705
2017-01-06 21:00:00,0.6983487629969832,-4.199733853526335e-05
2017-01-06 21:00:00,2.255440908644929,1.9947829850756936e-05
2017-01-06 21:00:00,3.6513062216080585,-0.0014810528275215906
2017-01-06 21:00:00,0.2975569662549768,0.0008334110860331712
2017-01-06 21:00:00,-0.7770596569827188,0.000629181265799458
2017-01-06 21:00:00,1.4134300154773543,-0.001349549138358419
2017-01-06 21:00:00,0.5971162149550838,0.0004158314187214243
2017-01-06 21:00:00,-0.07535603950836019,-0.0004658688473644868
2017-01-06 21:00:00,-0.8778101586270279,0.000844870815869337
2017-01-06 21:00:00,-1.5051765747941899,0.0026549832131182475
2017-01-06 21:00:00,-1.4590232072049072,0.0027218504416734474
2017-01-06 21:00:00,-0.15182838207400326,0.0004033712907550692
2017-01-06 21:00:00,1.792971766624406,-0.0008232206167804525
2017-01-06 21:00:00,0.387430555966231,-5.558882697656928e-05
2017-01-06 21:00:00,1.396441658027815,-0.000845095861856659
2017-01-06 21:00:00,1.500688650308859,-0.0005349514268962753
2017-01-06 21:00:00,-0.6694534333282612,0.000731621902429326
2017-01-06 21:00:00,0.39457183661397816,-0.007266250325061032
2017-01-06 21:00:00,2.1105288408237266,-0.00207717834471396
2017-01-06 21:00:00,-0.6590491387357295,0.0038735948647750707
2017-01-06 21:00:00,0.20413480794945396,0.002736123204424013
2017-01-06 21:00:00,0.2556289612328558,0.008182661406326727
2017-01-06 21:00:00,-0.5327148658501099,0.07344683283852872
2017-01-06 21:00:00,1.502629704547726,0.005171648553047388
2017-01-06 21:00:00,2.772555846955308,-0.012544545703619335
2017-01-06 21:00:00,0.37656111844040463,0.0038263305484835686
2017-01-06 21:00:00,0.8005547188019859,-0.04472393607250483
2017-01-06 21:00:00,0.41384005013964514,0.0034728613853287995
2017-01-06 21:00:00,2.607643973219272,-0.0036870783025723854
2017-01-06 21:00:00,0.8439075110295376,-0.000840870702466321
2017-01-06 21:00:00,0.7507840908783865,-0.0013153486698922582
2017-01-06 21:00:00,0.6026053227024374,0.00027294086124352376
2017-01-06 22:00:00,-0.5284632565959404,0.0010894646397899158
2017-01-06 22:00:00,-0.5012507933970184,0.006403897441563631
2017-01-06 22:00:00,0.7976243594297809,-0.008167237339515951
2017-01-06 22:00:00,0.8922136561862749,-0.0013204546389734408
2017-01-06 22:00:00,-1.3434075026321228,0.00835926957233131
2017-01-06 22:00:00,1.673043107638277,-0.012764021881761574
2017-01-06 22:00:00,1.0926942171207772,0.0031750750675284666
2017-01-06 22:00:00,-1.2705881239498822,0.009318578013947688
2017-01-06 22:00:00,0.0010155504402360894,0.0012061232347561157
2017-01-06 22:00:00,-0.644553780845964,0.0013062677874826917
2017-01-06 22:00:00,-0.7706071157697243,0.001031607111687937
2017-01-06 22:00:00,-1.0702871854701306,0.0018263307608739686
2017-01-06 22:00:00,0.4783691431531944,0.00010472068584358249
2017-01-06 22:00:00,2.3086471243283606,-0.6726271367920101
2017-01-06 22:00:00,3.094148639915283,0.7254741700356488
2017-01-06 22:00:00,1.3790310544633033,0.00015625363593638517
2017-01-06 22:00:00,2.552905141353441,-0.11315521052170495
2017-01-06 22:00:00,-0.05847500421266378,0.0004279181742433904
2017-01-06 22:00:00,0.03740151371472309,-0.00045086562474859276
2017-01-06 22:00:00,1.074737547122677,-0.00017585575755695997
2017-01-06 22:00:00,-0.6407045452019123,0.003152112217232556
2017-01-06 22:00:00,-1.4491956634888319,0.013641000664086089
2017-01-06 22:00:00,3.11967469030605,-0.001478748392699098
2017-01-06 22:00:00,0.5892814514795192,-3.66875759930081e-05
2017-01-06 22:00:00,2.1931167306349497,2.2981979874903537e-05
2017-01-06 22:00:00,3.5889820435980786,-0.0014780186774974457
2017-01-06 22:00:00,0.26639487724998706,0.0008349281610452436
2017-01-06 22:00:00,-0.8549648794951933,0.0006329739533296391
2017-01-06 22:00:00,1.33552479296488,-0.0013457564508282378
2017-01-06 22:00:00,0.1920090578902172,0.0004355533938783679
2017-01-06 22:00:00,-0.12209917301584493,-0.00046359323484637644
2017-01-06 22:00:00,-0.9401343366370074,0.0008479049658934836
2017-01-06 22:00:00,-1.5051765747941899,0.0026549832131182475
2017-01-06 22:00:00,-1.4590232072049072,0.0027218504416734474
2017-01-06 22:00:00,-0.24531464908897255,0.0004079225157912865
2017-01-06 22:00:00,1.4813508765745085,-0.0008080498666597282
2017-01-06 22:00:00,0.12255279942381814,-4.2693689373951864e-05
2017-01-06 22:00:00,1.3496985245203303,-0.0008428202493385503
2017-01-06 22:00:00,1.500688650308859,-0.0005349514268962753
2017-01-06 22:00:00,-0.6382913443232715,0.0007301048274172536
2017-01-06 22:00:00,0.33224765860399863,-0.007263216175036887
2017-01-06 22:00:00,2.032623618311252,-0.002073385657183779
2017-01-06 22:00:00,-0.6590491387357295,0.0038735948647750707
2017-01-06 22:00:00,0.20413480794945396,0.002736123204424013
2017-01-06 22:00:00,0.1933047832228764,0.008185695556350871
2017-01-06 22:00:00,-0.6573632218700689,0.07345290113857701
2017-01-06 22:00:00,1.3156571705177873,0.005180751003119825
2017-01-06 22:00:00,2.6479074909353493,-0.012538477403571046
2017-01-06 22:00:00,0.2207506734154559,0.0038339159235439325
2017-01-06 22:00:00,0.6135821847720472,-0.044714833622432386
2017-01-06 22:00:00,0.28919169411968604,0.0034789296853770892
2017-01-06 22:00:00,2.3739283056818485,-0.0036757002399818405
2017-01-06 22:00:00,0.7660022885170632,-0.0008370780149361399
2017-01-06 22:00:00,0.5170684233409633,-0.001303970607301713
2017-01-06 22:00:00,0.46237592217998374,0.0002797676987978497
2017-01-06 23:00:00,-0.5440443010984353,0.001090223177295952
2017-01-06 23:00:00,-0.5947370604119877,0.006408448666599848
2017-01-06 23:00:00,0.7041380924148116,-0.008162686114479732
2017-01-06 23:00:00,0.8143084336738005,-0.0013166619514432597
2017-01-06 23:00:00,-1.3901506361396074,0.008361545184849418
2017-01-06 23:00:00,1.5016516181108333,-0.012755677969195174
2017-01-06 23:00:00,0.8433975050808579,0.003187211667625048
2017-01-06 23:00:00,-1.301750212954872,0.00932009508895976
2017-01-06 23:00:00,-0.15479489458471277,0.0012137086098164779
2017-01-06 23:00:00,-0.8159452703734078,0.0013146117000490919
2017-01-06 23:00:00,-0.8485123382821986,0.0010353997992181181
2017-01-06 23:00:00,-1.148192407982605,0.0018301234484041497
2017-01-06 23:00:00,0.3069776536257507,0.0001130645984099826
2017-01-06 23:00:00,1.841215789253515,-0.672604380666829
2017-01-06 23:00:00,3.172053862427757,0.7254703773481187
2017-01-06 23:00:00,1.2699637429458392,0.0001615633984786387
2017-01-06 23:00:00,2.303608429313523,-0.11314307392160837
2017-01-06 23:00:00,-0.19870440473511775,0.0004347450117977183
2017-01-06 23:00:00,-0.024922664295256452,-0.0004478314747244479
2017-01-06 23:00:00,0.9656702356052117,-0.00017054599501470472
2017-01-06 23:00:00,-0.6407045452019123,0.003152112217232556
2017-01-06 23:00:00,-1.4491956634888319,0.013641000664086089
2017-01-06 23:00:00,3.010607378788586,-0.0014734386301568445
2017-01-06 23:00:00,0.44905205095706524,-2.9860738438682152e-05
2017-01-06 23:00:00,1.9282389740925379,3.587711747751922e-05
2017-01-06 23:00:00,3.4799147320806147,-0.0014727089149551922
2017-01-06 23:00:00,0.20407069924000765,0.0008379623110693902
2017-01-06 23:00:00,-0.901708013002678,0.0006352495658477495
2017-01-06 23:00:00,1.210876436944921,-0.0013396881507799481
2017-01-06 23:00:00,0.02061756836277344,0.0004438973064447663
2017-01-06 23:00:00,-0.16884230652332954,-0.0004613176223282678
2017-01-06 23:00:00,-1.0492016481544701,0.0008532147284357371
2017-01-06 23:00:00,-1.5051765747941899,0.0026549832131182475
2017-01-06 23:00:00,-1.490185296209897,0.00272336751668552
2017-01-06 23:00:00,-0.3076388270989522,0.00041095666581543135
2017-01-06 23:00:00,1.2476352090370852,-0.0007966718040691832
2017-01-06 23:00:00,-0.08000077910861536,-3.283270179548105e-05
2017-01-06 23:00:00,1.2094691239978765,-0.0008359934117842244
2017-01-06 23:00:00,1.4227834277963847,-0.0005311587393660924
2017-01-06 23:00:00,-0.6694534333282612,0.000731621902429326
2017-01-06 23:00:00,0.1920182580815448,-0.0072563893374825595
2017-01-06 23:00:00,1.939137351296284,-0.0020688344321475615
2017-01-06 23:00:00,-0.721373316745709,0.0038766290147992156
2017-01-06 23:00:00,0.21971585245194883,0.0027353646669179767
2017-01-06 23:00:00,0.06865642720291731,0.008191763856399161
2017-01-06 23:00:00,-0.7196873998800485,0.07345593528860116
2017-01-06 23:00:00,1.0351983694728795,0.0051944046782284765
2017-01-06 23:00:00,2.3051245118804617,-0.012521789578438247
2017-01-06 23:00:00,0.0961023173954969,0.0038399842235922223
2017-01-06 23:00:00,0.520095917757078,-0.04471028239739617
2017-01-06 23:00:00,0.2268675161097066,0.003481963835401236
2017-01-06 23:00:00,1.9532401041144876,-0.003655219727318861
2017-01-06 23:00:00,0.6101918434921143,-0.0008294926398757758
2017-01-06 23:00:00,0.3456769338135197,-0.0012956266947353147
2017-01-06 23:00:00,0.3065654771550349,0.0002873530738582119
2017-01-07 00:00:00,-0.6686926571183943,0.0010962914773442434
2017-01-07 00:00:00,-0.672642282924462,0.006412241354130029
2017-01-07 00:00:00,0.532746602887368,-0.008154342201913333
2017-01-07 00:00:00,0.6429169441463568,-0.0013083180388768613
2017-01-07 00:00:00,-1.327826458129628,0.008358511034825274
2017-01-07 00:00:00,1.3302601285833895,-0.012747334056628775
2017-01-07 00:00:00,0.7187491490608988,0.003193279967673338
2017-01-07 00:00:00,-1.3329123019598619,0.009321612163971833
2017-01-07 00:00:00,-0.2327001170971872,0.001217501297346659
2017-01-07 00:00:00,-0.8159452703734078,0.0013146117000490919
2017-01-07 00:00:00,-0.926417560794673,0.0010391924867482992
2017-01-07 00:00:00,-1.148192407982605,0.0018301234484041497
2017-01-07 00:00:00,0.13558616409830712,0.000121408510976381
2017-01-07 00:00:00,1.6854053442285661,-0.6725967952917687
2017-01-07 00:00:00,2.8292708833728697,0.7254870651732515
2017-01-07 00:00:00,1.1141532979208904,0.00016914877353900085
2017-01-07 00:00:00,2.0698927617760994,-0.11313169585901783
2017-01-07 00:00:00,-0.21428544923761264,0.0004355035493037545
2017-01-07 00:00:00,-0.18073310932020528,-0.000440246099664084
2017-01-07 00:00:00,0.8721839685902425,-0.00016599476997848742
2017-01-07 00:00:00,-0.7186097677143868,0.003155904904762737
2017-01-07 00:00:00,-1.4803577524938214,0.013642517739098161
2017-01-07 00:00:00,2.839215889261142,-0.0014650947175904444
2017-01-07 00:00:00,0.3711468284445908,-2.6068050908500853e-05
2017-01-07 00:00:00,1.772428529067589,4.3462492537883124e-05
2017-01-07 00:00:00,3.168293842030717,-0.0014575381648344661
2017-01-07 00:00:00,0.1417465212300281,0.0008409964610935351
2017-01-07 00:00:00,-0.9172890575051728,0.0006360081033537857
2017-01-07 00:00:00,1.210876436944921,-0.0013396881507799481
2017-01-07 00:00:00,-0.07286869865219585,0.00044844853148098336
2017-01-07 00:00:00,-0.2155854400308142,-0.00045904200981015914
2017-01-07 00:00:00,-1.0959447816619547,0.0008554903409538458
2017-01-07 00:00:00,-1.5207576192966847,0.0026557417506242837
2017-01-07 00:00:00,-1.490185296209897,0.00272336751668552
2017-01-07 00:00:00,-0.4322871831189113,0.0004170249658637211
2017-01-07 00:00:00,1.2476352090370852,-0.0007966718040691832
2017-01-07 00:00:00,-0.2046491351285745,-2.6764401747189583e-05
2017-01-07 00:00:00,1.0380776344704328,-0.0008276494992178243
2017-01-07 00:00:00,1.34487820528391,-0.0005273660518359114
2017-01-07 00:00:00,-0.6850344778307562,0.0007323804399353623
2017-01-07 00:00:00,0.160856169076555,-0.007254872262470487
2017-01-07 00:00:00,1.6898406392563656,-0.0020566978320509803
2017-01-07 00:00:00,-0.8304406282631732,0.003881938777341469
2017-01-07 00:00:00,0.21971585245194883,0.0027353646669179767
2017-01-07 00:00:00,0.037494338197927524,0.008193280931411234
2017-01-07 00:00:00,-0.7508494888850382,0.07345745236361323
2017-01-07 00:00:00,0.910550013452919,0.005200472978276768
2017-01-07 00:00:00,2.055827799840543,-0.012509652978341666
2017-01-07 00:00:00,-0.028546038624462217,0.003846052523640512
2017-01-07 00:00:00,0.395447561737119,-0.04470421409734788
2017-01-07 00:00:00,0.1333812490947373,0.003486515060437453
2017-01-07 00:00:00,1.6727813030695797,-0.0036415660522102072
2017-01-07 00:00:00,0.5322866209796399,-0.0008256999523455947
2017-01-07 00:00:00,0.0963802217736017,-0.0012834900946387335
2017-01-07 00:00:00,0.15075503213008615,0.0002949384489185758
2017-01-07 01:00:00,-0.715435790625879,0.001098567089862352
2017-01-07 01:00:00,-0.7193854164319468,0.006414516966648138
2017-01-07 01:00:00,0.6885570479123168,-0.008161927576973696
2017-01-07 01:00:00,0.39362023210643876,-0.00129618143878028
2017-01-07 01:00:00,-0.8292330340497926,0.008334237834632111
2017-01-07 01:00:00,1.096544461045966,-0.01273595599403823
2017-01-07 01:00:00,0.3915472145085064,0.0032092092553001003
2017-01-07 01:00:00,-1.3484933464623567,0.009322370701477869
2017-01-07 01:00:00,-0.3885105621221362,0.0012250866724070229
2017-01-07 01:00:00,-0.8782694483833874,0.0013176458500732367
2017-01-07 01:00:00,-1.0043227833071464,0.0010429851742784803
2017-01-07 01:00:00,-1.2260976304950795,0.0018339161359343307
2017-01-07 01:00:00,-0.08254845893662123,0.00013202803606088975
2017-01-07 01:00:00,1.5295948992036172,-0.6725892099167083
2017-01-07 01:00:00,2.4709068598154875,0.7255045115358904
2017-01-07 01:00:00,0.8025324078709916,0.00018431952365972692
2017-01-07 01:00:00,1.6803666492137286,-0.11311273242136692
2017-01-07 01:00:00,-0.3700958942625616,0.0004430889243641167
2017-01-07 01:00:00,-0.4300298213601236,-0.00042810949956750453
2017-01-07 01:00:00,0.654049345555314,-0.00015537524489397865
2017-01-07 01:00:00,-0.8744202127393357,0.0031634902798230993
2017-01-07 01:00:00,-1.4959387969963163,0.013643276276604197
2017-01-07 01:00:00,2.3094603761763164,-0.0014393044423852113
2017-01-07 01:00:00,0.19975533891714722,-1.7724138342100737e-05
2017-01-07 01:00:00,1.4452265945151963,5.939178016464367e-05
2017-01-07 01:00:00,2.716443551458365,-0.0014355405771594141
2017-01-07 01:00:00,-0.13871227981487982,0.0008546501362021887
2017-01-07 01:00:00,-1.010775324520141,0.000640559328390003
2017-01-07 01:00:00,0.9771607694074963,-0.0013283100881894031
2017-01-07 01:00:00,-0.2754222771846295,0.0004583095190594557
2017-01-07 01:00:00,-0.35581484055326834,-0.00045221517225583314
2017-01-07 01:00:00,-1.1271068706669447,0.0008570074159659182
2017-01-07 01:00:00,-1.5207576192966847,0.0026557417506242837
2017-01-07 01:00:00,-1.490185296209897,0.00272336751668552
2017-01-07 01:00:00,-0.5569355391388707,0.00042309326591201255
2017-01-07 01:00:00,1.0450816305046517,-0.0007868108164907124
2017-01-07 01:00:00,-0.46952689167098766,-1.38692641445739e-05
2017-01-07 01:00:00,0.7887809224305131,-0.0008155128991212446
2017-01-07 01:00:00,1.0332573152340125,-0.0005121953017151853
2017-01-07 01:00:00,-0.7785207448457254,0.0007369316649715796
2017-01-07 01:00:00,-0.010535320450888692,-0.007246528349904089
2017-01-07 01:00:00,1.2847334821914989,-0.002036975856894037
2017-01-07 01:00:00,-0.8771837617706579,0.0038842143898595778
2017-01-07 01:00:00,-0.013999815085474428,0.00274674272950852
2017-01-07 01:00:00,-0.36761281886693964,0.008213002906568177
2017-01-07 01:00:00,-0.8443357559000075,0.07346200358864945
2017-01-07 01:00:00,0.6300912124080111,0.005214126653385422
2017-01-07 01:00:00,1.5260722867557186,-0.012483862703136433
2017-01-07 01:00:00,-0.1843564836494111,0.003853637898700876
2017-01-07 01:00:00,0.17731293870219073,-0.04469359457226337
2017-01-07 01:00:00,-0.05359128493520131,0.0034956175105098877
2017-01-07 01:00:00,1.0339584784672893,-0.0036104660144627193
2017-01-07 01:00:00,0.2206657309297425,-0.0008105292022248686
2017-01-07 01:00:00,0.01847499926112723,-0.0012796974071085524
2017-01-07 01:00:00,-0.036217501899852456,0.0003040408989910104
2017-01-07 02:00:00,-0.715435790625879,0.001098567089862352
2017-01-07 02:00:00,-0.7193854164319468,0.006414516966648138
2017-01-07 02:00:00,0.6885570479123168,-0.008161927576973696
2017-01-07 02:00:00,0.39362023210643876,-0.00129618143878028
2017-01-07 02:00:00,-0.8292330340497926,0.008334237834632111
2017-01-07 02:00:00,1.096544461045966,-0.01273595599403823
2017-01-07 02:00:00,0.3915472145085064,0.0032092092553001003
2017-01-07 02:00:00,-1.3484933464623567,0.009322370701477869
2017-01-07 02:00:00,-0.3885105621221362,0.0012250866724070229
2017-01-07 02:00:00,-0.8782694483833874,0.0013176458500732367
2017-01-07 02:00:00,-1.0043227833071464,0.0010429851742784803
2017-01-07 02:00:00,-1.2260976304950795,0.0018339161359343307
2017-01-07 02:00:00,-0.08254845893662123,0.00013202803606088975
2017-01-07 02:00:00,1.4672707211936376,-0.6725861757666842
2017-01-07 02:00:00,2.393001637303013,0.7255083042234205
2017-01-07 02:00:00,0.8025324078709916,0.00018431952365972692
2017-01-07 02:00:00,1.6803666492137286,-0.11311273242136692
2017-01-07 02:00:00,-0.3700958942625616,0.0004430889243641167
2017-01-07 02:00:00,-0.4300298213601236,-0.00042810949956750453
2017-01-07 02:00:00,0.6073062120478293,-0.00015309963237587
2017-01-07 02:00:00,-0.8900012572418304,0.0031642488173291355
2017-01-07 02:00:00,-1.4959387969963163,0.013643276276604197
2017-01-07 02:00:00,2.3094603761763164,-0.0014393044423852113
2017-01-07 02:00:00,0.19975533891714722,-1.7724138342100737e-05
2017-01-07 02:00:00,1.4452265945151963,5.939178016464367e-05
2017-01-07 02:00:00,2.716443551458365,-0.0014355405771594141
2017-01-07 02:00:00,-0.13871227981487982,0.0008546501362021887
2017-01-07 02:00:00,-1.010775324520141,0.000640559328390003
2017-01-07 02:00:00,0.9771607694074963,-0.0013283100881894031
2017-01-07 02:00:00,-0.2754222771846295,0.0004583095190594557
2017-01-07 02:00:00,-0.35581484055326834,-0.00045221517225583314
2017-01-07 02:00:00,-1.1426879151694393,0.0008577659534719544
2017-01-07 02:00:00,-1.5207576192966847,0.0026557417506242837
2017-01-07 02:00:00,-1.490185296209897,0.00272336751668552
2017-01-07 02:00:00,-0.5880976281438605,0.000424610340924085
2017-01-07 02:00:00,0.9983384969971656,-0.000784535203972602
2017-01-07 02:00:00,-0.46952689167098766,-1.38692641445739e-05
2017-01-07 02:00:00,0.7887809224305131,-0.0008155128991212446
2017-01-07 02:00:00,1.0332573152340125,-0.0005121953017151853
2017-01-07 02:00:00,-0.7785207448457254,0.0007369316649715796
2017-01-07 02:00:00,-0.010535320450888692,-0.007246528349904089
2017-01-07 02:00:00,1.2847334821914989,-0.002036975856894037
2017-01-07 02:00:00,-0.8771837617706579,0.0038842143898595778
2017-01-07 02:00:00,-0.013999815085474428,0.00274674272950852
2017-01-07 02:00:00,-0.36761281886693964,0.008213002906568177
2017-01-07 02:00:00,-0.8443357559000075,0.07346200358864945
2017-01-07 02:00:00,0.6300912124080111,0.005214126653385422
2017-01-07 02:00:00,1.5260722867557186,-0.012483862703136433
2017-01-07 02:00:00,-0.1843564836494111,0.003853637898700876
2017-01-07 02:00:00,0.17731293870219073,-0.04469359457226337
2017-01-07 02:00:00,-0.05359128493520131,0.0034956175105098877
2017-01-07 02:00:00,1.0339584784672893,-0.0036104660144627193
2017-01-07 02:00:00,0.2206657309297425,-0.0008105292022248686
2017-01-07 02:00:00,0.01847499926112723,-0.0012796974071085524
2017-01-07 02:00:00,-0.036217501899852456,0.0003040408989910104
2017-01-07 03:00:00,-0.715435790625879,0.001098567089862352
2017-01-07 03:00:00,-0.7193854164319468,0.006414516966648138
2017-01-07 03:00:00,0.6885570479123168,-0.008161927576973696
2017-01-07 03:00:00,0.39362023210643876,-0.00129618143878028
2017-01-07 03:00:00,-0.8292330340497926,0.008334237834632111
2017-01-07 03:00:00,1.096544461045966,-0.01273595599403823
2017-01-07 03:00:00,0.3915472145085064,0.0032092092553001003
2017-01-07 03:00:00,-1.3484933464623567,0.009322370701477869
2017-01-07 03:00:00,-0.3885105621221362,0.0012250866724070229
2017-01-07 03:00:00,-0.8782694483833874,0.0013176458500732367
2017-01-07 03:00:00,-1.0043227833071464,0.0010429851742784803
2017-01-07 03:00:00,-1.2260976304950795,0.0018339161359343307
2017-01-07 03:00:00,-0.08254845893662123,0.00013202803606088975
2017-01-07 03:00:00,1.4672707211936376,-0.6725861757666842
2017-01-07 03:00:00,2.393001637303013,0.7255083042234205
2017-01-07 03:00:00,0.8025324078709916,0.00018431952365972692
2017-01-07 03:00:00,1.6803666492137286,-0.11311273242136692
2017-01-07 03:00:00,-0.3700958942625616,0.0004430889243641167
2017-01-07 03:00:00,-0.4300298213601236,-0.00042810949956750453
2017-01-07 03:00:00,0.6073062120478293,-0.00015309963237587
2017-01-07 03:00:00,-0.8900012572418304,0.0031642488173291355
2017-01-07 03:00:00,-1.4959387969963163,0.013643276276604197
2017-01-07 03:00:00,2.3094603761763164,-0.0014393044423852113
2017-01-07 03:00:00,0.19975533891714722,-1.7724138342100737e-05
2017-01-07 03:00:00,1.4452265945151963,5.939178016464367e-05
2017-01-07 03:00:00,2.716443551458365,-0.0014355405771594141
2017-01-07 03:00:00,-0.13871227981487982,0.0008546501362021887
2017-01-07 03:00:00,-1.010775324520141,0.000640559328390003
2017-01-07 03:00:00,0.9771607694074963,-0.0013283100881894031
2017-01-07 03:00:00,-0.2754222771846295,0.0004583095190594557
2017-01-07 03:00:00,-0.35581484055326834,-0.00045221517225583314
2017-01-07 03:00:00,-1.1426879151694393,0.0008577659534719544
2017-01-07 03:00:00,-1.5207576192966847,0.0026557417506242837
2017-01-07 03:00:00,-1.490185296209897,0.00272336751668552
2017-01-07 03:00:00,-0.5880976281438605,0.000424610340924085
2017-01-07 03:00:00,0.9983384969971656,-0.000784535203972602
2017-01-07 03:00:00,-0.46952689167098766,-1.38692641445739e-05
2017-01-07 03:00:00,0.6797136109130489,-0.0008102031365789911
2017-01-07 03:00:00,0.8930279147115572,-0.0005053684641608593
2017-01-07 03:00:00,-0.840844922855705,0.0007399658149957244
2017-01-07 03:00:00,-0.010535320450888692,-0.007246528349904089
2017-01-07 03:00:00,1.2847334821914989,-0.002036975856894037
2017-01-07 03:00:00,-0.8771837617706579,0.0038842143898595778
2017-01-07 03:00:00,-0.013999815085474428,0.00274674272950852
2017-01-07 03:00:00,-0.36761281886693964,0.008213002906568177
2017-01-07 03:00:00,-0.8443357559000075,0.07346200358864945
2017-01-07 03:00:00,0.6300912124080111,0.005214126653385422
2017-01-07 03:00:00,1.5260722867557186,-0.012483862703136433
2017-01-07 03:00:00,-0.1843564836494111,0.003853637898700876
2017-01-07 03:00:00,0.17731293870219073,-0.04469359457226337
2017-01-07 03:00:00,-0.05359128493520131,0.0034956175105098877
2017-01-07 03:00:00,1.0339584784672893,-0.0036104660144627193
2017-01-07 03:00:00,0.2206657309297425,-0.0008105292022248686
2017-01-07 03:00:00,0.01847499926112723,-0.0012796974071085524
2017-01-07 03:00:00,-0.036217501899852456,0.0003040408989910104
2017-01-07 04:00:00,-0.715435790625879,0.001098567089862352
2017-01-07 04:00:00,-0.7193854164319468,0.006414516966648138
2017-01-07 04:00:00,0.6885570479123168,-0.008161927576973696
2017-01-07 04:00:00,0.39362023210643876,-0.00129618143878028
2017-01-07 04:00:00,-0.8292330340497926,0.008334237834632111
2017-01-07 04:00:00,1.096544461045966,-0.01273595599403823
2017-01-07 04:00:00,0.3915472145085064,0.0032092092553001003
2017-01-07 04:00:00,-1.3484933464623567,0.009322370701477869
2017-01-07 04:00:00,-0.3885105621221362,0.0012250866724070229
2017-01-07 04:00:00,-0.8782694483833874,0.0013176458500732367
2017-01-07 04:00:00,-1.0043227833071464,0.0010429851742784803
2017-01-07 04:00:00,-1.2260976304950795,0.0018339161359343307
2017-01-07 04:00:00,-0.08254845893662123,0.00013202803606088975
2017-01-07 04:00:00,1.4672707211936376,-0.6725861757666842
2017-01-07 04:00:00,2.393001637303013,0.7255083042234205
2017-01-07 04:00:00,0.8025324078709916,0.00018431952365972692
2017-01-07 04:00:00,1.6803666492137286,-0.11311273242136692
2017-01-07 04:00:00,-0.3700958942625616,0.0004430889243641167
2017-01-07 04:00:00,-0.4300298213601236,-0.00042810949956750453
2017-01-07 04:00:00,0.6073062120478293,-0.00015309963237587
2017-01-07 04:00:00,-0.8900012572418304,0.0031642488173291355
2017-01-07 04:00:00,-1.4959387969963163,0.013643276276604197
2017-01-07 04:00:00,2.3094603761763164,-0.0014393044423852113
2017-01-07 04:00:00,0.19975533891714722,-1.7724138342100737e-05
2017-01-07 04:00:00,1.4452265945151963,5.939178016464367e-05
2017-01-07 04:00:00,2.716443551458365,-0.0014355405771594141
2017-01-07 04:00:00,-0.13871227981487982,0.0008546501362021887
2017-01-07 04:00:00,-1.010775324520141,0.000640559328390003
2017-01-07 04:00:00,0.9771607694074963,-0.0013283100881894031
2017-01-07 04:00:00,-0.2754222771846295,0.0004583095190594557
2017-01-07 04:00:00,-0.35581484055326834,-0.00045221517225583314
2017-01-07 04:00:00,-1.1426879151694393,0.0008577659534719544
2017-01-07 04:00:00,-1.5207576192966847,0.0026557417506242837
2017-01-07 04:00:00,-1.490185296209897,0.00272336751668552
2017-01-07 04:00:00,-0.5880976281438605,0.000424610340924085
2017-01-07 04:00:00,0.9983384969971656,-0.000784535203972602
2017-01-07 04:00:00,-0.46952689167098766,-1.38692641445739e-05
2017-01-07 04:00:00,0.6641325664105541,-0.0008094445990729531
2017-01-07 04:00:00,0.8151226921990827,-0.0005015757766306783
2017-01-07 04:00:00,-0.8564259673581999,0.0007407243525017606
2017-01-07 04:00:00,-0.010535320450888692,-0.007246528349904089
2017-01-07 04:00:00,1.2847334821914989,-0.002036975856894037
2017-01-07 04:00:00,-0.8771837617706579,0.0038842143898595778
2017-01-07 04:00:00,-0.013999815085474428,0.00274674272950852
2017-01-07 04:00:00,-0.36761281886693964,0.008213002906568177
2017-01-07 04:00:00,-0.8443357559000075,0.07346200358864945
2017-01-07 04:00:00,0.6300912124080111,0.005214126653385422
2017-01-07 04:00:00,1.5260722867557186,-0.012483862703136433
2017-01-07 04:00:00,-0.1843564836494111,0.003853637898700876
2017-01-07 04:00:00,0.17731293870219073,-0.04469359457226337
2017-01-07 04:00:00,-0.05359128493520131,0.0034956175105098877
2017-01-07 04:00:00,1.0339584784672893,-0.0036104660144627193
2017-01-07 04:00:00,0.2206657309297425,-0.0008105292022248686
2017-01-07 04:00:00,0.01847499926112723,-0.0012796974071085524
2017-01-07 04:00:00,-0.036217501899852456,0.0003040408989910104
2017-01-07 05:00:00,-0.715435790625879,0.001098567089862352
2017-01-07 05:00:00,-0.7193854164319468,0.006414516966648138
2017-01-07 05:00:00,0.6885570479123168,-0.008161927576973696
2017-01-07 05:00:00,0.39362023210643876,-0.00129618143878028
2017-01-07 05:00:00,-0.8292330340497926,0.008334237834632111
2017-01-07 05:00:00,1.096544461045966,-0.01273595599403823
2017-01-07 05:00:00,0.3915472145085064,0.0032092092553001003
2017-01-07 05:00:00,-1.3484933464623567,0.009322370701477869
2017-01-07 05:00:00,-0.3885105621221362,0.0012250866724070229
2017-01-07 05:00:00,-0.8782694483833874,0.0013176458500732367
2017-01-07 05:00:00,-1.0043227833071464,0.0010429851742784803
2017-01-07 05:00:00,-1.2260976304950795,0.0018339161359343307
2017-01-07 05:00:00,-0.08254845893662123,0.00013202803606088975
2017-01-07 05:00:00,1.4672707211936376,-0.6725861757666842
2017-01-07 05:00:00,2.393001637303013,0.7255083042234205
2017-01-07 05:00:00,0.8025324078709916,0.00018431952365972692
2017-01-07 05:00:00,1.6803666492137286,-0.11311273242136692
2017-01-07 05:00:00,-0.3700958942625616,0.0004430889243641167
2017-01-07 05:00:00,-0.4300298213601236,-0.00042810949956750453
2017-01-07 05:00:00,0.6073062120478293,-0.00015309963237587
2017-01-07 05:00:00,-0.8900012572418304,0.0031642488173291355
2017-01-07 05:00:00,-1.4959387969963163,0.013643276276604197
2017-01-07 05:00:00,2.3094603761763164,-0.0014393044423852113
2017-01-07 05:00:00,0.19975533891714722,-1.7724138342100737e-05
2017-01-07 05:00:00,1.4452265945151963,5.939178016464367e-05
2017-01-07 05:00:00,2.716443551458365,-0.0014355405771594141
2017-01-07 05:00:00,-0.13871227981487982,0.0008546501362021887
2017-01-07 05:00:00,-1.010775324520141,0.000640559328390003
2017-01-07 05:00:00,0.9771607694074963,-0.0013283100881894031
2017-01-07 05:00:00,-0.2754222771846295,0.0004583095190594557
2017-01-07 05:00:00,-0.35581484055326834,-0.00045221517225583314
2017-01-07 05:00:00,-1.1426879151694393,0.0008577659534719544
2017-01-07 05:00:00,-1.5207576192966847,0.0026557417506242837
2017-01-07 05:00:00,-1.490185296209897,0.00272336751668552
2017-01-07 05:00:00,-0.5880976281438605,0.000424610340924085
2017-01-07 05:00:00,0.9983384969971656,-0.000784535203972602
2017-01-07 05:00:00,-0.46952689167098766,-1.38692641445739e-05
2017-01-07 05:00:00,0.6641325664105541,-0.0008094445990729531
2017-01-07 05:00:00,0.8151226921990827,-0.0005015757766306783
2017-01-07 05:00:00,-0.8564259673581999,0.0007407243525017606
2017-01-07 05:00:00,-0.010535320450888692,-0.007246528349904089
2017-01-07 05:00:00,1.2847334821914989,-0.002036975856894037
2017-01-07 05:00:00,-0.8771837617706579,0.0038842143898595778
2017-01-07 05:00:00,-0.013999815085474428,0.00274674272950852
2017-01-07 05:00:00,-0.36761281886693964,0.008213002906568177
2017-01-07 05:00:00,-0.8443357559000075,0.07346200358864945
2017-01-07 05:00:00,0.6300912124080111,0.005214126653385422
2017-01-07 05:00:00,1.5260722867557186,-0.012483862703136433
2017-01-07 05:00:00,-0.1843564836494111,0.003853637898700876
2017-01-07 05:00:00,0.17731293870219073,-0.04469359457226337
2017-01-07 05:00:00,-0.05359128493520131,0.0034956175105098877
2017-01-07 05:00:00,1.0339584784672893,-0.0036104660144627193
2017-01-07 05:00:00,0.2206657309297425,-0.0008105292022248686
2017-01-07 05:00:00,0.01847499926112723,-0.0012796974071085524
2017-01-07 05:00:00,-0.036217501899852456,0.0003040408989910104
2017-01-07 06:00:00,-0.7621789241333637,0.0011008427023804607
2017-01-07 06:00:00,-0.7349664609344416,0.006415275504154174
2017-01-07 06:00:00,1.0625021159721952,-0.008180132477118567
2017-01-07 06:00:00,1.889400504345949,-0.0013690010393597638
2017-01-07 06:00:00,-0.4708690104924102,0.008316791471993278
2017-01-07 06:00:00,1.0498013275384817,-0.012733680381520122
2017-01-07 06:00:00,0.6252628820459295,0.0031978311927095553
2017-01-07 06:00:00,-1.3484933464623567,0.009322370701477869
2017-01-07 06:00:00,-0.4664157846346106,0.001228879359937204
2017-01-07 06:00:00,-0.8938504928858821,0.001318404387579273
2017-01-07 06:00:00,-1.0043227833071464,0.0010429851742784803
2017-01-07 06:00:00,-1.2260976304950795,0.0018339161359343307
2017-01-07 06:00:00,-0.26952099296656007,0.00014113048613332424
2017-01-07 06:00:00,1.1244877421387502,-0.6725694879415514
2017-01-07 06:00:00,1.7230167236957339,0.7255409213361801
2017-01-07 06:00:00,0.5064925623235889,0.00019873173627441677
2017-01-07 06:00:00,1.1817732251338922,-0.11308845922117376
2017-01-07 06:00:00,-0.5570684282925005,0.00045219137443655257
2017-01-07 06:00:00,-0.5702592218825778,-0.00042128266201317684
2017-01-07 06:00:00,0.2645232329929421,-0.00013641180724307148
2017-01-07 06:00:00,-0.9679064797543049,0.0031680415048593183
2017-01-07 06:00:00,-1.5115198414988114,0.013644034814110233
2017-01-07 06:00:00,1.6083133735640474,-0.0014051702546135781
2017-01-07 06:00:00,-0.0651224176252658,-4.829000739485055e-06
2017-01-07 06:00:00,1.4763886835201863,5.787470515257124e-05
2017-01-07 06:00:00,1.8906481928261372,-0.0013953380893394916
2017-01-07 06:00:00,-0.29452272483982883,0.0008622355112625509
2017-01-07 06:00:00,-0.7303165234752342,0.0006269056532813493
2017-01-07 06:00:00,0.7746071908750628,-0.0013184491006109323
2017-01-07 06:00:00,0.48804890343761986,0.0004211411812636778
2017-01-07 06:00:00,2.0436660128309434,-0.0005690299481854209
2017-01-07 06:00:00,-1.1426879151694393,0.0008577659534719544
2017-01-07 06:00:00,-1.5363386637991794,0.00265650028813032
2017-01-07 06:00:00,-1.490185296209897,0.00272336751668552
2017-01-07 06:00:00,-0.6815838951588298,0.0004291615659603023
2017-01-07 06:00:00,0.5153261174198243,-0.0007610205412854775
2017-01-07 06:00:00,0.20045802193629253,-4.6486376904132946e-05
2017-01-07 06:00:00,0.41483585437063614,-0.0007973079989763737
2017-01-07 06:00:00,0.5035018021491852,-0.00048640502650995225
2017-01-07 06:00:00,-0.965493278875664,0.0007460341150440159
2017-01-07 06:00:00,-0.3221562105007865,-0.007231357599783363
2017-01-07 06:00:00,0.8173021471166508,-0.0020142197317129487
2017-01-07 06:00:00,-0.6902112277407193,0.003875111939787143
2017-01-07 06:00:00,-0.4035259276478467,0.0027657061671594266
2017-01-07 06:00:00,-0.2741265518519703,0.00820845168153196
2017-01-07 06:00:00,-0.9066599339099871,0.0734650377386736
2017-01-07 06:00:00,0.3807945003680931,0.005226263253482001
2017-01-07 06:00:00,0.9963167736708913,-0.012458072427931198
2017-01-07 06:00:00,-0.2778427506643805,0.003858189123737093
2017-01-07 06:00:00,-0.16547004035269675,-0.044676906747130575
2017-01-07 06:00:00,-0.3340500859801094,0.0035092711856185414
2017-01-07 06:00:00,0.9248911669498241,-0.003605156251920466
2017-01-07 06:00:00,-0.15327933713013472,-0.0007923243020799977
2017-01-07 06:00:00,-0.09059231225633692,-0.0012743876445662989
2017-01-07 06:00:00,-0.12970376891482177,0.0003085921240272294
2017-01-07 07:00:00,-0.715435790625879,0.001098567089862352
2017-01-07 07:00:00,-0.7505475054369365,0.00641603404166021
2017-01-07 07:00:00,1.2962177835096185,-0.008191510539709112
2017-01-07 07:00:00,1.8270763263359695,-0.001365966889335619
2017-01-07 07:00:00,-0.2994775209649665,0.00830844755942688
2017-01-07 07:00:00,1.1744496835584406,-0.012739748681568411
2017-01-07 07:00:00,0.5161955705284652,0.0032031409552518105
2017-01-07 07:00:00,-1.3484933464623567,0.009322370701477869
2017-01-07 07:00:00,-0.4664157846346106,0.001228879359937204
2017-01-07 07:00:00,-0.8159452703734078,0.0013146117000490919
2017-01-07 07:00:00,-1.0822280058196205,0.0010467778618086614
2017-01-07 07:00:00,-1.2260976304950795,0.0018339161359343307
2017-01-07 07:00:00,-0.28510203746905494,0.00014188902363936046
2017-01-07 07:00:00,0.9530962526113052,-0.672561144028985
2017-01-07 07:00:00,1.5983683676757747,0.7255469896362283
2017-01-07 07:00:00,0.44416838431360933,0.00020176588629856163
2017-01-07 07:00:00,0.932476513093973,-0.11307632262107718
2017-01-07 07:00:00,-0.5259063392875106,0.00045067429942448036
2017-01-07 07:00:00,-0.44561086586261844,-0.0004273509620614683
2017-01-07 07:00:00,0.10871278796799343,-0.00012882643218270931
2017-01-07 07:00:00,-0.9211633462468202,0.0031657658923412097
2017-01-07 07:00:00,-1.4959387969963163,0.013643276276604197
2017-01-07 07:00:00,1.6083133735640474,-0.0014051702546135781
2017-01-07 07:00:00,-0.018379284117781176,-7.104613257593705e-06
2017-01-07 07:00:00,2.1152115081224756,2.6774667405084623e-05
2017-01-07 07:00:00,1.8594861038211472,-0.0013938210143274192
2017-01-07 07:00:00,-0.20103645782485935,0.0008576842862263336
2017-01-07 07:00:00,-0.07591265437044874,0.0005950470780278248
2017-01-07 07:00:00,1.687789330129727,0.00036273379329888406
2017-01-07 07:00:00,0.9529928976563019,-0.0005159323227628805
2017-01-07 07:00:00,-1.0959447816619547,0.0008554903409538458
2017-01-07 07:00:00,-1.5363386637991794,0.00265650028813032
2017-01-07 07:00:00,-1.490185296209897,0.00272336751668552
2017-01-07 07:00:00,-0.6192597171488502,0.0004261274159361574
2017-01-07 07:00:00,0.49974507291732934,-0.0007602620037794413
2017-01-07 07:00:00,0.13813384392631298,-4.345222687998808e-05
2017-01-07 07:00:00,0.38367376536564635,-0.0007957909239643012
2017-01-07 07:00:00,0.5035018021491852,-0.00048640502650995225
2017-01-07 07:00:00,-0.9966553678806538,0.0007475511900560883
2017-01-07 07:00:00,-0.07285949846086819,-0.007243494199879944
2017-01-07 07:00:00,0.8640452806241355,-0.0020164953442310574
2017-01-07 07:00:00,-0.6902112277407193,0.003875111939787143
2017-01-07 07:00:00,-0.4035259276478467,0.0027657061671594266
2017-01-07 07:00:00,-0.30528864085696006,0.008209968756544032
2017-01-07 07:00:00,-0.8754978449049974,0.07346352066366152
2017-01-07 07:00:00,0.31847032235811357,0.005229297403506146
2017-01-07 07:00:00,1.0898030406858616,-0.012462623652967417
2017-01-07 07:00:00,-0.15319439464442133,0.0038521208236888035
2017-01-07 07:00:00,-0.07198377333772736,-0.04468145797216679
2017-01-07 07:00:00,-0.3340500859801094,0.0035092711856185414
2017-01-07 07:00:00,1.5948760805571052,-0.003637773364680026
2017-01-07 07:00:00,0.31415199794471166,-0.0008150804272610877
2017-01-07 07:00:00,0.1587043997835812,-0.0012865242446628783
2017-01-07 07:00:00,0.13517398762759128,0.000295696986424612
2017-01-07 08:00:00,-0.7310168351283739,0.0010993256273683883
2017-01-07 08:00:00,-0.7349664609344416,0.006415275504154174
2017-01-07 08:00:00,1.374123006022093,-0.008195303227239293
2017-01-07 08:00:00,1.6712658813110206,-0.001358381514275255
2017-01-07 08:00:00,-0.2371533429549868,0.008305413409402732
2017-01-07 08:00:00,1.4081653510958638,-0.012751126744158956
2017-01-07 08:00:00,0.6408439265484244,0.003197072655203519
2017-01-07 08:00:00,-1.3484933464623567,0.009322370701477869
2017-01-07 08:00:00,-0.4040916066246311,0.001225845209913059
2017-01-07 08:00:00,-0.8159452703734078,0.0013146117000490919
2017-01-07 08:00:00,-1.0822280058196205,0.0010467778618086614
2017-01-07 08:00:00,-1.2260976304950795,0.0018339161359343307
2017-01-07 08:00:00,-0.020224280926641722,0.00012899388603674489
2017-01-07 08:00:00,1.046582519626276,-0.6725656952540212
2017-01-07 08:00:00,1.3179095666308667,0.7255606433113371
2017-01-07 08:00:00,0.7090461408560224,0.00018887074869594422
2017-01-07 08:00:00,0.9480575575964679,-0.11307708115858321
2017-01-07 08:00:00,-0.29219067175008717,0.0004392962368339356
2017-01-07 08:00:00,0.23995509224715658,-0.0004607266123270636
2017-01-07 08:00:00,0.21778009948545757,-0.00013413619472496283
2017-01-07 08:00:00,-0.6718666342069021,0.0031536292922446285
2017-01-07 08:00:00,-1.4959387969963163,0.013643276276604197
2017-01-07 08:00:00,1.6706375515740268,-0.001408204404637723
2017-01-07 08:00:00,0.16859324991215743,-1.6207063330028304e-05
2017-01-07 08:00:00,2.613804932202312,2.5014672119222235e-06
2017-01-07 08:00:00,1.906229237328632,-0.0013960966268455278
2017-01-07 08:00:00,0.0015171207075741423,0.000847823298647861
2017-01-07 08:00:00,0.46942390321687205,0.0005684982653165555
2017-01-07 08:00:00,1.0083228584124861,-0.0013298271632014756
2017-01-07 08:00:00,2.357774243737006,0.0003301166805393236
2017-01-07 08:00:00,-0.3402337960507734,-0.00045297370976186936
2017-01-07 08:00:00,-1.0803637371594599,0.0008547318034478095
2017-01-07 08:00:00,-1.5207576192966847,0.0026557417506242837
2017-01-07 08:00:00,-1.3187938066824532,0.0027150236041191215
2017-01-07 08:00:00,-0.510192405631386,0.0004208176533939039
2017-01-07 08:00:00,0.8581090964747117,-0.000777708366418276
2017-01-07 08:00:00,0.10697175492132327,-4.193515186791565e-05
2017-01-07 08:00:00,0.3680927208631515,-0.000795032386458265
2017-01-07 08:00:00,0.4723397131441955,-0.0004848879514978798
2017-01-07 08:00:00,-0.9966553678806538,0.0007475511900560883
2017-01-07 08:00:00,-0.04169740945587845,-0.007245011274892016
2017-01-07 08:00:00,0.8640452806241355,-0.0020164953442310574
2017-01-07 08:00:00,-0.6590491387357295,0.0038735948647750707
2017-01-07 08:00:00,-0.4191069721503416,0.002766464704665463
2017-01-07 08:00:00,-0.2429644628469804,0.008206934606519887
2017-01-07 08:00:00,-0.8443357559000075,0.07346200358864945
2017-01-07 08:00:00,0.4431186783780727,0.005223229103457856
2017-01-07 08:00:00,1.463748108745739,-0.012480828553112288
2017-01-07 08:00:00,-0.028546038624462217,0.003846052523640512
2017-01-07 08:00:00,-0.009659595327747865,-0.04468449212219094
2017-01-07 08:00:00,-0.27172590797012985,0.0035062370355943965
2017-01-07 08:00:00,1.6572002585670849,-0.003640807514704171
2017-01-07 08:00:00,0.407638264959681,-0.000819631652297305
2017-01-07 08:00:00,0.1742854442860761,-0.0012872827821689145
2017-01-07 08:00:00,0.2130792101400657,0.0002919042988944309
2017-01-07 09:00:00,-0.715435790625879,0.001098567089862352
2017-01-07 09:00:00,-0.7038043719294519,0.0064137584291421015
2017-01-07 09:00:00,1.4364471840320725,-0.008198337377263437
2017-01-07 09:00:00,1.5154554362860717,-0.001350796139214893
2017-01-07 09:00:00,-0.19041020944750214,0.008303137796884623
2017-01-07 09:00:00,1.5951378851258025,-0.012760229194231393
2017-01-07 09:00:00,0.7654922825683834,0.003191004355155229
2017-01-07 09:00:00,-1.3484933464623567,0.009322370701477869
2017-01-07 09:00:00,-0.4040916066246311,0.001225845209913059
2017-01-07 09:00:00,-0.784783181368418,0.0013130946250370194
2017-01-07 09:00:00,-1.0043227833071464,0.0010429851742784803
2017-01-07 09:00:00,-1.2416786749975743,0.001834674673440367
2017-01-07 09:00:00,0.18232929760579178,0.00011913289845827235
2017-01-07 09:00:00,1.1089066976362554,-0.6725687294040453
2017-01-07 09:00:00,0.5232762970036269,0.7255993287241449
2017-01-07 09:00:00,0.8492755413784763,0.00018204391114161827
2017-01-07 09:00:00,2.288027384811028,-0.11314231538410234
2017-01-07 09:00:00,-0.30777171625258204,0.0004400547743399718
2017-01-07 09:00:00,-0.13398997581272065,-0.00044252171218219264
2017-01-07 09:00:00,0.2645232329929421,-0.00013641180724307148
2017-01-07 09:00:00,-0.6407045452019123,0.003152112217232556
2017-01-07 09:00:00,-1.5115198414988114,0.013644034814110233
2017-01-07 09:00:00,1.8264479965989757,-0.0014157897796980852
2017-01-07 09:00:00,0.2620795169271266,-2.0758288366245603e-05
2017-01-07 09:00:00,2.7384532882222707,-3.5668328363675094e-06
2017-01-07 09:00:00,1.9685534153386115,-0.0013991307768696727
2017-01-07 09:00:00,0.12616547672753323,0.0008417549985995713
2017-01-07 09:00:00,0.734301659759285,0.0005556031277139381
2017-01-07 09:00:00,1.2420385259499105,-0.0013412052257920205
2017-01-07 09:00:00,2.7784624453043683,0.000309636167876344
2017-01-07 09:00:00,-0.2155854400308142,-0.00045904200981015914
2017-01-07 09:00:00,-1.0803637371594599,0.0008547318034478095
2017-01-07 09:00:00,-1.5051765747941899,0.0026549832131182475
2017-01-07 09:00:00,-1.2564696286724737,0.002711989454094975
2017-01-07 09:00:00,-0.4167061386164164,0.00041626642835768487
2017-01-07 09:00:00,0.9671764079921759,-0.0007830181289605296
2017-01-07 09:00:00,0.10697175492132327,-4.193515186791565e-05
2017-01-07 09:00:00,0.43041689887313106,-0.0007980665364824099
2017-01-07 09:00:00,0.6125691136666492,-0.0004917147890522058
2017-01-07 09:00:00,-0.9966553678806538,0.0007475511900560883
2017-01-07 09:00:00,0.11411303556907045,-0.007252596649952378
2017-01-07 09:00:00,0.8796263251266305,-0.0020172538817370936
2017-01-07 09:00:00,-0.6278870497307397,0.0038720777897629983
2017-01-07 09:00:00,-0.4191069721503416,0.002766464704665463
2017-01-07 09:00:00,-0.1183161068270213,0.008200866306471596
2017-01-07 09:00:00,-0.8443357559000075,0.07346200358864945
2017-01-07 09:00:00,0.5054428563880521,0.005220194953433711
2017-01-07 09:00:00,1.744206909790647,-0.01249448222822094
2017-01-07 09:00:00,0.002616050380527534,0.0038445354486284396
2017-01-07 09:00:00,0.14615084969720096,-0.0446920774972513
2017-01-07 09:00:00,-0.20940172996015016,0.0035032028855702516
2017-01-07 09:00:00,1.8597538370995181,-0.0036506685022826436
2017-01-07 09:00:00,0.407638264959681,-0.000819631652297305
2017-01-07 09:00:00,0.1742854442860761,-0.0012872827821689145
2017-01-07 09:00:00,0.29098443265254004,0.0002881116113642481
2017-01-07 10:00:00,-0.6998547461233842,0.0010978085523563159
2017-01-07 10:00:00,-0.6570612384219672,0.006411482816623993
2017-01-07 10:00:00,1.5455144955495366,-0.008203647139805693
2017-01-07 10:00:00,1.6712658813110206,-0.001358381514275255
2017-01-07 10:00:00,-0.19041020944750214,0.008303137796884623
2017-01-07 10:00:00,1.7665293746532464,-0.012768573106797791
2017-01-07 10:00:00,0.827816460578363,0.003187970205131084
2017-01-07 10:00:00,-1.2550070794473873,0.009317819476441652
2017-01-07 10:00:00,-0.2950242951071669,0.0012205354473708038
2017-01-07 10:00:00,-0.7692021368659232,0.0013123360875309832
2017-01-07 10:00:00,-1.0043227833071464,0.0010429851742784803
2017-01-07 10:00:00,-1.2572597195000692,0.0018354332109464032
2017-01-07 10:00:00,0.27581556462076096,0.00011458167342205504
2017-01-07 10:00:00,1.2335550536562143,-0.6725747977040937
2017-01-07 10:00:00,2.034637613745631,0.7255257505860594
2017-01-07 10:00:00,2.39179894712547,0.000106948698044026
2017-01-07 10:00:00,1.0571248691139332,-0.11308239092112547
2017-01-07 10:00:00,-0.26102858274509744,0.00043777916182186316
2017-01-07 10:00:00,-0.07166579780274107,-0.00044555586220633924
2017-01-07 10:00:00,0.34242845550541656,-0.0001402044947732543
2017-01-07 10:00:00,-0.5783803671919328,0.003149078067208411
2017-01-07 10:00:00,-1.4959387969963163,0.013643276276604197
2017-01-07 10:00:00,1.9822584416239246,-0.001423375154758449
2017-01-07 10:00:00,0.33998473943960106,-2.455097589642842e-05
2017-01-07 10:00:00,2.9410068667547042,-1.3427820414838323e-05
2017-01-07 10:00:00,2.09320177135857,-0.0014051990769179624
2017-01-07 10:00:00,0.157327565732523,0.0008402379235874989
2017-01-07 10:00:00,0.734301659759285,0.0005556031277139381
2017-01-07 10:00:00,1.30436270395989,-0.0013442393758161654
2017-01-07 10:00:00,2.9186918458268223,0.0003028093303220181
2017-01-07 10:00:00,-0.12209917301584493,-0.00046359323484637644
2017-01-07 10:00:00,-1.0336206036519753,0.0008524561909297009
2017-01-07 10:00:00,-1.5051765747941899,0.0026549832131182475
2017-01-07 10:00:00,-1.3499558956874431,0.002716540679131194
2017-01-07 10:00:00,-0.35438196060643684,0.00041323227833354
2017-01-07 10:00:00,1.0450816305046517,-0.0007868108164907124
2017-01-07 10:00:00,0.13813384392631298,-4.345222687998808e-05
2017-01-07 10:00:00,0.5239031658881002,-0.0008026177615186272
2017-01-07 10:00:00,0.7372174696866084,-0.0004977830891004972
2017-01-07 10:00:00,-0.9966553678806538,0.0007475511900560883
2017-01-07 10:00:00,0.160856169076555,-0.007254872262470487
2017-01-07 10:00:00,1.0977609481615602,-0.0020278734068216024
2017-01-07 10:00:00,-0.6590491387357295,0.0038735948647750707
2017-01-07 10:00:00,-0.356782794140362,0.002763430554641318
2017-01-07 10:00:00,0.006332249192937732,0.008194798006423306
2017-01-07 10:00:00,-0.8131736668950178,0.07346048651363737
2017-01-07 10:00:00,0.5677670343980316,0.0052171608034095665
2017-01-07 10:00:00,1.8065310878006264,-0.012497516378245085
2017-01-07 10:00:00,0.033778139385517325,0.003843018373616367
2017-01-07 10:00:00,0.14615084969720096,-0.0446920774972513
2017-01-07 10:00:00,-0.1782396409551604,0.003501685810558179
2017-01-07 10:00:00,2.0155642821244673,-0.0036582538773430057
2017-01-07 10:00:00,0.656934976999599,-0.0008317682523938844
2017-01-07 10:00:00,0.6572978238634172,-0.001310797444856039
2017-01-07 10:00:00,0.16633607663258104,0.00029417991141253956
2017-01-07 11:00:00,-0.59078743460592,0.0010924987898140624
2017-01-07 11:00:00,-0.5791560159094927,0.006407690129093812
2017-01-07 11:00:00,1.623419718062011,-0.008207439827335874
2017-01-07 11:00:00,1.9361436378534336,-0.0013712766518778725
2017-01-07 11:00:00,-0.14366707594001749,0.008300862184366514
2017-01-07 11:00:00,1.8600156416682154,-0.012773124331834008
2017-01-07 11:00:00,0.952464816598322,0.0031819019050827943
2017-01-07 11:00:00,-1.2550070794473873,0.009317819476441652
2017-01-07 11:00:00,-0.2171190725946923,0.0012167427598406228
2017-01-07 11:00:00,-0.6912969143534488,0.0013085434000008004
2017-01-07 11:00:00,-0.926417560794673,0.0010391924867482992
2017-01-07 11:00:00,-1.2572597195000692,0.0018354332109464032
2017-01-07 11:00:00,0.3693018316357302,0.00011003044838583774
2017-01-07 11:00:00,1.4828517656961326,-0.6725869343041903
2017-01-07 11:00:00,2.393001637303013,0.7255083042234205
2017-01-07 11:00:00,0.9271807638909507,0.00017825122361143719
2017-01-07 11:00:00,1.2752594921488616,-0.11309301044620998
2017-01-07 11:00:00,-0.21428544923761264,0.0004355035493037545
2017-01-07 11:00:00,0.16204986973468216,-0.00045693392479688254
2017-01-07 11:00:00,0.4047526335153961,-0.00014323864479739916
2017-01-07 11:00:00,-0.5004751446794583,0.0031452853796782284
2017-01-07 11:00:00,-1.4803577524938214,0.013642517739098161
2017-01-07 11:00:00,2.044582619633903,-0.001426409304782594
2017-01-07 11:00:00,0.27766056142962153,-2.1516825872283554e-05
2017-01-07 11:00:00,3.0656552227746636,-1.949612046312979e-05
2017-01-07 11:00:00,2.2801743053885084,-0.0014143015269903988
2017-01-07 11:00:00,0.18848965473751278,0.0008387208485754264
2017-01-07 11:00:00,0.7966258377692644,0.0005525689776897932
2017-01-07 11:00:00,1.4134300154773543,-0.001349549138358419
2017-01-07 11:00:00,2.9498539348318116,0.0003012922553099439
2017-01-07 11:00:00,-0.12209917301584493,-0.00046359323484637644
2017-01-07 11:00:00,-0.9557153811395024,0.0008486635033995198
2017-01-07 11:00:00,-1.4895955302916948,0.0026542246756122113
2017-01-07 11:00:00,-1.2876317176774636,0.002713506529107049
2017-01-07 11:00:00,-0.1985715155814879,0.00040564690327317784
2017-01-07 11:00:00,1.2008920755296006,-0.0007943961915510745
2017-01-07 11:00:00,0.20045802193629253,-4.6486376904132946e-05
2017-01-07 11:00:00,0.6173894329030694,-0.0008071689865548445
2017-01-07 11:00:00,0.8151226921990827,-0.0005015757766306783
2017-01-07 11:00:00,-0.965493278875664,0.0007460341150440159
2017-01-07 11:00:00,0.1920182580815448,-0.0072563893374825595
2017-01-07 11:00:00,1.1600851261715397,-0.0020309075568457472
2017-01-07 11:00:00,-0.6434680942332346,0.0038728363272690345
2017-01-07 11:00:00,-0.2477154826228977,0.0027581207920990645
2017-01-07 11:00:00,-0.02482983981205202,0.008196315081435378
2017-01-07 11:00:00,-0.782011577890028,0.0734589694386253
2017-01-07 11:00:00,0.6612533014130009,0.0052126095783733475
2017-01-07 11:00:00,1.993503621830565,-0.012506618828317521
2017-01-07 11:00:00,-0.028546038624462217,0.003846052523640512
2017-01-07 11:00:00,0.20847502770718052,-0.044695111647275444
2017-01-07 11:00:00,-0.08475337394019104,0.00349713458552196
2017-01-07 11:00:00,2.2804420386668793,-0.003671149014945623
2017-01-07 11:00:00,0.45438139846716563,-0.0008219072648154136
2017-01-07 11:00:00,0.4547442453309839,-0.0013009364572775682
2017-01-07 11:00:00,0.4779569666824786,0.0002790091612918135
2017-01-07 12:00:00,-0.6375305681134046,0.001094774402332171
2017-01-07 12:00:00,-0.7349664609344416,0.006415275504154174
2017-01-07 12:00:00,1.6545818070670009,-0.008208956902347946
2017-01-07 12:00:00,1.7803331928284847,-0.0013636912768175103
2017-01-07 12:00:00,-0.4241258769849256,0.00831451585947517
2017-01-07 12:00:00,1.828853552663226,-0.012771607256821936
2017-01-07 12:00:00,0.7966543715733732,0.0031894872801431565
2017-01-07 12:00:00,-1.3329123019598619,0.009321612163971833
2017-01-07 12:00:00,-0.2015380280921974,0.0012159842223345865
2017-01-07 12:00:00,-0.7692021368659232,0.0013123360875309832
2017-01-07 12:00:00,-0.926417560794673,0.0010391924867482992
2017-01-07 12:00:00,-1.2572597195000692,0.0018354332109464032
2017-01-07 12:00:00,0.3848828761382251,0.00010927191087980152
2017-01-07 12:00:00,1.4984328101986275,-0.6725876928416963
2017-01-07 12:00:00,2.4241637263080027,0.7255067871484084
2017-01-07 12:00:00,0.9115997193884557,0.0001790097611174734
2017-01-07 12:00:00,1.3999078481688205,-0.11309907874625827
2017-01-07 12:00:00,-0.18312336023262288,0.0004339864742916821
2017-01-07 12:00:00,0.13088778072969245,-0.0004554168497848101
2017-01-07 12:00:00,0.4670768115253756,-0.00014627279482154406
2017-01-07 12:00:00,-0.43815096666947867,0.0031422512296540835
2017-01-07 12:00:00,-1.4803577524938214,0.013642517739098161
2017-01-07 12:00:00,2.091325753141388,-0.0014286849173007026
2017-01-07 12:00:00,0.3555657839420959,-2.5309513402464636e-05
2017-01-07 12:00:00,3.112398356282148,-2.177173298123844e-05
2017-01-07 12:00:00,2.404822661408468,-0.0014203698270386885
2017-01-07 12:00:00,0.1417465212300281,0.0008409964610935351
2017-01-07 12:00:00,0.7498827042617798,0.0005548445902079018
2017-01-07 12:00:00,1.4913352379898288,-0.0013533418258886017
2017-01-07 12:00:00,2.903110801324327,0.0003035678678280543
2017-01-07 12:00:00,-0.1844233510258244,-0.0004605590848222316
2017-01-07 12:00:00,-0.9557153811395024,0.0008486635033995198
2017-01-07 12:00:00,-1.5051765747941899,0.0026549832131182475
2017-01-07 12:00:00,-1.2720506731749686,0.002712747991601011
2017-01-07 12:00:00,-0.21415256008398278,0.00040640544077921405
2017-01-07 12:00:00,1.2008920755296006,-0.0007943961915510745
2017-01-07 12:00:00,0.26278219994627194,-4.952052692827781e-05
2017-01-07 12:00:00,0.6952946554155438,-0.0008109616740850273
2017-01-07 12:00:00,0.8930279147115572,-0.0005053684641608593
2017-01-07 12:00:00,-0.9187501453681793,0.0007437585025259072
2017-01-07 12:00:00,0.08295094656408067,-0.007251079574940306
2017-01-07 12:00:00,1.1756661706740346,-0.0020316660943517834
2017-01-07 12:00:00,-0.6123060052282449,0.003871319252256962
2017-01-07 12:00:00,-0.2477154826228977,0.0027581207920990645
2017-01-07 12:00:00,-0.1494781958320111,0.00820238338148367
2017-01-07 12:00:00,-0.782011577890028,0.0734589694386253
2017-01-07 12:00:00,0.6300912124080111,0.005214126653385422
2017-01-07 12:00:00,1.993503621830565,-0.012506618828317521
2017-01-07 12:00:00,-0.15319439464442133,0.0038521208236888035
2017-01-07 12:00:00,0.17731293870219073,-0.04469359457226337
2017-01-07 12:00:00,-0.05359128493520131,0.0034956175105098877
2017-01-07 12:00:00,2.0311453266269615,-0.003659012414849042
2017-01-07 12:00:00,0.12717946391477322,-0.0008059779771886513
2017-01-07 12:00:00,0.3456769338135197,-0.0012956266947353147
2017-01-07 12:00:00,0.32214652165752977,0.00028659453635217566
2017-01-07 13:00:00,-0.6531116126158995,0.0010955329398382072
2017-01-07 13:00:00,-0.6570612384219672,0.006411482816623993
2017-01-07 13:00:00,1.2338936054996388,-0.008188476389684967
2017-01-07 13:00:00,1.5777796142960512,-0.0013538302892390378
2017-01-07 13:00:00,-0.45528796598991533,0.008316032934487242
2017-01-07 13:00:00,1.8444345971657208,-0.012772365794327972
2017-01-07 13:00:00,0.687587060055909,0.0031947970426854104
2017-01-07 13:00:00,-1.3796554354673463,0.009323887776489941
2017-01-07 13:00:00,-0.2950242951071669,0.0012205354473708038
2017-01-07 13:00:00,-0.8471073593783975,0.0013161287750611643
2017-01-07 13:00:00,-0.926417560794673,0.0010391924867482992
2017-01-07 13:00:00,-1.2572597195000692,0.0018354332109464032
2017-01-07 13:00:00,0.5406933211631739,0.00010168653581943762
2017-01-07 13:00:00,1.3270413206711837,-0.6725793489291298
2017-01-07 13:00:00,2.533231037825467,0.7255014773858662
2017-01-07 13:00:00,0.9271807638909507,0.00017825122361143719
2017-01-07 13:00:00,1.4622320261788,-0.11310211289628241
2017-01-07 13:00:00,-0.30777171625258204,0.0004400547743399718
2017-01-07 13:00:00,0.021820469212228206,-0.00045010708724255654
2017-01-07 13:00:00,0.4982389005303654,-0.0001477898698336165
2017-01-07 13:00:00,-0.40698887766448893,0.003140734154642011
2017-01-07 13:00:00,-1.4491956634888319,0.013641000664086089
2017-01-07 13:00:00,2.1380688866488726,-0.0014309605298188112
2017-01-07 13:00:00,0.38672787294708566,-2.682658841453707e-05
2017-01-07 13:00:00,3.0812362672771583,-2.0254657969166008e-05
2017-01-07 13:00:00,2.4827278839209423,-0.0014241625145688696
2017-01-07 13:00:00,0.157327565732523,0.0008402379235874989
2017-01-07 13:00:00,0.6719774817493054,0.0005586372777380829
2017-01-07 13:00:00,1.4290110599798493,-0.0013503076758644551
2017-01-07 13:00:00,2.8563676678168424,0.00030584348034616294
2017-01-07 13:00:00,-0.2000043955283193,-0.00045980054731619536
2017-01-07 13:00:00,-1.0180395591494804,0.0008516976534236647
2017-01-07 13:00:00,-1.5207576192966847,0.0026557417506242837
2017-01-07 13:00:00,-1.2876317176774636,0.002713506529107049
2017-01-07 13:00:00,-0.15182838207400326,0.0004033712907550692
2017-01-07 13:00:00,1.2476352090370852,-0.0007966718040691832
2017-01-07 13:00:00,0.10697175492132327,-4.193515186791565e-05
2017-01-07 13:00:00,0.7420377889230285,-0.0008132372866031359
2017-01-07 13:00:00,0.8930279147115572,-0.0005053684641608593
2017-01-07 13:00:00,-0.9031691008656846,0.000742999965019871
2017-01-07 13:00:00,0.1296940800715653,-0.007253355187458415
2017-01-07 13:00:00,1.269152437689004,-0.0020362173193880007
2017-01-07 13:00:00,-0.6123060052282449,0.003871319252256962
2017-01-07 13:00:00,-0.029580859587969296,0.002747501267014556
2017-01-07 13:00:00,-0.1183161068270213,0.008200866306471596
2017-01-07 13:00:00,-0.8131736668950178,0.07346048651363737
2017-01-07 13:00:00,0.6300912124080111,0.005214126653385422
2017-01-07 13:00:00,2.180476155860503,-0.012515721278389956
2017-01-07 13:00:00,-0.15319439464442133,0.0038521208236888035
2017-01-07 13:00:00,0.14615084969720096,-0.0446920774972513
2017-01-07 13:00:00,0.039894982079768,0.0034910662854736704
2017-01-07 13:00:00,2.2181178606569,-0.0036681148649214766
2017-01-07 13:00:00,0.20508468642724764,-0.0008097706647188324
2017-01-07 13:00:00,0.26777171130104527,-0.0012918340072051318
2017-01-07 13:00:00,0.2442412991450555,0.0002903872238823585
2017-01-07 14:00:00,-0.6531116126158995,0.0010955329398382072
2017-01-07 14:00:00,-0.6570612384219672,0.006411482816623993
2017-01-07 14:00:00,1.1559883829871644,-0.008184683702154786
2017-01-07 14:00:00,1.4375502137735974,-0.0013470034516847118
2017-01-07 14:00:00,-0.5955173665123694,0.008322859772041568
2017-01-07 14:00:00,1.6886241521407719,-0.01276478041926761
2017-01-07 14:00:00,0.7810733270708784,0.0031902458176491927
2017-01-07 14:00:00,-1.3796554354673463,0.009323887776489941
2017-01-07 14:00:00,-0.279443250604672,0.0012197769098647676
2017-01-07 14:00:00,-0.8471073593783975,0.0013161287750611643
2017-01-07 14:00:00,-0.926417560794673,0.0010391924867482992
2017-01-07 14:00:00,-1.2572597195000692,0.0018354332109464032
2017-01-07 14:00:00,0.5562743656656688,0.0001009279983134014
2017-01-07 14:00:00,1.2179740091537197,-0.6725740391665876
2017-01-07 14:00:00,2.4709068598154875,0.7255045115358904
2017-01-07 14:00:00,1.036248075408416,0.00017294146106918194
2017-01-07 14:00:00,1.5245562041887797,-0.11310514704630656
2017-01-07 14:00:00,-0.29219067175008717,0.0004392962368339356
2017-01-07 14:00:00,0.03740151371472309,-0.00045086562474859276
2017-01-07 14:00:00,0.5761441230428396,-0.00015158255736379757
2017-01-07 14:00:00,-0.2979215661470247,0.0031354243920997575
2017-01-07 14:00:00,-1.4803577524938214,0.013642517739098161
2017-01-07 14:00:00,2.48085186570376,-0.0014476483549516097
2017-01-07 14:00:00,0.44905205095706524,-2.9860738438682152e-05
2017-01-07 14:00:00,3.2058846232971177,-2.632295801745574e-05
2017-01-07 14:00:00,2.9657402634982835,-0.0014476771772559936
2017-01-07 14:00:00,0.25081383274749214,0.0008356866985512816
2017-01-07 14:00:00,0.6408153927443156,0.0005601543527501571
2017-01-07 14:00:00,1.584821505004798,-0.001357893050924819
2017-01-07 14:00:00,2.7473003562993785,0.00031115324288841646
2017-01-07 14:00:00,-0.07535603950836019,-0.0004658688473644868
2017-01-07 14:00:00,-0.9401343366370074,0.0008479049658934836
2017-01-07 14:00:00,-1.4895955302916948,0.0026542246756122113
2017-01-07 14:00:00,-1.2564696286724737,0.002711989454094975
2017-01-07 14:00:00,-0.08950420406402365,0.0004003371407309226
2017-01-07 14:00:00,1.3567025205545495,-0.0008019815666114367
2017-01-07 14:00:00,0.15371488842880784,-4.42107643860243e-05
2017-01-07 14:00:00,0.9601724119579569,-0.000823856811687643
2017-01-07 14:00:00,1.1111625377464869,-0.0005159879892453681
2017-01-07 14:00:00,-0.8096828338507153,0.000738448739983652
2017-01-07 14:00:00,0.22318034708653456,-0.007257906412494632
2017-01-07 14:00:00,1.378219749206468,-0.0020415270819302543
2017-01-07 14:00:00,-0.6434680942332346,0.0038728363272690345
2017-01-07 14:00:00,0.07948645192949493,0.0027421915044723026
2017-01-07 14:00:00,-0.055991928817041785,0.00819783215644745
2017-01-07 14:00:00,-0.782011577890028,0.0734589694386253
2017-01-07 14:00:00,0.7235774794229805,0.005209575428349203
2017-01-07 14:00:00,2.3674486898904408,-0.012524823728462392
2017-01-07 14:00:00,-0.05970812762945198,0.0038475695986525844
2017-01-07 14:00:00,0.14615084969720096,-0.0446920774972513
2017-01-07 14:00:00,0.16454333809972707,0.0034849979854253807
2017-01-07 14:00:00,1.7818486145870438,-0.0036468758147524608
2017-01-07 14:00:00,0.2518278199347323,-0.0008120462772369411
2017-01-07 14:00:00,0.37683902281850945,-0.001297143769747387
2017-01-07 14:00:00,0.35330861066251956,0.0002850774613401032
2017-01-07 15:00:00,-0.715435790625879,0.001098567089862352
2017-01-07 15:00:00,-0.688223327426957,0.006412999891636065
2017-01-07 15:00:00,1.2338936054996388,-0.008188476389684967
2017-01-07 15:00:00,1.3908070802661125,-0.0013447278391666032
2017-01-07 15:00:00,-0.642260500019854,0.008325135384559677
2017-01-07 15:00:00,1.8444345971657208,-0.012772365794327972
2017-01-07 15:00:00,0.7187491490608988,0.003193279967673338
2017-01-07 15:00:00,-1.3952364799698413,0.009324646313995977
2017-01-07 15:00:00,-0.3573484731171464,0.0012235695973949504
2017-01-07 15:00:00,-0.8471073593783975,0.0013161287750611643
2017-01-07 15:00:00,-0.9887417388046527,0.001042226636772444
2017-01-07 15:00:00,-1.2416786749975743,0.001834674673440367
2017-01-07 15:00:00,0.4316260096457098,0.00010699629836169114
2017-01-07 15:00:00,1.451689676691143,-0.6725854172291782
2017-01-07 15:00:00,2.7825277498653853,0.7254893407857697
2017-01-07 15:00:00,1.2699637429458392,0.0001615633984786387
2017-01-07 15:00:00,1.7582718717262031,-0.11311652510889711
2017-01-07 15:00:00,-0.19870440473511775,0.0004347450117977183
2017-01-07 15:00:00,0.16204986973468216,-0.00045693392479688254
2017-01-07 15:00:00,0.7786977015752731,-0.00016144354494227012
2017-01-07 15:00:00,-0.3290836551520145,0.00313694146711183
2017-01-07 15:00:00,-1.4647767079913265,0.013641759201592125
2017-01-07 15:00:00,2.543176043713739,-0.0014506825049757546
2017-01-07 15:00:00,0.4957951844645499,-3.21363509567908e-05
2017-01-07 15:00:00,3.112398356282148,-2.177173298123844e-05
2017-01-07 15:00:00,2.903416085488304,-0.0014446430272318487
2017-01-07 15:00:00,0.25081383274749214,0.0008356866985512816
2017-01-07 15:00:00,0.6408153927443156,0.0005601543527501571
2017-01-07 15:00:00,1.584821505004798,-0.001357893050924819
2017-01-07 15:00:00,2.7473003562993785,0.00031115324288841646
2017-01-07 15:00:00,-0.07535603950836019,-0.0004658688473644868
2017-01-07 15:00:00,-0.9245532921345124,0.0008471464283874474
2017-01-07 15:00:00,-1.4116903077792204,0.0026504319880820302
2017-01-07 15:00:00,-1.2564696286724737,0.002711989454094975
2017-01-07 15:00:00,-0.08950420406402365,0.0004003371407309226
2017-01-07 15:00:00,1.2943783425445696,-0.0007989474165872918
2017-01-07 15:00:00,-0.2202301796310694,-2.6005864241153366e-05
2017-01-07 15:00:00,0.9134292784504723,-0.0008215811991695343
2017-01-07 15:00:00,1.1267435822489817,-0.0005167465267514043
2017-01-07 15:00:00,-0.7317776113382408,0.0007346560524534709
2017-01-07 15:00:00,0.2699234805940191,-0.007260182025012741
2017-01-07 15:00:00,1.378219749206468,-0.0020415270819302543
2017-01-07 15:00:00,-0.6902112277407193,0.003875111939787143
2017-01-07 15:00:00,0.06390540742700004,0.002742950041978339
2017-01-07 15:00:00,-0.055991928817041785,0.00819783215644745
2017-01-07 15:00:00,-0.782011577890028,0.0734589694386253
2017-01-07 15:00:00,0.7235774794229805,0.005209575428349203
2017-01-07 15:00:00,2.3674486898904408,-0.012524823728462392
2017-01-07 15:00:00,-0.05970812762945198,0.0038475695986525844
2017-01-07 15:00:00,0.14615084969720096,-0.0446920774972513
2017-01-07 15:00:00,0.16454333809972707,0.0034849979854253807
2017-01-07 15:00:00,1.2676741460047127,-0.003621844077053264
2017-01-07 15:00:00,0.1427605084172681,-0.0008067365146946875
2017-01-07 15:00:00,0.29893380030603506,-0.001293351082217206
2017-01-07 15:00:00,0.27540338815004517,0.0002888701488702843
2017-01-07 16:00:00,-0.6998547461233842,0.0010978085523563159
2017-01-07 16:00:00,-0.7038043719294519,0.0064137584291421015
2017-01-07 16:00:00,1.1559883829871644,-0.008184683702154786
2017-01-07 16:00:00,1.6401037923060309,-0.0013568644392631826
2017-01-07 16:00:00,-1.0006245235772353,0.00834258174719851
2017-01-07 16:00:00,1.673043107638277,-0.012764021881761574
2017-01-07 16:00:00,0.6408439265484244,0.003197072655203519
2017-01-07 16:00:00,-1.3952364799698413,0.009324646313995977
2017-01-07 16:00:00,-0.3573484731171464,0.0012235695973949504
2017-01-07 16:00:00,-0.9887417388046527,0.001042226636772444
2017-01-07 16:00:00,-1.2416786749975743,0.001834674673440367
2017-01-07 16:00:00,0.24465347561577133,0.00011609874843412747
2017-01-07 16:00:00,1.0621635641287708,-0.6725664537915272
2017-01-07 16:00:00,2.5643931268304567,0.7254999603108542
2017-01-07 16:00:00,1.192058520433365,0.00016535608600881977
2017-01-07 16:00:00,1.6024614267012542,-0.11310893973383675
2017-01-07 16:00:00,-0.2454475382426024,0.00043702062431582694
2017-01-07 16:00:00,0.1464688252321873,-0.00045617538729084633
2017-01-07 16:00:00,0.7319545680677885,-0.00015916793242416147
2017-01-07 16:00:00,-0.34466469965450935,0.003137700004617866
2017-01-07 16:00:00,-1.4803577524938214,0.013642517739098161
2017-01-07 16:00:00,2.465270821201265,-0.0014468898174455735
2017-01-07 16:00:00,0.4957951844645499,-3.21363509567908e-05
2017-01-07 16:00:00,2.0528873301124957,2.980881742922949e-05
2017-01-07 16:00:00,2.76318668496585,-0.0014378161896775228
2017-01-07 16:00:00,0.17290861023501788,0.0008394793860814627
2017-01-07 16:00:00,-0.12265578787793338,0.0005973226905459334
2017-01-07 16:00:00,1.6159835940097877,-0.0013594101259368915
2017-01-07 16:00:00,1.7189514191347168,0.0003612167182868116
2017-01-07 16:00:00,-0.12209917301584493,-0.00046359323484637644
2017-01-07 16:00:00,-1.0180395591494804,0.0008516976534236647
2017-01-07 16:00:00,-1.4428523967842104,0.0026519490630941027
2017-01-07 16:00:00,-1.2564696286724737,0.002711989454094975
2017-01-07 16:00:00,-0.21415256008398278,0.00040640544077921405
2017-01-07 16:00:00,1.2320541645345902,-0.000795913266563147
2017-01-07 16:00:00,-0.39162166915851326,-1.7661951674754984e-05
2017-01-07 16:00:00,0.8355240559379978,-0.0008177885116393532
2017-01-07 16:00:00,1.0332573152340125,-0.0005121953017151853
2017-01-07 16:00:00,-0.8096828338507153,0.000738448739983652
2017-01-07 16:00:00,0.1920182580815448,-0.0072563893374825595
2017-01-07 16:00:00,1.2068282596790245,-0.002033183169363856
2017-01-07 16:00:00,-0.7836974947556885,0.0038796631648233605
2017-01-07 16:00:00,-0.04516190409046418,0.002748259804520592
2017-01-07 16:00:00,-0.18064028483700087,0.008203900456495742
2017-01-07 16:00:00,-0.8131736668950178,0.07346048651363737
2017-01-07 16:00:00,0.5677670343980316,0.0052171608034095665
2017-01-07 16:00:00,1.8376931768056164,-0.012499033453257159
2017-01-07 16:00:00,-0.21551857265440086,0.0038551549737129483
2017-01-07 16:00:00,0.05266458268223168,-0.04468752627221508
2017-01-07 16:00:00,0.10221916008974759,0.0034880321354495256
2017-01-07 16:00:00,0.9093101224473291,-0.0036043977144144296
2017-01-07 16:00:00,-0.07537411461766026,-0.0007961169896101805
2017-01-07 16:00:00,0.04963708826611702,-0.0012812144821206248
2017-01-07 16:00:00,-0.020636457397357564,0.00030328236148497416
2017-01-07 17:00:00,-0.6686926571183943,0.0010962914773442434
2017-01-07 17:00:00,-0.688223327426957,0.006412999891636065
2017-01-07 17:00:00,1.4364471840320725,-0.008198337377263437
2017-01-07 17:00:00,2.6840337739731868,-0.0014076864521676143
2017-01-07 17:00:00,-1.0941107905922045,0.00834713297223473
2017-01-07 17:00:00,1.6107189296282975,-0.012760987731737429
2017-01-07 17:00:00,0.5629387040359499,0.003200865342733702
2017-01-07 17:00:00,-1.3952364799698413,0.009324646313995977
2017-01-07 17:00:00,-0.6066451851570647,0.00123570619749153
2017-01-07 17:00:00,-1.2210524274382735,0.0013343336752060348
2017-01-07 17:00:00,-0.9887417388046527,0.001042226636772444
2017-01-07 17:00:00,-1.2416786749975743,0.001834674673440367
2017-01-07 17:00:00,0.0888430305908225,0.00012368412349448964
2017-01-07 17:00:00,1.2491360981587092,-0.6725755562415997
2017-01-07 17:00:00,2.5488120823279616,0.7255007188483602
2017-01-07 17:00:00,1.0674101644134055,0.0001714243860571095
2017-01-07 17:00:00,1.5089751596862848,-0.11310438850880053
2017-01-07 17:00:00,-0.29219067175008717,0.0004392962368339356
2017-01-07 17:00:00,0.06856360271971285,-0.0004523826997606652
2017-01-07 17:00:00,0.654049345555314,-0.00015537524489397865
2017-01-07 17:00:00,-0.37582678865949914,0.0031392170796299386
2017-01-07 17:00:00,-1.4647767079913265,0.013641759201592125
2017-01-07 17:00:00,2.2627172426688316,-0.0014370288298671027
2017-01-07 17:00:00,0.4178899619520755,-2.8343663426609502e-05
2017-01-07 17:00:00,1.5387128615301657,5.484055512842637e-05
2017-01-07 17:00:00,2.6852814624533754,-0.0014340235021473421
2017-01-07 17:00:00,0.17290861023501788,0.0008394793860814627
2017-01-07 17:00:00,-0.5121819004403059,0.0006162861281968423
2017-01-07 17:00:00,1.6315646385122826,-0.0013601686634429277
2017-01-07 17:00:00,1.2203579950548804,0.0003854899184799722
2017-01-07 17:00:00,-0.23116648453330907,-0.0004582834723041229
2017-01-07 17:00:00,-1.0180395591494804,0.0008516976534236647
2017-01-07 17:00:00,-1.4272713522817153,0.0026511905255880664
2017-01-07 17:00:00,-1.2876317176774636,0.002713506529107049
2017-01-07 17:00:00,-0.27647673809396245,0.0004094395908033589
2017-01-07 17:00:00,1.2008920755296006,-0.0007943961915510745
2017-01-07 17:00:00,-0.12674391261610007,-3.0557089277370665e-05
2017-01-07 17:00:00,0.7420377889230285,-0.0008132372866031359
2017-01-07 17:00:00,1.0020952262290217,-0.0005106782267031129
2017-01-07 17:00:00,-0.8096828338507153,0.000738448739983652
2017-01-07 17:00:00,0.1296940800715653,-0.007253355187458415
2017-01-07 17:00:00,1.113341992664055,-0.0020286319443276386
2017-01-07 17:00:00,-0.7681164502531937,0.0038789046273173242
2017-01-07 17:00:00,-0.16981026011042327,0.0027543281045688834
2017-01-07 17:00:00,-0.18064028483700087,0.008203900456495742
2017-01-07 17:00:00,-0.8443357559000075,0.07346200358864945
2017-01-07 17:00:00,0.41195658937308294,0.005224746178469929
2017-01-07 17:00:00,1.7130448207856572,-0.012492965153208867
2017-01-07 17:00:00,-0.1843564836494111,0.003853637898700876
2017-01-07 17:00:00,0.05266458268223168,-0.04468752627221508
2017-01-07 17:00:00,0.008732893074778215,0.003492583360485743
2017-01-07 17:00:00,1.0027963894622984,-0.003608948939450647
2017-01-07 17:00:00,-0.07537411461766026,-0.0007961169896101805
2017-01-07 17:00:00,0.04963708826611702,-0.0012812144821206248
2017-01-07 17:00:00,-0.020636457397357564,0.00030328236148497416
2017-01-07 18:00:00,-0.5440443010984353,0.001090223177295952
2017-01-07 18:00:00,-0.6414801939194723,0.006410724279117957
2017-01-07 18:00:00,1.4364471840320725,-0.008198337377263437
2017-01-07 18:00:00,2.6840337739731868,-0.0014076864521676143
2017-01-07 18:00:00,-1.0941107905922045,0.00834713297223473
2017-01-07 18:00:00,1.6107189296282975,-0.012760987731737429
2017-01-07 18:00:00,0.5629387040359499,0.003200865342733702
2017-01-07 18:00:00,-1.3952364799698413,0.009324646313995977
2017-01-07 18:00:00,-0.5287399626445902,0.0012319135099613488
2017-01-07 18:00:00,-1.2210524274382735,0.0013343336752060348
2017-01-07 18:00:00,-0.9887417388046527,0.001042226636772444
2017-01-07 18:00:00,-1.2416786749975743,0.001834674673440367
2017-01-07 18:00:00,0.0888430305908225,0.00012368412349448964
2017-01-07 18:00:00,1.0621635641287708,-0.6725664537915272
2017-01-07 18:00:00,2.5488120823279616,0.7255007188483602
2017-01-07 18:00:00,1.0674101644134055,0.0001714243860571095
2017-01-07 18:00:00,1.5089751596862848,-0.11310438850880053
2017-01-07 18:00:00,-0.29219067175008717,0.0004392962368339356
2017-01-07 18:00:00,0.06856360271971285,-0.0004523826997606652
2017-01-07 18:00:00,0.654049345555314,-0.00015537524489397865
2017-01-07 18:00:00,-0.5939614116944277,0.0031498366047144474
2017-01-07 18:00:00,-1.4803577524938214,0.013642517739098161
2017-01-07 18:00:00,2.1848120201563574,-0.0014332361423369199
2017-01-07 18:00:00,0.4178899619520755,-2.8343663426609502e-05
2017-01-07 18:00:00,1.2894161494902474,6.697715522500756e-05
2017-01-07 18:00:00,0.5195162766065862,-0.0013285867888082976
2017-01-07 18:00:00,0.17290861023501788,0.0008394793860814627
2017-01-07 18:00:00,-0.5121819004403059,0.0006162861281968423
2017-01-07 18:00:00,1.6315646385122826,-0.0013601686634429277
2017-01-07 18:00:00,1.2203579950548804,0.0003854899184799722
2017-01-07 18:00:00,-0.23116648453330907,-0.0004582834723041229
2017-01-07 18:00:00,-0.9868774701444921,0.0008501805784115922
2017-01-07 18:00:00,-1.4272713522817153,0.0026511905255880664
2017-01-07 18:00:00,-1.2876317176774636,0.002713506529107049
2017-01-07 18:00:00,-0.3232198716014471,0.00041171520332146757
2017-01-07 18:00:00,1.138567897519621,-0.0007913620415269297
2017-01-07 18:00:00,-0.12674391261610007,-3.0557089277370665e-05
2017-01-07 18:00:00,0.7264567444205337,-0.0008124787490970997
2017-01-07 18:00:00,0.9241900037165469,-0.0005068855391729318
2017-01-07 18:00:00,-0.8252638783532101,0.0007392072774896882
2017-01-07 18:00:00,1.113341992664055,-0.0020286319443276386
2017-01-07 18:00:00,-0.7681164502531937,0.0038789046273173242
2017-01-07 18:00:00,-0.16981026011042327,0.0027543281045688834
2017-01-07 18:00:00,-0.18064028483700087,0.008203900456495742
2017-01-07 18:00:00,-0.8443357559000075,0.07346200358864945
2017-01-07 18:00:00,0.41195658937308294,0.005224746178469929
2017-01-07 18:00:00,1.7130448207856572,-0.012492965153208867
2017-01-07 18:00:00,-0.1843564836494111,0.003853637898700876
2017-01-07 18:00:00,0.05266458268223168,-0.04468752627221508
2017-01-07 18:00:00,0.008732893074778215,0.003492583360485743
2017-01-07 18:00:00,1.0027963894622984,-0.003608948939450647
2017-01-07 18:00:00,-0.07537411461766026,-0.0007961169896101805
2017-01-07 18:00:00,0.04963708826611702,-0.0012812144821206248
2017-01-07 18:00:00,-0.020636457397357564,0.00030328236148497416
2017-01-07 19:00:00,-0.575206390103425,0.0010917402523080261
2017-01-07 19:00:00,-0.6103181049144826,0.006409207204105884
2017-01-07 19:00:00,0.9845968934597196,-0.008176339789588385
2017-01-07 19:00:00,1.5621985697935563,-0.0013530717517330015
2017-01-07 19:00:00,-1.1252728795971945,0.008348650047246803
2017-01-07 19:00:00,1.1900307280609355,-0.01274050721907445
2017-01-07 19:00:00,0.7966543715733732,0.0031894872801431565
2017-01-07 19:00:00,-1.426398568974831,0.009326163389008053
2017-01-07 19:00:00,-0.2950242951071669,0.0012205354473708038
2017-01-07 19:00:00,-0.9094315373883771,0.0013191629250853092
2017-01-07 19:00:00,-0.9887417388046527,0.001042226636772444
2017-01-07 19:00:00,-1.2572597195000692,0.0018354332109464032
2017-01-07 19:00:00,0.16674825310329688,0.00011989143596430857
2017-01-07 19:00:00,1.3737844541786686,-0.6725816245416479
2017-01-07 19:00:00,2.5643931268304567,0.7254999603108542
2017-01-07 19:00:00,0.880437630383466,0.00018052683612954583
2017-01-07 19:00:00,1.4466509816763053,-0.11310135435877638
2017-01-07 19:00:00,-0.4947442502825207,0.0004491572244124062
2017-01-07 19:00:00,-0.10282788680773083,-0.0004440387871942668
2017-01-07 19:00:00,0.5761441230428396,-0.00015158255736379757
2017-01-07 19:00:00,-0.6562855897044072,0.0031528707547385923
2017-01-07 19:00:00,-1.4959387969963163,0.013643276276604197
2017-01-07 19:00:00,2.2003930646588516,-0.001433994679842956
2017-01-07 19:00:00,0.13743116090716767,-1.4689988317955869e-05
2017-01-07 19:00:00,1.1647677934702885,7.30454552732973e-05
2017-01-07 19:00:00,2.451565794915952,-0.0014226454395567972
2017-01-07 19:00:00,0.26639487724998706,0.0008349281610452436
2017-01-07 19:00:00,-0.8705459239976883,0.0006337324908356753
2017-01-07 19:00:00,1.4601731489848389,-0.0013518247508765293
2017-01-07 19:00:00,-0.40007063320458863,0.0004643778191077454
2017-01-07 19:00:00,-0.12209917301584493,-0.00046359323484637644
2017-01-07 19:00:00,-0.9868774701444921,0.0008501805784115922
2017-01-07 19:00:00,-1.4272713522817153,0.0026511905255880664
2017-01-07 19:00:00,-1.2876317176774636,0.002713506529107049
2017-01-07 19:00:00,-0.3232198716014471,0.00041171520332146757
2017-01-07 19:00:00,1.138567897519621,-0.0007913620415269297
2017-01-07 19:00:00,0.060228621413838564,-3.9659539349807e-05
2017-01-07 19:00:00,0.6797136109130489,-0.0008102031365789911
2017-01-07 19:00:00,0.9241900037165469,-0.0005068855391729318
2017-01-07 19:00:00,-0.9187501453681793,0.0007437585025259072
2017-01-07 19:00:00,0.05178885755909086,-0.0072495624999282336
2017-01-07 19:00:00,1.0354367701515808,-0.0020248392567974558
2017-01-07 19:00:00,-0.861602717268163,0.0038834558523535415
2017-01-07 19:00:00,-0.1386481711054335,0.002752811029556811
2017-01-07 19:00:00,0.037494338197927524,0.008193280931411234
2017-01-07 19:00:00,-0.6573632218700689,0.07345290113857701
2017-01-07 19:00:00,1.097522547482859,0.005191370528204332
2017-01-07 19:00:00,2.1493140668555126,-0.012514204203377883
2017-01-07 19:00:00,0.28307485142543537,0.003830881773519786
2017-01-07 19:00:00,0.520095917757078,-0.04471028239739617
2017-01-07 19:00:00,0.28919169411968604,0.0034789296853770892
2017-01-07 19:00:00,1.485808769039641,-0.0036324636021377726
2017-01-07 19:00:00,0.002531107894814104,-0.0007999096771403616
2017-01-07 19:00:00,0.04963708826611702,-0.0012812144821206248
2017-01-07 19:00:00,0.13517398762759128,0.000295696986424612
2017-01-07 20:00:00,-0.4349769895809709,0.0010849134147536985
2017-01-07 20:00:00,-0.4233455708845439,0.00640010475403345
2017-01-07 20:00:00,1.0936642049771848,-0.008181649552130639
2017-01-07 20:00:00,1.2194155907386688,-0.001336383926600203
2017-01-07 20:00:00,-1.2343401911146585,0.008353959809789056
2017-01-07 20:00:00,1.4704895291058433,-0.012754160894183101
2017-01-07 20:00:00,0.9057216830908373,0.003184177517600903
2017-01-07 20:00:00,-1.3329123019598619,0.009321612163971833
2017-01-07 20:00:00,0.06333972845021567,0.0012030890847319709
2017-01-07 20:00:00,-0.6133916918409743,0.0013047507124706193
2017-01-07 20:00:00,-0.801769204774714,0.0010331241867000095
2017-01-07 20:00:00,-1.148192407982605,0.0018301234484041497
2017-01-07 20:00:00,0.35372078713323535,0.00011078898589187395
2017-01-07 20:00:00,1.841215789253515,-0.672604380666829
2017-01-07 20:00:00,2.7825277498653853,0.7254893407857697
2017-01-07 20:00:00,1.192058520433365,0.00016535608600881977
2017-01-07 20:00:00,1.9919875392636262,-0.11312790317148765
2017-01-07 20:00:00,-0.3700958942625616,0.0004430889243641167
2017-01-07 20:00:00,-0.04050370879775133,-0.0004470729372184117
2017-01-07 20:00:00,0.8877650130927373,-0.00016675330748452364
2017-01-07 20:00:00,-0.6562855897044072,0.0031528707547385923
2017-01-07 20:00:00,-1.4959387969963163,0.013643276276604197
2017-01-07 20:00:00,2.8236348447586472,-0.0014643361800844082
2017-01-07 20:00:00,0.5737004069770242,-3.5929038486971884e-05
2017-01-07 20:00:00,1.8814958405850533,3.8152729995627874e-05
2017-01-07 20:00:00,3.2617801090456866,-0.0014620893898706834
2017-01-07 20:00:00,0.26639487724998706,0.0008349281610452436
2017-01-07 20:00:00,-0.8705459239976883,0.0006337324908356753
2017-01-07 20:00:00,1.4601731489848389,-0.0013518247508765293
2017-01-07 20:00:00,0.6594403929650634,0.0004127972686972777
2017-01-07 20:00:00,-0.12209917301584493,-0.00046359323484637644
2017-01-07 20:00:00,-1.4272713522817153,0.0026511905255880664
2017-01-07 20:00:00,-1.5525094742198764,0.0027264016667096647
2017-01-07 20:00:00,-0.2608956935914676,0.0004086810532973227
2017-01-07 20:00:00,1.6527423661019522,-0.0008163937792261266
2017-01-07 20:00:00,0.32510637795625147,-5.255467695242441e-05
2017-01-07 20:00:00,1.2873743465103509,-0.0008397860993144055
2017-01-07 20:00:00,1.4695265613038693,-0.0005334343518842028
2017-01-07 20:00:00,-0.6850344778307562,0.0007323804399353623
2017-01-07 20:00:00,0.2699234805940191,-0.007260182025012741
2017-01-07 20:00:00,1.7521648172663455,-0.002059731982075125
2017-01-07 20:00:00,-0.861602717268163,0.0038834558523535415
2017-01-07 20:00:00,0.12622958543697954,0.002739915891954194
2017-01-07 20:00:00,0.037494338197927524,0.008193280931411234
2017-01-07 20:00:00,-0.6573632218700689,0.07345290113857701
2017-01-07 20:00:00,1.097522547482859,0.005191370528204332
2017-01-07 20:00:00,2.1493140668555126,-0.012514204203377883
2017-01-07 20:00:00,0.28307485142543537,0.003830881773519786
2017-01-07 20:00:00,0.520095917757078,-0.04471028239739617
2017-01-07 20:00:00,0.28919169411968604,0.0034789296853770892
2017-01-07 20:00:00,1.0183774339647933,-0.003609707476956683
2017-01-07 20:00:00,0.20508468642724764,-0.0008097706647188324
2017-01-07 20:00:00,0.4547442453309839,-0.0013009364572775682
2017-01-07 20:00:00,0.36888965516501443,0.000284318923834067
2017-01-07 21:00:00,-0.46613907858596065,0.001086430489765771
2017-01-07 21:00:00,-0.4856697488945234,0.0064031389040575945
2017-01-07 21:00:00,0.9534348044547298,-0.008174822714576313
2017-01-07 21:00:00,0.8766326116837801,-0.0013196961014674046
2017-01-07 21:00:00,-1.156434968602184,0.008350167122258875
2017-01-07 21:00:00,1.2056117725634303,-0.012741265756580486
2017-01-07 21:00:00,0.7966543715733732,0.0031894872801431565
2017-01-07 21:00:00,-1.3796554354673463,0.009323887776489941
2017-01-07 21:00:00,-0.09247071657473319,0.001210674459792333
2017-01-07 21:00:00,-0.6289727363434692,0.0013055092499766555
2017-01-07 21:00:00,-0.941998605297168,0.0010399510242543354
2017-01-07 21:00:00,-1.1793544969875949,0.001831640523416222
2017-01-07 21:00:00,0.18232929760579178,0.00011913289845827235
2017-01-07 21:00:00,1.9970262342784637,-0.6726119660418894
2017-01-07 21:00:00,2.938338194890334,0.7254817554107093
2017-01-07 21:00:00,1.3478689654583138,0.0001577707109484576
2017-01-07 21:00:00,2.147797984288574,-0.11313548854654801
2017-01-07 21:00:00,-0.29219067175008717,0.0004392962368339356
2017-01-07 21:00:00,-0.04050370879775133,-0.0004470729372184117
2017-01-07 21:00:00,0.9656702356052117,-0.00017054599501470472
2017-01-07 21:00:00,-0.4225699221669838,0.0031414926921480473
2017-01-07 21:00:00,-1.418033574483842,0.013639483589074016
2017-01-07 21:00:00,2.8236348447586472,-0.0014643361800844082
2017-01-07 21:00:00,0.5737004069770242,-3.5929038486971884e-05
2017-01-07 21:00:00,1.8503337515800635,3.966980500770031e-05
2017-01-07 21:00:00,2.856672951980819,-0.00144236741471374
2017-01-07 21:00:00,0.28197592175248193,0.0008341696235392074
2017-01-07 21:00:00,-0.901708013002678,0.0006352495658477495
2017-01-07 21:00:00,1.2732006149549004,-0.001342722300804093
2017-01-07 21:00:00,0.5347920369451044,0.0004188655687455692
2017-01-07 21:00:00,-0.05977499500586529,-0.00046662738487052304
2017-01-07 21:00:00,-1.4428523967842104,0.0026519490630941027
2017-01-07 21:00:00,-1.5369284297173815,0.0027256431292036285
2017-01-07 21:00:00,-0.2608956935914676,0.0004086810532973227
2017-01-07 21:00:00,1.3411214760520545,-0.0008012230291054005
2017-01-07 21:00:00,0.2160390664387874,-4.724491441016916e-05
2017-01-07 21:00:00,1.1938880794953814,-0.0008352348742781882
2017-01-07 21:00:00,1.4383644722988795,-0.0005319172768721287
2017-01-07 21:00:00,-0.7006155223332511,0.0007331389774413985
2017-01-07 21:00:00,0.23876139158902943,-0.007258664950000668
2017-01-07 21:00:00,1.6898406392563656,-0.0020566978320509803
2017-01-07 21:00:00,-1.0174131622931104,0.0038910412274139054
2017-01-07 21:00:00,0.11064854093448469,0.00274067442946023
2017-01-07 21:00:00,-0.02482983981205202,0.008196315081435378
2017-01-07 21:00:00,-0.7508494888850382,0.07345745236361323
2017-01-07 21:00:00,0.910550013452919,0.005200472978276768
2017-01-07 21:00:00,1.9311794438205856,-0.012503584678293376
2017-01-07 21:00:00,0.0961023173954969,0.0038399842235922223
2017-01-07 21:00:00,0.395447561737119,-0.04470421409734788
2017-01-07 21:00:00,0.2268675161097066,0.003481963835401236
2017-01-07 21:00:00,0.9093101224473291,-0.0036043977144144296
2017-01-07 21:00:00,0.12717946391477322,-0.0008059779771886513
2017-01-07 21:00:00,0.1587043997835812,-0.0012865242446628783
2017-01-07 21:00:00,-0.14528481341731667,0.0003093506615332656
2017-01-07 22:00:00,-1.10496190318825,0.0011175305275132592
2017-01-07 22:00:00,-0.7505475054369365,0.00641603404166021
2017-01-07 22:00:00,0.7820433149272861,-0.008166478802009915
2017-01-07 22:00:00,0.6429169441463568,-0.0013083180388768613
2017-01-07 22:00:00,-1.1252728795971945,0.008348650047246803
2017-01-07 22:00:00,0.7537614819910777,-0.012719268168905432
2017-01-07 22:00:00,0.6252628820459295,0.0031978311927095553
2017-01-07 22:00:00,-1.4108175244723362,0.009325404851502014
2017-01-07 22:00:00,-0.2327001170971872,0.001217501297346659
2017-01-07 22:00:00,-0.7380400478609334,0.0013108190125189108
2017-01-07 22:00:00,-1.0043227833071464,0.0010429851742784803
2017-01-07 22:00:00,-1.1793544969875949,0.001831640523416222
2017-01-07 22:00:00,-0.09812950343911611,0.00013278657356692597
2017-01-07 22:00:00,1.6854053442285661,-0.6725967952917687
2017-01-07 22:00:00,2.7825277498653853,0.7254893407857697
2017-01-07 22:00:00,1.192058520433365,0.00016535608600881977
2017-01-07 22:00:00,1.9919875392636262,-0.11312790317148765
2017-01-07 22:00:00,-0.3700958942625616,0.0004430889243641167
2017-01-07 22:00:00,-0.1184089313102258,-0.00044328024968822886
2017-01-07 22:00:00,0.7319545680677885,-0.00015916793242416147
2017-01-07 22:00:00,-0.4693130556744684,0.003143768304666156
2017-01-07 22:00:00,-1.418033574483842,0.013639483589074016
2017-01-07 22:00:00,2.621081266226214,-0.0014544751925059374
2017-01-07 22:00:00,0.4023089174495806,-2.7585125920573286e-05
2017-01-07 22:00:00,1.6945233065551146,4.7255180068064206e-05
2017-01-07 22:00:00,2.8255108629758294,-0.0014408503397016677
2017-01-07 22:00:00,0.18848965473751278,0.0008387208485754264
2017-01-07 22:00:00,-0.9484511465101627,0.0006375251783658581
2017-01-07 22:00:00,1.1952953924424259,-0.001338929613273912
2017-01-07 22:00:00,0.30107636940768123,0.0004302436313361124
2017-01-07 22:00:00,-0.12209917301584493,-0.00046359323484637644
2017-01-07 22:00:00,-1.458433441286705,0.002652707600600139
2017-01-07 22:00:00,-1.5369284297173815,0.0027256431292036285
2017-01-07 22:00:00,-0.35438196060643684,0.00041323227833354
2017-01-07 22:00:00,1.278797298042075,-0.0007981888790812556
2017-01-07 22:00:00,-0.12674391261610007,-3.0557089277370665e-05
2017-01-07 22:00:00,1.131563901485402,-0.0008322007242540433
2017-01-07 22:00:00,1.34487820528391,-0.0005273660518359114
2017-01-07 22:00:00,-0.716196566835746,0.0007338975149474347
2017-01-07 22:00:00,0.14527512457406014,-0.007254113724964451
2017-01-07 22:00:00,1.5651922832364067,-0.0020506295320026906
2017-01-07 22:00:00,-1.4225203193579774,0.003910763202570849
2017-01-07 22:00:00,0.11064854093448469,0.00274067442946023
2017-01-07 22:00:00,-0.1183161068270213,0.008200866306471596
2017-01-07 22:00:00,-0.782011577890028,0.0734589694386253
2017-01-07 22:00:00,0.8170637464379498,0.005205024203312985
2017-01-07 22:00:00,1.7753689987956367,-0.012495999303233012
2017-01-07 22:00:00,-0.05970812762945198,0.0038475695986525844
2017-01-07 22:00:00,0.20847502770718052,-0.044695111647275444
2017-01-07 22:00:00,0.10221916008974759,0.0034880321354495256
2017-01-07 22:00:00,0.9716343004573087,-0.0036074318644385745
2017-01-07 22:00:00,0.06485528590479367,-0.0008029438271645065
2017-01-07 22:00:00,0.1587043997835812,-0.0012865242446628783
2017-01-07 22:00:00,-0.3322573474472554,0.0003184531116057002
2017-01-07 23:00:00,-1.10496190318825,0.0011175305275132592
2017-01-07 23:00:00,-0.7505475054369365,0.00641603404166021
2017-01-07 23:00:00,0.7041380924148116,-0.008162686114479732
2017-01-07 23:00:00,0.502687543623903,-0.0013014912013225336
2017-01-07 23:00:00,-1.2499212356171534,0.008354718347295093
2017-01-07 23:00:00,0.4733026809461699,-0.01270561449379678
2017-01-07 23:00:00,0.4850334815234757,0.003204658030263883
2017-01-07 23:00:00,-1.4419796134773262,0.00932692192651409
2017-01-07 23:00:00,-0.31060533960966175,0.00122129398487684
2017-01-07 23:00:00,-0.8003642258709129,0.0013138531625430556
2017-01-07 23:00:00,-1.0978090503221154,0.0010475363993146976
2017-01-07 23:00:00,-1.2416786749975743,0.001834674673440367
2017-01-07 23:00:00,-0.06696741443412635,0.00013126949855485354
2017-01-07 23:00:00,1.4672707211936376,-0.6725861757666842
2017-01-07 23:00:00,2.6890414828504157,0.7254938920108058
2017-01-07 23:00:00,1.005085986403426,0.0001744585360812561
2017-01-07 23:00:00,1.9608254502586364,-0.11312638609647557
2017-01-07 23:00:00,-0.33893380525757183,0.00044157184935204424
2017-01-07 23:00:00,-0.19631415382270018,-0.0004394875621580478
2017-01-07 23:00:00,0.7163735235652936,-0.00015840939491812525
2017-01-07 23:00:00,-0.5316372336844482,0.0031468024546903025
2017-01-07 23:00:00,-1.4491956634888319,0.013641000664086089
2017-01-07 23:00:00,2.543176043713739,-0.0014506825049757546
2017-01-07 23:00:00,0.30882265043461127,-2.3033900884355987e-05
2017-01-07 23:00:00,1.4296455500127017,6.015031767068162e-05
2017-01-07 23:00:00,2.716443551458365,-0.0014355405771594141
2017-01-07 23:00:00,0.1417465212300281,0.0008409964610935351
2017-01-07 23:00:00,-0.9484511465101627,0.0006375251783658581
2017-01-07 23:00:00,1.1018091254274567,-0.0013343783882376946
2017-01-07 23:00:00,0.02061756836277344,0.0004438973064447663
2017-01-07 23:00:00,-0.16884230652332954,-0.0004613176223282678
2017-01-07 23:00:00,-1.4428523967842104,0.0026519490630941027
2017-01-07 23:00:00,-1.5369284297173815,0.0027256431292036285
2017-01-07 23:00:00,-0.4167061386164164,0.00041626642835768487
2017-01-07 23:00:00,1.0139195414996618,-0.0007852937414786382
2017-01-07 23:00:00,-0.2513922686360593,-2.4488789229080933e-05
2017-01-07 23:00:00,1.0069155454654417,-0.0008261324242057518
2017-01-07 23:00:00,1.251391938268941,-0.0005228148267996941
2017-01-07 23:00:00,-0.7317776113382408,0.0007346560524534709
2017-01-07 23:00:00,0.06736990206158575,-0.00725032103743427
2017-01-07 23:00:00,1.5028681052264272,-0.0020475953819785457
2017-01-07 23:00:00,-1.469263452865462,0.003913038815088958
2017-01-07 23:00:00,0.11064854093448469,0.00274067442946023
2017-01-07 23:00:00,-0.2429644628469804,0.008206934606519887
2017-01-07 23:00:00,-0.8443357559000075,0.07346200358864945
2017-01-07 23:00:00,0.7235774794229805,0.005209575428349203
2017-01-07 23:00:00,1.7130448207856572,-0.012492965153208867
2017-01-07 23:00:00,-0.12203230563943149,0.0038506037486767293
2017-01-07 23:00:00,0.20847502770718052,-0.044695111647275444
2017-01-07 23:00:00,0.07105707108475781,0.003489549210461598
2017-01-07 23:00:00,0.8469859444373496,-0.0036013635643902847
2017-01-07 23:00:00,0.018112152397308984,-0.0008006682146463978
2017-01-07 23:00:00,-0.32430797979376036,-0.0012630095819757539
2017-01-07 23:00:00,-0.34783839194975025,0.00031921164911173644
2017-01-08 00:00:00,-1.0270566806757755,0.0011137378399830782
2017-01-08 00:00:00,-0.8596148169544007,0.006421343804202464
2017-01-08 00:00:00,0.3769361578624192,-0.008146756826852971
2017-01-08 00:00:00,0.4092012766089337,-0.0012969399762863163
2017-01-08 00:00:00,-1.172016013104679,0.008350925659764911
2017-01-08 00:00:00,0.39539745843369545,-0.012701821806266597
2017-01-08 00:00:00,0.42270930351349617,0.003207692180288028
2017-01-08 00:00:00,-1.4419796134773262,0.00932692192651409
2017-01-08 00:00:00,-0.3573484731171464,0.0012235695973949504
2017-01-08 00:00:00,-0.8471073593783975,0.0013161287750611643
2017-01-08 00:00:00,-1.1133900948246105,0.0010482949368207338
2017-01-08 00:00:00,-1.2572597195000692,0.0018354332109464032
2017-01-08 00:00:00,-0.12929159244410593,0.0001343036485789984
2017-01-08 00:00:00,1.3893654986811632,-0.672582383079154
2017-01-08 00:00:00,2.533231037825467,0.7255014773858662
2017-01-08 00:00:00,0.9427618083934456,0.00017749268610540097
2017-01-08 00:00:00,1.8361770942386775,-0.11312031779642728
2017-01-08 00:00:00,-0.33893380525757183,0.00044157184935204424
2017-01-08 00:00:00,-0.27421937633517474,-0.0004356948746278667
2017-01-08 00:00:00,0.6384683010528192,-0.00015461670738794244
2017-01-08 00:00:00,-0.5783803671919328,0.003149078067208411
2017-01-08 00:00:00,-1.4491956634888319,0.013641000664086089
2017-01-08 00:00:00,2.48085186570376,-0.0014476483549516097
2017-01-08 00:00:00,0.30882265043461127,-2.3033900884355987e-05
2017-01-08 00:00:00,1.3361592829977322,6.470154270689891e-05
2017-01-08 00:00:00,2.7008625069558705,-0.0014347820396533784
2017-01-08 00:00:00,0.07942234322004862,0.00084403061111768
2017-01-08 00:00:00,-0.9640321910126575,0.0006382837158718943
2017-01-08 00:00:00,1.055065991919972,-0.001332102775719586
2017-01-08 00:00:00,-0.07286869865219585,0.00044844853148098336
2017-01-08 00:00:00,-0.2155854400308142,-0.00045904200981015914
2017-01-08 00:00:00,-1.4272713522817153,0.0026511905255880664
2017-01-08 00:00:00,-1.5369284297173815,0.0027256431292036285
2017-01-08 00:00:00,-0.44786822762140616,0.0004177835033697573
2017-01-08 00:00:00,0.9983384969971656,-0.000784535203972602
2017-01-08 00:00:00,-0.3137164466460388,-2.1454639204936067e-05
2017-01-08 00:00:00,0.8978482339479773,-0.0008208226616634981
2017-01-08 00:00:00,1.1890677602589612,-0.0005197806767755492
2017-01-08 00:00:00,-0.7317776113382408,0.0007346560524534709
2017-01-08 00:00:00,0.036207813056595976,-0.007248803962422197
2017-01-08 00:00:00,1.4093818382114578,-0.0020430441569423267
2017-01-08 00:00:00,-1.469263452865462,0.003913038815088958
2017-01-08 00:00:00,0.07948645192949493,0.0027421915044723026
2017-01-08 00:00:00,-0.2741265518519703,0.00820845168153196
2017-01-08 00:00:00,-0.8443357559000075,0.07346200358864945
2017-01-08 00:00:00,0.6612533014130009,0.0052126095783733475
2017-01-08 00:00:00,1.5572343757607083,-0.012485379778148505
2017-01-08 00:00:00,-0.15319439464442133,0.0038521208236888035
2017-01-08 00:00:00,0.17731293870219073,-0.04469359457226337
2017-01-08 00:00:00,0.07105707108475781,0.003489549210461598
2017-01-08 00:00:00,0.7534996774223803,-0.0035968123393540674
2017-01-08 00:00:00,-0.059793070115165395,-0.0007968755271162167
2017-01-08 00:00:00,-0.35547006879875015,-0.0012614925069636814
2017-01-08 00:00:00,-0.37900048095474004,0.00032072872412380887
2017-01-08 01:00:00,-1.0426377251782704,0.0011144963774891144
2017-01-08 01:00:00,-0.8128716834469161,0.006419068191684355
2017-01-08 01:00:00,0.33019302435493453,-0.008144481214334861
2017-01-08 01:00:00,0.4247823211114286,-0.0012976985137923525
2017-01-08 01:00:00,-1.2499212356171534,0.008354718347295093
2017-01-08 01:00:00,0.39539745843369545,-0.012701821806266597
2017-01-08 01:00:00,0.42270930351349617,0.003207692180288028
2017-01-08 01:00:00,-1.4419796134773262,0.00932692192651409
2017-01-08 01:00:00,-0.3573484731171464,0.0012235695973949504
2017-01-08 01:00:00,-0.8626884038808924,0.0013168873125672005
2017-01-08 01:00:00,-1.1133900948246105,0.0010482949368207338
2017-01-08 01:00:00,-1.2572597195000692,0.0018354332109464032
2017-01-08 01:00:00,-0.12929159244410593,0.0001343036485789984
2017-01-08 01:00:00,1.3426223651736786,-0.6725801074666359
2017-01-08 01:00:00,2.5020689488204773,0.7255029944608783
2017-01-08 01:00:00,0.9895049419009302,0.00017521707358729232
2017-01-08 01:00:00,1.8361770942386775,-0.11312031779642728
2017-01-08 01:00:00,-0.3545148497600667,0.00044233038685808046
2017-01-08 01:00:00,-0.27421937633517474,-0.0004356948746278667
2017-01-08 01:00:00,0.6696303900578089,-0.0001561337824000166
2017-01-08 01:00:00,-0.5783803671919328,0.003149078067208411
2017-01-08 01:00:00,-1.4491956634888319,0.013641000664086089
2017-01-08 01:00:00,2.4185276876937802,-0.0014446142049274649
2017-01-08 01:00:00,0.30882265043461127,-2.3033900884355987e-05
2017-01-08 01:00:00,1.3361592829977322,6.470154270689891e-05
2017-01-08 01:00:00,2.6073762399409013,-0.001430230814617161
2017-01-08 01:00:00,0.04826025421505882,0.0008455476861297524
2017-01-08 01:00:00,-0.9796132355151524,0.0006390422533779305
2017-01-08 01:00:00,1.055065991919972,-0.001332102775719586
2017-01-08 01:00:00,-0.13519287666217542,0.00045148268150512996
2017-01-08 01:00:00,-0.2155854400308142,-0.00045904200981015914
2017-01-08 01:00:00,-1.4428523967842104,0.0026519490630941027
2017-01-08 01:00:00,-1.5525094742198764,0.0027264016667096647
2017-01-08 01:00:00,-0.463449272123901,0.0004185420408757935
2017-01-08 01:00:00,0.9671764079921759,-0.0007830181289605296
2017-01-08 01:00:00,-0.3137164466460388,-2.1454639204936067e-05
2017-01-08 01:00:00,0.8822671894454825,-0.0008200641241574619
2017-01-08 01:00:00,1.1579056712539715,-0.0005182636017634768
2017-01-08 01:00:00,-0.7473586558407357,0.0007354145899595071
2017-01-08 01:00:00,0.02062676855410107,-0.007248045424916161
2017-01-08 01:00:00,1.393800793708963,-0.0020422856194362905
2017-01-08 01:00:00,-1.469263452865462,0.003913038815088958
2017-01-08 01:00:00,0.06390540742700004,0.002742950041978339
2017-01-08 01:00:00,-0.39877490787192943,0.00821451998158025
2017-01-08 01:00:00,-0.8443357559000075,0.07346200358864945
2017-01-08 01:00:00,0.6300912124080111,0.005214126653385422
2017-01-08 01:00:00,1.463748108745739,-0.012480828553112288
2017-01-08 01:00:00,-0.1843564836494111,0.003853637898700876
2017-01-08 01:00:00,0.14615084969720096,-0.0446920774972513
2017-01-08 01:00:00,0.039894982079768,0.0034910662854736704
2017-01-08 01:00:00,0.7534996774223803,-0.0035968123393540674
2017-01-08 01:00:00,-0.059793070115165395,-0.0007968755271162167
2017-01-08 01:00:00,-0.35547006879875015,-0.0012614925069636814
2017-01-08 01:00:00,-0.37900048095474004,0.00032072872412380887
2017-01-08 02:00:00,-0.9958945916707869,0.0011122207649710057
2017-01-08 02:00:00,-0.8907769059593904,0.006422860879214536
2017-01-08 02:00:00,0.15880153482749093,-0.008136137301768463
2017-01-08 02:00:00,0.23780978708149006,-0.001288596063719918
2017-01-08 02:00:00,-1.3589885471346177,0.008360028109837346
2017-01-08 02:00:00,0.1928438799012621,-0.012691960818688126
2017-01-08 02:00:00,0.2824799029910422,0.0032145190178423538
2017-01-08 02:00:00,-1.4419796134773262,0.00932692192651409
2017-01-08 02:00:00,-0.43525369562962085,0.0012273622849251315
2017-01-08 02:00:00,-0.8938504928858821,0.001318404387579273
2017-01-08 02:00:00,-1.1289711393271054,0.00104905347432677
2017-01-08 02:00:00,-1.2884218085050592,0.0018369502859584756
2017-01-08 02:00:00,-0.26952099296656007,0.00014113048613332424
2017-01-08 02:00:00,1.1868119201487297,-0.6725725220915756
2017-01-08 02:00:00,2.221610147775569,0.7255166481359869
2017-01-08 02:00:00,0.755789274363507,0.00018659513617783557
2017-01-08 02:00:00,3.1449848324482463,-0.11318403494693434
2017-01-08 02:00:00,-0.4635821612775309,0.00044764014940033376
2017-01-08 02:00:00,-0.4767729548676083,-0.0004258338870493959
2017-01-08 02:00:00,0.45149576702288075,-0.0001455142573155078
2017-01-08 02:00:00,-0.7341908122168816,0.0031566634422687733
2017-01-08 02:00:00,-1.4647767079913265,0.013641759201592125
2017-01-08 02:00:00,2.1536499311513673,-0.0014317190673248474
2017-01-08 02:00:00,0.10626907190217795,-1.3172913305883436e-05
2017-01-08 02:00:00,1.1336057044652987,7.456253028536973e-05
2017-01-08 02:00:00,2.3269174388959932,-0.0014165771395085074
2017-01-08 02:00:00,-0.13871227981487982,0.0008546501362021887
2017-01-08 02:00:00,-1.0263563690226358,0.0006413178658960392
2017-01-08 02:00:00,0.9304176359000116,-0.0013260344756712945
2017-01-08 02:00:00,-0.25984123268213466,0.00045755098155341947
2017-01-08 02:00:00,-0.3402337960507734,-0.00045297370976186936
2017-01-08 02:00:00,-1.5207576192966847,0.0026557417506242837
2017-01-08 02:00:00,-1.5680905187223715,0.002727160204215701
2017-01-08 02:00:00,-0.5413544946363757,0.00042233472840597634
2017-01-08 02:00:00,0.8269470074697219,-0.0007761912914062036
2017-01-08 02:00:00,-0.43836480266599787,-1.5386339156646335e-05
2017-01-08 02:00:00,0.7420377889230285,-0.0008132372866031359
2017-01-08 02:00:00,1.0332573152340125,-0.0005121953017151853
2017-01-08 02:00:00,-0.8096828338507153,0.000738448739983652
2017-01-08 02:00:00,-0.057278453958373304,-0.00724425273738598
2017-01-08 02:00:00,1.1756661706740346,-0.0020316660943517834
2017-01-08 02:00:00,-1.469263452865462,0.003913038815088958
2017-01-08 02:00:00,-0.04516190409046418,0.002748259804520592
2017-01-08 02:00:00,-0.49226117488689874,0.008219071206616467
2017-01-08 02:00:00,-0.9066599339099871,0.0734650377386736
2017-01-08 02:00:00,0.4431186783780727,0.005223229103457856
2017-01-08 02:00:00,1.2456134857108105,-0.01247020902802778
2017-01-08 02:00:00,-0.2778427506643805,0.003858189123737093
2017-01-08 02:00:00,0.05266458268223168,-0.04468752627221508
2017-01-08 02:00:00,-0.1159154629451808,0.0034986516605340326
2017-01-08 02:00:00,0.6444323659049161,-0.0035915025768118117
2017-01-08 02:00:00,-0.15327933713013472,-0.0007923243020799977
2017-01-08 02:00:00,-0.35547006879875015,-0.0012614925069636814
2017-01-08 02:00:00,-0.44132465896471956,0.00032376287414795374
2017-01-08 03:00:00,-0.9958945916707869,0.0011122207649710057
2017-01-08 03:00:00,-0.8907769059593904,0.006422860879214536
2017-01-08 03:00:00,0.15880153482749093,-0.008136137301768463
2017-01-08 03:00:00,0.23780978708149006,-0.001288596063719918
2017-01-08 03:00:00,-1.3589885471346177,0.008360028109837346
2017-01-08 03:00:00,0.1928438799012621,-0.012691960818688126
2017-01-08 03:00:00,0.2824799029910422,0.0032145190178423538
2017-01-08 03:00:00,-1.4419796134773262,0.00932692192651409
2017-01-08 03:00:00,-0.43525369562962085,0.0012273622849251315
2017-01-08 03:00:00,-0.8938504928858821,0.001318404387579273
2017-01-08 03:00:00,1.1868119201487297,-0.6725725220915756
2017-01-08 03:00:00,2.221610147775569,0.7255166481359869
2017-01-08 03:00:00,3.1449848324482463,-0.11318403494693434
2017-01-08 03:00:00,0.45149576702288075,-0.0001455142573155078
2017-01-08 03:00:00,-0.7341908122168816,0.0031566634422687733
2017-01-08 03:00:00,-1.4647767079913265,0.013641759201592125
2017-01-08 03:00:00,2.1380688866488726,-0.0014309605298188112
2017-01-08 03:00:00,0.10626907190217795,-1.3172913305883436e-05
2017-01-08 03:00:00,1.1336057044652987,7.456253028536973e-05
2017-01-08 03:00:00,2.3269174388959932,-0.0014165771395085074
2017-01-08 03:00:00,-0.18545541332236448,0.0008569257487202974
2017-01-08 03:00:00,-1.0730995025301204,0.0006435934784141478
2017-01-08 03:00:00,0.8525124133875372,-0.0013222417881411134
2017-01-08 03:00:00,-0.36890854419959884,0.000462860744095673
2017-01-08 03:00:00,1.8722745233035014,-0.0005606860356190225
2017-01-08 03:00:00,-1.5207576192966847,0.0026557417506242837
2017-01-08 03:00:00,-1.5680905187223715,0.002727160204215701
2017-01-08 03:00:00,-0.5413544946363757,0.00042233472840597634
2017-01-08 03:00:00,0.8269470074697219,-0.0007761912914062036
2017-01-08 03:00:00,-0.43836480266599787,-1.5386339156646335e-05
2017-01-08 03:00:00,0.7420377889230285,-0.0008132372866031359
2017-01-08 03:00:00,1.0332573152340125,-0.0005121953017151853
2017-01-08 03:00:00,-0.8096828338507153,0.000738448739983652
2017-01-08 03:00:00,-0.057278453958373304,-0.00724425273738598
2017-01-08 03:00:00,1.1756661706740346,-0.0020316660943517834
2017-01-08 03:00:00,-1.469263452865462,0.003913038815088958
2017-01-08 03:00:00,-0.04516190409046418,0.002748259804520592
2017-01-08 03:00:00,-0.49226117488689874,0.008219071206616467
2017-01-08 03:00:00,-0.9066599339099871,0.0734650377386736
2017-01-08 03:00:00,0.4431186783780727,0.005223229103457856
2017-01-08 03:00:00,1.2456134857108105,-0.01247020902802778
2017-01-08 03:00:00,-0.2778427506643805,0.003858189123737093
2017-01-08 03:00:00,0.05266458268223168,-0.04468752627221508
2017-01-08 03:00:00,-0.1159154629451808,0.0034986516605340326
2017-01-08 04:00:00,-0.9958945916707869,0.0011122207649710057
2017-01-08 04:00:00,-0.8596148169544007,0.006421343804202464
2017-01-08 04:00:00,0.1276394458225012,-0.00813462022675639
2017-01-08 04:00:00,0.31571500959396437,-0.001292388751250099
2017-01-08 04:00:00,-1.2031781021096688,0.008352442734776984
2017-01-08 04:00:00,0.16168179089627233,-0.012690443743676054
2017-01-08 04:00:00,0.2513178139860524,0.003216036092854426
2017-01-08 04:00:00,-1.4575606579798208,0.009327680464020126
2017-01-08 04:00:00,-0.4819968291371055,0.0012296378974432402
2017-01-08 04:00:00,-0.9094315373883771,0.0013191629250853092
2017-01-08 04:00:00,-1.1445521838296,0.001049812011832808
2017-01-08 04:00:00,-1.3040028530075538,0.0018377088234645118
2017-01-08 04:00:00,-0.3630072599815294,0.00014568171116954328
2017-01-08 04:00:00,-0.7341908122168816,0.0031566634422687733
2017-01-08 04:00:00,-1.4803577524938214,0.013642517739098161
2017-01-08 04:00:00,2.792472755753658,-0.0014628191050723358
2017-01-08 04:00:00,0.012782804887208576,-8.621688269666137e-06
2017-01-08 04:00:00,1.0089573484453396,8.06308303336612e-05
2017-01-08 04:00:00,2.139944904866055,-0.001407474689436071
2017-01-08 04:00:00,-0.1698743688198696,0.0008561672112142612
2017-01-08 04:00:00,-1.0730995025301204,0.0006435934784141478
2017-01-08 04:00:00,2.0366717955771483,-0.001379890638599871
2017-01-08 04:00:00,-0.43123272220957837,0.00046589489411981785
2017-01-08 04:00:00,1.7632072117860371,-0.0005553762730767673
2017-01-08 04:00:00,-1.5207576192966847,0.0026557417506242837
2017-01-08 04:00:00,-1.5525094742198764,0.0027264016667096647
2017-01-08 04:00:00,-0.5880976281438605,0.000424610340924085
2017-01-08 04:00:00,0.7334607404547526,-0.0007716400663699863
2017-01-08 04:00:00,-0.43836480266599787,-1.5386339156646335e-05
2017-01-08 04:00:00,-0.1196026319683529,-0.0072412185873618334
2017-01-08 04:00:00,1.1445040816690448,-0.002030149019339711
2017-01-08 04:00:00,-1.469263452865462,0.003913038815088958
2017-01-08 04:00:00,-0.1386481711054335,0.002752811029556811
2017-01-08 04:00:00,-0.42993699687691916,0.008216037056592322
2017-01-08 04:00:00,-0.9378220229149768,0.07346655481368568
2017-01-08 04:00:00,0.41195658937308294,0.005224746178469929
2017-01-08 04:00:00,1.1521272186958413,-0.012465657802991562
2017-01-08 04:00:00,-0.37132901767934984,0.0038627403487733105
2017-01-08 04:00:00,-0.009659595327747865,-0.04468449212219094
2017-01-08 04:00:00,-0.24056381896513993,0.003504719960582324
2017-01-08 04:00:00,0.45745983187497763,-0.003582400126739377
2017-01-08 04:00:00,-0.2467656041451042,-0.0007877730770437804
2017-01-08 04:00:00,-0.4489563358137194,-0.0012569412819274641
2017-01-08 04:00:00,-0.45690570346721443,0.00032452141165398995
2017-01-08 05:00:00,-0.9958945916707869,0.0011122207649710057
2017-01-08 05:00:00,-0.8751958614568957,0.0064221023417085
2017-01-08 05:00:00,0.28344989084744987,-0.008142205601816752
2017-01-08 05:00:00,0.9233757451912646,-0.0013219717139855132
2017-01-08 05:00:00,-1.2343401911146585,0.008353959809789056
2017-01-08 05:00:00,0.11493865738878772,-0.012688168131157945
2017-01-08 05:00:00,0.2513178139860524,0.003216036092854426
2017-01-08 05:00:00,-1.4575606579798208,0.009327680464020126
2017-01-08 05:00:00,-0.4819968291371055,0.0012296378974432402
2017-01-08 05:00:00,-0.9094315373883771,0.0013191629250853092
2017-01-08 05:00:00,-1.1445521838296,0.001049812011832808
2017-01-08 05:00:00,-1.2884218085050592,0.0018369502859584756
2017-01-08 05:00:00,-0.3630072599815294,0.00014568171116954328
2017-01-08 05:00:00,-0.7341908122168816,0.0031566634422687733
2017-01-08 05:00:00,-1.4803577524938214,0.013642517739098161
2017-01-08 05:00:00,2.7613106667486678,-0.0014613020300602633
2017-01-08 05:00:00,0.07510698289718817,-1.1655838293811005e-05
2017-01-08 05:00:00,0.9777952594403487,8.214790534573363e-05
2017-01-08 05:00:00,1.9841344598411066,-0.001399889314375709
2017-01-08 05:00:00,-0.247779591332344,0.0008599598987444422
2017-01-08 05:00:00,-1.0730995025301204,0.0006435934784141478
2017-01-08 05:00:00,1.989928662069665,-0.0013776150260817624
2017-01-08 05:00:00,-0.2442601881796396,0.00045679244404738325
2017-01-08 05:00:00,1.7164640782785525,-0.0005531006605586586
2017-01-08 05:00:00,-1.5207576192966847,0.0026557417506242837
2017-01-08 05:00:00,-1.5525094742198764,0.0027264016667096647
2017-01-08 05:00:00,-0.5880976281438605,0.000424610340924085
2017-01-08 05:00:00,0.7334607404547526,-0.0007716400663699863
2017-01-08 05:00:00,-0.2513922686360593,-2.4488789229080933e-05
2017-01-08 05:00:00,-0.1196026319683529,-0.0072412185873618334
2017-01-08 05:00:00,1.0665988591565703,-0.00202635633180953
2017-01-08 05:00:00,-1.469263452865462,0.003913038815088958
2017-01-08 05:00:00,-0.1542292156079284,0.002753569567062847
2017-01-08 05:00:00,-0.49226117488689874,0.008219071206616467
2017-01-08 05:00:00,-0.9066599339099871,0.0734650377386736
2017-01-08 05:00:00,0.41195658937308294,0.005224746178469929
2017-01-08 05:00:00,1.183289307700831,-0.012467174878003634
2017-01-08 05:00:00,-0.37132901767934984,0.0038627403487733105
2017-01-08 05:00:00,-0.009659595327747865,-0.04468449212219094
2017-01-08 05:00:00,-0.24056381896513993,0.003504719960582324
2017-01-08 05:00:00,0.535365054387452,-0.0035861928142695582
2017-01-08 05:00:00,-0.29350873765258884,-0.0007854974645256717
2017-01-08 05:00:00,-0.4177942468087297,-0.0012584583569395366
2017-01-08 05:00:00,-0.41016256995972983,0.0003222457991358813
2017-01-08 06:00:00,-1.0270566806757755,0.0011137378399830782
2017-01-08 06:00:00,-0.8907769059593904,0.006422860879214536
2017-01-08 06:00:00,0.28344989084744987,-0.008142205601816752
2017-01-08 06:00:00,1.4063881247686074,-0.0013454863766726394
2017-01-08 06:00:00,-1.2499212356171534,0.008354718347295093
2017-01-08 06:00:00,0.05261447937880815,-0.0126851339811338
2017-01-08 06:00:00,0.32922303649852686,0.003212243405324245
2017-01-08 06:00:00,-1.4575606579798208,0.009327680464020126
2017-01-08 06:00:00,-0.4819968291371055,0.0012296378974432402
2017-01-08 06:00:00,-0.8782694483833874,0.0013176458500732367
2017-01-08 06:00:00,-1.1445521838296,0.001049812011832808
2017-01-08 06:00:00,-1.2884218085050592,0.0018369502859584756
2017-01-08 06:00:00,-0.45649352699649864,0.00015023293620576057
2017-01-08 06:00:00,1.436108632188648,-0.6725846586916722
2017-01-08 06:00:00,2.6578793938454264,0.7254954090858179
2017-01-08 06:00:00,1.8673391832436672,-0.11312183487143936
2017-01-08 06:00:00,0.420333678017891,-0.00014399718230343538
2017-01-08 06:00:00,-0.827677079231851,0.0031612146673049906
2017-01-08 06:00:00,-1.4959387969963163,0.013643276276604197
2017-01-08 06:00:00,2.231555153663842,-0.0014355117548550303
2017-01-08 06:00:00,-0.12744659563524538,-1.7948507153384543e-06
2017-01-08 06:00:00,2.395670309167383,1.3120992296430991e-05
2017-01-08 06:00:00,1.7504187923036831,-0.001388511251785164
2017-01-08 06:00:00,-0.247779591332344,0.0008599598987444422
2017-01-08 06:00:00,-1.0730995025301204,0.0006435934784141478
2017-01-08 06:00:00,1.989928662069665,-0.0013776150260817624
2017-01-08 06:00:00,-0.2442601881796396,0.00045679244404738325
2017-01-08 06:00:00,1.7164640782785525,-0.0005531006605586586
2017-01-08 06:00:00,-1.5051765747941899,0.0026549832131182475
2017-01-08 06:00:00,-1.5680905187223715,0.002727160204215701
2017-01-08 06:00:00,-0.6815838951588298,0.0004291615659603023
2017-01-08 06:00:00,0.546488206424814,-0.00076253761629755
2017-01-08 06:00:00,-0.1890680906260796,-2.75229392532258e-05
2017-01-08 06:00:00,0.4615789878781208,-0.0007995836114944823
2017-01-08 06:00:00,0.4723397131441955,-0.0004848879514978798
2017-01-08 06:00:00,-0.965493278875664,0.0007460341150440159
2017-01-08 06:00:00,-0.3533182995057763,-0.00722984052477129
2017-01-08 06:00:00,0.8173021471166508,-0.0020142197317129487
2017-01-08 06:00:00,-1.469263452865462,0.003913038815088958
2017-01-08 06:00:00,-0.34120174963786715,0.0027626720171352818
2017-01-08 06:00:00,-0.4610990858819089,0.008217554131604394
2017-01-08 06:00:00,-0.9378220229149768,0.07346655481368568
2017-01-08 06:00:00,0.16265987733316487,0.00523688277856651
2017-01-08 06:00:00,0.7158579726259833,-0.012444418752822546
2017-01-08 06:00:00,-0.49597737369930894,0.0038688086488216002
2017-01-08 06:00:00,-0.1966321293576865,-0.0446753896721185
2017-01-08 06:00:00,-0.39637426399008896,0.0035123053356426862
2017-01-08 06:00:00,0.44187878737248276,-0.003581641589233341
2017-01-08 06:00:00,-0.4804812716825275,-0.0007763950144532371
2017-01-08 06:00:00,-0.5112805138236992,-0.0012539071319033175
2017-01-08 06:00:00,-0.5503919704821841,0.000329072636690209
2017-01-08 07:00:00,-1.0426377251782704,0.0011144963774891144
2017-01-08 07:00:00,-0.8596148169544007,0.006421343804202464
2017-01-08 07:00:00,0.28344989084744987,-0.008142205601816752
2017-01-08 07:00:00,1.1259293237236996,-0.0013318327015639857
2017-01-08 07:00:00,-1.327826458129628,0.008358511034825274
2017-01-08 07:00:00,0.05261447937880815,-0.0126851339811338
2017-01-08 07:00:00,0.4071282590110013,0.003208450717794064
2017-01-08 07:00:00,-1.4575606579798208,0.009327680464020126
2017-01-08 07:00:00,-0.4819968291371055,0.0012296378974432402
2017-01-08 07:00:00,-0.8938504928858821,0.001318404387579273
2017-01-08 07:00:00,-1.1445521838296,0.001049812011832808
2017-01-08 07:00:00,-1.2884218085050592,0.0018369502859584756
2017-01-08 07:00:00,-0.37858830448402425,0.0001464402486755795
2017-01-08 07:00:00,0.9686772971138,-0.6725619025664911
2017-01-08 07:00:00,1.9255703022281674,0.7255310603486016
2017-01-08 07:00:00,0.3662631618011349,0.00020555857382874271
2017-01-08 07:00:00,-0.6567900261605053,-0.11299895179546147
2017-01-08 07:00:00,-0.7128788733174493,0.00045977674949691474
2017-01-08 07:00:00,-0.679326533400042,-0.00041597289947092333
2017-01-08 07:00:00,0.21778009948545757,-0.00013413619472496283
2017-01-08 07:00:00,-0.7809339457243663,0.003158939054786882
2017-01-08 07:00:00,-1.4803577524938214,0.013642517739098161
2017-01-08 07:00:00,1.4836650175440882,-0.0013991019545652884
2017-01-08 07:00:00,-0.09628450663025556,-3.3119257274126218e-06
2017-01-08 07:00:00,0.9466331704353589,8.366498035780606e-05
2017-01-08 07:00:00,1.6101893917812293,-0.001381684414230838
2017-01-08 07:00:00,-0.40359003635729307,0.0008675452738048044
2017-01-08 07:00:00,-1.0730995025301204,0.0006435934784141478
2017-01-08 07:00:00,0.7901882353775577,-0.0013192076381169685
2017-01-08 07:00:00,0.1608469688852274,0.0004370704688904403
2017-01-08 07:00:00,-0.5272063300807122,-0.000443871259689433
2017-01-08 07:00:00,-1.4740144857892,0.002653466138106175
2017-01-08 07:00:00,-1.5836715632248664,0.002727918741721737
2017-01-08 07:00:00,-0.6660028506563348,0.00042840302845426607
2017-01-08 07:00:00,0.6243934289372884,-0.0007663303038277311
2017-01-08 07:00:00,-0.2513922686360593,-2.4488789229080933e-05
2017-01-08 07:00:00,0.4615789878781208,-0.0007995836114944823
2017-01-08 07:00:00,0.4723397131441955,-0.0004848879514978798
2017-01-08 07:00:00,-0.965493278875664,0.0007460341150440159
2017-01-08 07:00:00,-0.30657516599829165,-0.007232116137289399
2017-01-08 07:00:00,0.7705590136091662,-0.00201194411919484
2017-01-08 07:00:00,-1.469263452865462,0.003913038815088958
2017-01-08 07:00:00,-0.3256207051353723,0.0027619134796292456
2017-01-08 07:00:00,-0.42993699687691916,0.008216037056592322
2017-01-08 07:00:00,-0.9066599339099871,0.0734650377386736
2017-01-08 07:00:00,0.16265987733316487,0.00523688277856651
2017-01-08 07:00:00,0.6535337946160038,-0.0124413846027984
2017-01-08 07:00:00,-0.4648152846943191,0.003867291573809528
2017-01-08 07:00:00,-0.22779421836267627,-0.04467387259710643
2017-01-08 07:00:00,-0.36521217498509917,0.003510788260630614
2017-01-08 07:00:00,0.44187878737248276,-0.003581641589233341
2017-01-08 07:00:00,-0.4804812716825275,-0.0007763950144532371
2017-01-08 07:00:00,-0.5112805138236992,-0.0012539071319033175
2017-01-08 07:00:00,-0.45690570346721443,0.00032452141165398995
2017-01-08 08:00:00,-0.9803135471682921,0.0011114622274649695
2017-01-08 08:00:00,-0.8440337724519058,0.0064205852666964274
2017-01-08 08:00:00,0.23670675733996535,-0.008139929989298644
2017-01-08 08:00:00,0.9389567896937596,-0.0013227302514915494
2017-01-08 08:00:00,-1.2499212356171534,0.008354718347295093
2017-01-08 08:00:00,0.16168179089627233,-0.012690443743676054
2017-01-08 08:00:00,0.37596617000601146,0.0032099677928061365
2017-01-08 08:00:00,-1.3952364799698413,0.009324646313995977
2017-01-08 08:00:00,-0.4819968291371055,0.0012296378974432402
2017-01-08 08:00:00,-0.8782694483833874,0.0013176458500732367
2017-01-08 08:00:00,-1.1445521838296,0.001049812011832808
2017-01-08 08:00:00,-1.3040028530075538,0.0018377088234645118
2017-01-08 08:00:00,-0.34742621547903446,0.00014492317366350532
2017-01-08 08:00:00,0.9842583416162949,-0.6725626611039971
2017-01-08 08:00:00,1.972313435735652,0.7255287847360835
2017-01-08 08:00:00,0.38184420630362975,0.0002048000363227065
2017-01-08 08:00:00,1.2752594921488616,-0.11309301044620998
2017-01-08 08:00:00,-0.6505546953074697,0.00045674259947276987
2017-01-08 08:00:00,-0.5546781773800828,-0.00042204119951921306
2017-01-08 08:00:00,0.2645232329929421,-0.00013641180724307148
2017-01-08 08:00:00,-0.6562855897044072,0.0031528707547385923
2017-01-08 08:00:00,-1.4959387969963163,0.013643276276604197
2017-01-08 08:00:00,1.6083133735640474,-0.0014051702546135781
2017-01-08 08:00:00,0.012782804887208576,-8.621688269666137e-06
2017-01-08 08:00:00,1.6321991285451352,5.028933009220907e-05
2017-01-08 08:00:00,1.7659998368061782,-0.0013892697892912002
2017-01-08 08:00:00,-0.3101037693423237,0.0008629940487685871
2017-01-08 08:00:00,-0.8238027904902036,0.0006314568783175666
2017-01-08 08:00:00,0.8057692798800526,-0.0013199661756230047
2017-01-08 08:00:00,0.3166574139101761,0.0004294850938300762
2017-01-08 08:00:00,-0.4648821520707325,-0.0004469054097135796
2017-01-08 08:00:00,-1.5166329832293168,0.0008759708536168253
2017-01-08 08:00:00,-1.4895955302916948,0.0026542246756122113
2017-01-08 08:00:00,-1.5836715632248664,0.002727918741721737
2017-01-08 08:00:00,-0.6504218061538399,0.00042764449094822985
2017-01-08 08:00:00,0.7957849184647322,-0.0007746742163941312
2017-01-08 08:00:00,-0.26697331313855416,-2.3730251723044716e-05
2017-01-08 08:00:00,0.47716003238061566,-0.0008003421490005185
2017-01-08 08:00:00,0.5035018021491852,-0.00048640502650995225
2017-01-08 08:00:00,-0.9966553678806538,0.0007475511900560883
2017-01-08 08:00:00,-0.2286699434858171,-0.00723590882481958
2017-01-08 08:00:00,0.926369458634115,-0.0020195294942552022
2017-01-08 08:00:00,-1.4381013638604725,0.0039115217400768855
2017-01-08 08:00:00,-0.2944586161303825,0.002760396404617173
2017-01-08 08:00:00,-0.2741265518519703,0.00820845168153196
2017-01-08 08:00:00,-0.8754978449049974,0.07346352066366152
2017-01-08 08:00:00,0.2249840553431444,0.005233848628542365
2017-01-08 08:00:00,0.6846958836209935,-0.012442901677810474
2017-01-08 08:00:00,-0.43365319568932936,0.0038657744987974554
2017-01-08 08:00:00,-0.16547004035269675,-0.044676906747130575
2017-01-08 08:00:00,-0.36521217498509917,0.003510788260630614
2017-01-08 08:00:00,0.7379186329198855,-0.003596053801848031
2017-01-08 08:00:00,-0.3714139601650633,-0.0007817047769954907
2017-01-08 08:00:00,-0.43337529131122454,-0.0012576998194335004
2017-01-08 08:00:00,-0.45690570346721443,0.00032452141165398995
2017-01-08 09:00:00,-0.7621789241333637,0.0011008427023804607
2017-01-08 09:00:00,-0.7972906389444212,0.006418309654178319
2017-01-08 09:00:00,0.23670675733996535,-0.008139929989298644
2017-01-08 09:00:00,0.7208221666588313,-0.0013121107264070424
2017-01-08 09:00:00,-1.2343401911146585,0.008353959809789056
2017-01-08 09:00:00,0.16168179089627233,-0.012690443743676054
2017-01-08 09:00:00,0.4538713925184859,0.0032061751052759554
2017-01-08 09:00:00,-1.3952364799698413,0.009324646313995977
2017-01-08 09:00:00,-0.4819968291371055,0.0012296378974432402
2017-01-08 09:00:00,-0.8471073593783975,0.0013161287750611643
2017-01-08 09:00:00,-1.1601332283320949,0.0010505705493388442
2017-01-08 09:00:00,-1.2884218085050592,0.0018369502859584756
2017-01-08 09:00:00,-0.26952099296656007,0.00014113048613332424
2017-01-08 09:00:00,0.9998393861187905,-0.6725634196415031
2017-01-08 09:00:00,1.987894480238147,0.7255280261985775
2017-01-08 09:00:00,0.4597494288161042,0.00020100734879252542
2017-01-08 09:00:00,1.2596784476463667,-0.11309225190870395
2017-01-08 09:00:00,-0.6349736508049748,0.00045598406196673365
2017-01-08 09:00:00,-0.6014213108875676,-0.0004197655870011044
2017-01-08 09:00:00,0.35800950000791143,-0.0001409630322792905
2017-01-08 09:00:00,-0.5316372336844482,0.0031468024546903025
2017-01-08 09:00:00,-1.4803577524938214,0.013642517739098161
2017-01-08 09:00:00,1.6706375515740268,-0.001408204404637723
2017-01-08 09:00:00,0.09068802739968305,-1.2414375799847221e-05
2017-01-08 09:00:00,1.7412664400625995,4.497956754995556e-05
2017-01-08 09:00:00,1.9685534153386115,-0.0013991307768696727
2017-01-08 09:00:00,-0.27894168033733396,0.0008614769737565147
2017-01-08 09:00:00,-0.7770596569827188,0.000629181265799458
2017-01-08 09:00:00,0.8213503243825474,-0.001320724713129041
2017-01-08 09:00:00,0.36340054741766076,0.00042720948131196756
2017-01-08 09:00:00,-0.4493011075682376,-0.00044766394721961584
2017-01-08 09:00:00,-0.9868774701444921,0.0008501805784115922
2017-01-08 09:00:00,-1.4740144857892,0.002653466138106175
2017-01-08 09:00:00,-1.5836715632248664,0.002727918741721737
2017-01-08 09:00:00,-0.5569355391388707,0.00042309326591201255
2017-01-08 09:00:00,0.8892711854797014,-0.0007792254414303485
2017-01-08 09:00:00,-0.12674391261610007,-3.0557089277370665e-05
2017-01-08 09:00:00,0.3680927208631515,-0.000795032386458265
2017-01-08 09:00:00,0.4255965796367109,-0.00048261233897977117
2017-01-08 09:00:00,-0.9499122343731693,0.0007452755775379797
2017-01-08 09:00:00,-0.16634576547583757,-0.007238942974843725
2017-01-08 09:00:00,1.0354367701515808,-0.0020248392567974558
2017-01-08 09:00:00,-1.4536824083629671,0.003912280277582922
2017-01-08 09:00:00,-0.31003966063287736,0.0027611549421232093
2017-01-08 09:00:00,-0.2429644628469804,0.008206934606519887
2017-01-08 09:00:00,-0.8754978449049974,0.07346352066366152
2017-01-08 09:00:00,0.31847032235811357,0.005229297403506146
2017-01-08 09:00:00,1.0274788626758822,-0.01245958950294327
2017-01-08 09:00:00,-0.40249110668433963,0.003864257423785383
2017-01-08 09:00:00,-0.13430795134770698,-0.04467842382214265
2017-01-08 09:00:00,-0.27172590797012985,0.0035062370355943965
2017-01-08 09:00:00,1.1118637009797638,-0.003614258701992902
2017-01-08 09:00:00,-0.30908978215508376,-0.0007847389270196355
2017-01-08 09:00:00,-0.3087269352912655,-0.00126376811948179
2017-01-08 09:00:00,-0.3166763029447605,0.000317694574099664
2017-01-08 10:00:00,-0.7310168351283739,0.0010993256273683883
2017-01-08 10:00:00,-0.7661285499394315,0.006416792579166246
2017-01-08 10:00:00,0.25228780184246014,-0.00814068852680468
2017-01-08 10:00:00,0.8922136561862749,-0.0013204546389734408
2017-01-08 10:00:00,-1.2343401911146585,0.008353959809789056
2017-01-08 10:00:00,0.3330732804237159,-0.012698787656242452
2017-01-08 10:00:00,0.6720060155534141,0.0031955555801914466
2017-01-08 10:00:00,-1.3640743909648516,0.009323129238983905
2017-01-08 10:00:00,-0.32618638411215667,0.001222052522382878
2017-01-08 10:00:00,-0.8159452703734078,0.0013146117000490919
2017-01-08 10:00:00,-1.0666469613171257,0.0010460193243026251
2017-01-08 10:00:00,-1.2884218085050592,0.0018369502859584756
2017-01-08 10:00:00,-0.09812950343911611,0.00013278657356692597
2017-01-08 10:00:00,1.0621635641287708,-0.6725664537915272
2017-01-08 10:00:00,1.972313435735652,0.7255287847360835
2017-01-08 10:00:00,0.5220736068260836,0.00019797319876838055
2017-01-08 10:00:00,1.2596784476463667,-0.11309225190870395
2017-01-08 10:00:00,-0.6038115617999851,0.0004544669869546612
2017-01-08 10:00:00,-0.3521245988476492,-0.0004319021870976856
2017-01-08 10:00:00,0.38917158901290116,-0.00014248010729136295
2017-01-08 10:00:00,-0.4848941001769633,0.003144526842172192
2017-01-08 10:00:00,-1.4803577524938214,0.013642517739098161
2017-01-08 10:00:00,1.8108669520964806,-0.001415031242192049
2017-01-08 10:00:00,0.15301220540966254,-1.5448525823992087e-05
2017-01-08 10:00:00,1.8503337515800635,3.966980500770031e-05
2017-01-08 10:00:00,2.202269082876034,-0.001410508839460216
2017-01-08 10:00:00,-0.20103645782485935,0.0008576842862263336
2017-01-08 10:00:00,-0.7770596569827188,0.000629181265799458
2017-01-08 10:00:00,0.8213503243825474,-0.001320724713129041
2017-01-08 10:00:00,0.5036299479401146,0.0004203826437576416
2017-01-08 10:00:00,-0.43372006306574273,-0.00044842248472565206
2017-01-08 10:00:00,-0.9401343366370074,0.0008479049658934836
2017-01-08 10:00:00,-1.4740144857892,0.002653466138106175
2017-01-08 10:00:00,-1.5680905187223715,0.002727160204215701
2017-01-08 10:00:00,-0.44786822762140616,0.0004177835033697573
2017-01-08 10:00:00,1.0450816305046517,-0.0007868108164907124
2017-01-08 10:00:00,-0.11116286811360512,-3.1315626783408616e-05
2017-01-08 10:00:00,0.5550652548930899,-0.0008041348365306996
2017-01-08 10:00:00,0.4567586686417006,-0.0004841294139918436
2017-01-08 10:00:00,-0.9187501453681793,0.0007437585025259072
2017-01-08 10:00:00,-0.10402158746585795,-0.007241977124867871
2017-01-08 10:00:00,1.0042746811465897,-0.0020233221817853833
2017-01-08 10:00:00,-1.469263452865462,0.003913038815088958
2017-01-08 10:00:00,-0.2788775716278876,0.002759637867111137
2017-01-08 10:00:00,-0.30528864085696006,0.008209968756544032
2017-01-08 10:00:00,-0.8443357559000075,0.07346200358864945
2017-01-08 10:00:00,0.3807945003680931,0.005226263253482001
2017-01-08 10:00:00,1.1521272186958413,-0.012465657802991562
2017-01-08 10:00:00,-0.2778427506643805,0.003858189123737093
2017-01-08 10:00:00,-0.040821684332737626,-0.044682975047178865
2017-01-08 10:00:00,-0.20940172996015016,0.0035032028855702516
2017-01-08 10:00:00,1.4079035465271665,-0.00362867091460759
2017-01-08 10:00:00,-0.23118455964260914,-0.0007885316145498166
2017-01-08 10:00:00,-0.3087269352912655,-0.00126376811948179
2017-01-08 10:00:00,-0.16086585791981153,0.00031010919903930184
2017-01-08 11:00:00,-0.6063684791084148,0.0010932573273200986
2017-01-08 11:00:00,-0.672642282924462,0.006412241354130029
2017-01-08 11:00:00,0.48600346937988337,-0.008152066589395225
2017-01-08 11:00:00,1.359644991261123,-0.0013432107641545307
2017-01-08 11:00:00,-1.2187591466121637,0.00835320127228302
2017-01-08 11:00:00,0.5044647699511597,-0.012707131568808852
2017-01-08 11:00:00,0.7966543715733732,0.0031894872801431565
2017-01-08 11:00:00,-1.3796554354673463,0.009323887776489941
2017-01-08 11:00:00,-0.17037593908720763,0.001214467147322514
2017-01-08 11:00:00,-0.7536210923634282,0.001311577550024947
2017-01-08 11:00:00,-1.0666469613171257,0.0010460193243026251
2017-01-08 11:00:00,-1.2105165859925846,0.0018331575984282945
2017-01-08 11:00:00,-0.004643236424146851,0.00012823534853070867
2017-01-08 11:00:00,1.436108632188648,-0.6725846586916722
2017-01-08 11:00:00,2.252772236780559,0.7255151310609749
2017-01-08 11:00:00,0.5688167403335683,0.0001956975862502719
2017-01-08 11:00:00,1.4154888926713154,-0.11309983728376431
2017-01-08 11:00:00,-0.6038115617999851,0.0004544669869546612
2017-01-08 11:00:00,-0.25863833183267987,-0.0004364534121339029
2017-01-08 11:00:00,0.5605630785403447,-0.00015082401985776135
2017-01-08 11:00:00,-0.40698887766448893,0.003140734154642011
2017-01-08 11:00:00,-1.4647767079913265,0.013641759201592125
2017-01-08 11:00:00,1.8887721746089552,-0.0014188239297222318
2017-01-08 11:00:00,0.2153363834196421,-1.8482675848136953e-05
2017-01-08 11:00:00,1.9905631521025173,3.284296745337435e-05
2017-01-08 11:00:00,2.404822661408468,-0.0014203698270386885
2017-01-08 11:00:00,-0.07638810180490023,0.0008516159861780421
2017-01-08 11:00:00,-0.7770596569827188,0.000629181265799458
2017-01-08 11:00:00,1.0862280809249616,-0.0013336198507316584
2017-01-08 11:00:00,0.6594403929650634,0.0004127972686972777
2017-01-08 11:00:00,-0.38697692955825813,-0.0004506980972437607
2017-01-08 11:00:00,-0.9557153811395024,0.0008486635033995198
2017-01-08 11:00:00,-1.458433441286705,0.002652707600600139
2017-01-08 11:00:00,-1.5369284297173815,0.0027256431292036285
2017-01-08 11:00:00,-0.36996300510893176,0.0004139908158395762
2017-01-08 11:00:00,1.0450816305046517,-0.0007868108164907124
2017-01-08 11:00:00,-0.04883869010362563,-3.434977680755348e-05
2017-01-08 11:00:00,0.7108756999180387,-0.0008117202115910635
2017-01-08 11:00:00,0.7527985141891033,-0.0004985416266065334
2017-01-08 11:00:00,-0.9187501453681793,0.0007437585025259072
2017-01-08 11:00:00,-0.07285949846086819,-0.007243494199879944
2017-01-08 11:00:00,1.3158955711964886,-0.0020384929319061094
2017-01-08 11:00:00,-1.4381013638604725,0.0039115217400768855
2017-01-08 11:00:00,-0.21655339361790793,0.002756603717086992
2017-01-08 11:00:00,-0.1183161068270213,0.008200866306471596
2017-01-08 11:00:00,-0.782011577890028,0.0734589694386253
2017-01-08 11:00:00,0.6924153904179906,0.005211092503361275
2017-01-08 11:00:00,1.5572343757607083,-0.012485379778148505
2017-01-08 11:00:00,-0.1843564836494111,0.003853637898700876
2017-01-08 11:00:00,0.05266458268223168,-0.04468752627221508
2017-01-08 11:00:00,-0.1159154629451808,0.0034986516605340326
2017-01-08 11:00:00,1.5637139915521154,-0.0036362562896679537
2017-01-08 11:00:00,-0.059793070115165395,-0.0007968755271162167
2017-01-08 11:00:00,-0.012687089743862522,-0.00127818033209648
2017-01-08 11:00:00,0.02610667611012709,0.0003010067489668655
2017-01-08 12:00:00,-0.575206390103425,0.0010917402523080261
2017-01-08 12:00:00,-0.6258991494169774,0.00640996574161192
2017-01-08 12:00:00,0.5794897363948526,-0.008156617814431442
2017-01-08 12:00:00,1.359644991261123,-0.0013432107641545307
2017-01-08 12:00:00,-1.2810833246221434,0.008356235422307165
2017-01-08 12:00:00,0.5044647699511597,-0.012707131568808852
2017-01-08 12:00:00,0.8122354160758681,0.0031887287426371203
2017-01-08 12:00:00,-1.3640743909648516,0.009323129238983905
2017-01-08 12:00:00,-0.24828116159968205,0.0012182598348526952
2017-01-08 12:00:00,-0.7536210923634282,0.001311577550024947
2017-01-08 12:00:00,-0.9887417388046527,0.001042226636772444
2017-01-08 12:00:00,-1.2105165859925846,0.0018331575984282945
2017-01-08 12:00:00,-0.020224280926641722,0.00012899388603674489
2017-01-08 12:00:00,1.545175943706112,-0.6725899684542144
2017-01-08 12:00:00,2.5643931268304567,0.7254999603108542
2017-01-08 12:00:00,0.5999788293385581,0.00019418051123819947
2017-01-08 12:00:00,1.5557182931937694,-0.11310666412131863
2017-01-08 12:00:00,-0.5414873837900055,0.00045143283693051657
2017-01-08 12:00:00,-0.25863833183267987,-0.0004364534121339029
2017-01-08 12:00:00,0.5761441230428396,-0.00015158255736379757
2017-01-08 12:00:00,-0.37582678865949914,0.0031392170796299386
2017-01-08 12:00:00,-1.4647767079913265,0.013641759201592125
2017-01-08 12:00:00,1.9822584416239246,-0.001423375154758449
2017-01-08 12:00:00,0.2153363834196421,-1.8482675848136953e-05
2017-01-08 12:00:00,1.6789422620526195,4.801371757410042e-05
2017-01-08 12:00:00,2.4204037059109624,-0.0014211283645447247
2017-01-08 12:00:00,-0.13871227981487982,0.0008546501362021887
2017-01-08 12:00:00,-0.8393838349926984,0.0006322154158236029
2017-01-08 12:00:00,0.9927418139099913,-0.0013290686256954393
2017-01-08 12:00:00,0.7685077044825276,0.0004074875061550242
2017-01-08 12:00:00,-0.38697692955825813,-0.0004506980972437607
2017-01-08 12:00:00,-0.9712964256419971,0.000849422040905556
2017-01-08 12:00:00,-1.458433441286705,0.002652707600600139
2017-01-08 12:00:00,-1.490185296209897,0.00272336751668552
2017-01-08 12:00:00,-0.4167061386164164,0.00041626642835768487
2017-01-08 12:00:00,1.1541489420221158,-0.0007921205790329659
2017-01-08 12:00:00,-0.04883869010362563,-3.434977680755348e-05
2017-01-08 12:00:00,0.8355240559379978,-0.0008177885116393532
2017-01-08 12:00:00,0.783960603194093,-0.0005000587016186058
2017-01-08 12:00:00,-0.9031691008656846,0.000742999965019871
2017-01-08 12:00:00,-0.18192680997833244,-0.007238184437337689
2017-01-08 12:00:00,1.393800793708963,-0.0020422856194362905
2017-01-08 12:00:00,-1.4381013638604725,0.0039115217400768855
2017-01-08 12:00:00,-0.1542292156079284,0.002753569567062847
2017-01-08 12:00:00,-0.18064028483700087,0.008203900456495742
2017-01-08 12:00:00,-0.7508494888850382,0.07345745236361323
2017-01-08 12:00:00,0.5989291234030213,0.005215643728397494
2017-01-08 12:00:00,1.588396464765698,-0.012486896853160578
2017-01-08 12:00:00,-0.21551857265440086,0.0038551549737129483
2017-01-08 12:00:00,0.0838266716872215,-0.044689043347227154
2017-01-08 12:00:00,-0.08475337394019104,0.00349713458552196
2017-01-08 12:00:00,1.485808769039641,-0.0036324636021377726
2017-01-08 12:00:00,-0.044212025612670534,-0.0007976340646222529
2017-01-08 12:00:00,-0.012687089743862522,-0.00127818033209648
2017-01-08 12:00:00,0.02610667611012709,0.0003010067489668655
2017-01-08 13:00:00,-0.6842737016208893,0.0010970500148502797
2017-01-08 13:00:00,-0.672642282924462,0.006412241354130029
2017-01-08 13:00:00,0.48600346937988337,-0.008152066589395225
2017-01-08 13:00:00,1.1570914127286893,-0.0013333497765760582
2017-01-08 13:00:00,-1.3122454136271329,0.008357752497319237
2017-01-08 13:00:00,0.5044647699511597,-0.012707131568808852
2017-01-08 13:00:00,0.5629387040359499,0.003200865342733702
2017-01-08 13:00:00,-1.3640743909648516,0.009323129238983905
2017-01-08 13:00:00,-0.3885105621221362,0.0012250866724070229
2017-01-08 13:00:00,-0.8782694483833874,0.0013176458500732367
2017-01-08 13:00:00,-0.9887417388046527,0.001042226636772444
2017-01-08 13:00:00,-1.2105165859925846,0.0018331575984282945
2017-01-08 13:00:00,0.07326198608832762,0.00012444266100052585
2017-01-08 13:00:00,1.3426223651736786,-0.6725801074666359
2017-01-08 13:00:00,2.2839343257855487,0.7255136139859628
2017-01-08 13:00:00,0.6623030073485376,0.00019114636121405287
2017-01-08 13:00:00,1.5245562041887797,-0.11310514704630656
2017-01-08 13:00:00,-0.4791632057800258,0.00044839868690636997
2017-01-08 13:00:00,-0.2430572873301848,-0.0004372119496399391
2017-01-08 13:00:00,0.4670768115253756,-0.00014627279482154406
2017-01-08 13:00:00,-0.391407833161994,0.003139975617135975
2017-01-08 13:00:00,-1.4647767079913265,0.013641759201592125
2017-01-08 13:00:00,2.044582619633903,-0.001426409304782594
2017-01-08 13:00:00,0.32440369493710614,-2.3792438390392203e-05
2017-01-08 13:00:00,1.3205782384952374,6.546008021293513e-05
2017-01-08 13:00:00,2.4204037059109624,-0.0014211283645447247
2017-01-08 13:00:00,-0.13871227981487982,0.0008546501362021887
2017-01-08 13:00:00,-0.8393838349926984,0.0006322154158236029
2017-01-08 13:00:00,1.0083228584124861,-0.0013298271632014756
2017-01-08 13:00:00,0.6594403929650634,0.0004127972686972777
2017-01-08 13:00:00,-0.38697692955825813,-0.0004506980972437607
2017-01-08 13:00:00,-0.9712964256419971,0.000849422040905556
2017-01-08 13:00:00,-1.4740144857892,0.002653466138106175
2017-01-08 13:00:00,-1.3032127621799583,0.0027142650666130853
2017-01-08 13:00:00,-0.36996300510893176,0.0004139908158395762
2017-01-08 13:00:00,0.9827574524946708,-0.0007837766664665658
2017-01-08 13:00:00,-0.2046491351285745,-2.6764401747189583e-05
2017-01-08 13:00:00,0.7576188334255234,-0.0008139958241091722
2017-01-08 13:00:00,0.7527985141891033,-0.0004985416266065334
2017-01-08 13:00:00,-0.9031691008656846,0.000742999965019871
2017-01-08 13:00:00,-0.19750785448082733,-0.007237425899831652
2017-01-08 13:00:00,1.3003145266939935,-0.002037734394400073
2017-01-08 13:00:00,-1.4381013638604725,0.0039115217400768855
2017-01-08 13:00:00,-0.16981026011042327,0.0027543281045688834
2017-01-08 13:00:00,-0.36761281886693964,0.008213002906568177
2017-01-08 13:00:00,-0.782011577890028,0.0734589694386253
2017-01-08 13:00:00,0.4742807673830624,0.005221712028445784
2017-01-08 13:00:00,1.463748108745739,-0.012480828553112288
2017-01-08 13:00:00,-0.2778427506643805,0.003858189123737093
2017-01-08 13:00:00,0.021502493677241892,-0.04468600919720301
2017-01-08 13:00:00,-0.08475337394019104,0.00349713458552196
2017-01-08 13:00:00,1.501389813542136,-0.003633222139643809
2017-01-08 13:00:00,-0.059793070115165395,-0.0007968755271162167
2017-01-08 13:00:00,0.04963708826611702,-0.0012812144821206248
2017-01-08 13:00:00,0.010525631607632186,0.0003017652864729017
2017-01-08 14:00:00,-0.715435790625879,0.001098567089862352
2017-01-08 14:00:00,-0.7349664609344416,0.006415275504154174
2017-01-08 14:00:00,0.4704224248773885,-0.008151308051889189
2017-01-08 14:00:00,1.0324430567087304,-0.0013272814765277685
2017-01-08 14:00:00,-1.3122454136271329,0.008357752497319237
2017-01-08 14:00:00,0.5512079034586441,-0.012709407181326961
2017-01-08 14:00:00,0.4694524370209808,0.003205416567769919
2017-01-08 14:00:00,-1.3952364799698413,0.009324646313995977
2017-01-08 14:00:00,-0.419672651127126,0.0012266037474190953
2017-01-08 14:00:00,-0.9094315373883771,0.0013191629250853092
2017-01-08 14:00:00,-1.0043227833071464,0.0010429851742784803
2017-01-08 14:00:00,-1.2572597195000692,0.0018354332109464032
2017-01-08 14:00:00,0.07326198608832762,0.00012444266100052585
2017-01-08 14:00:00,1.0621635641287708,-0.6725664537915272
2017-01-08 14:00:00,2.1592859697655897,0.725519682286011
2017-01-08 14:00:00,0.6934650963535274,0.00018962928620198043
2017-01-08 14:00:00,1.368745759163831,-0.1130975616712462
2017-01-08 14:00:00,-0.5259063392875106,0.00045067429942448036
2017-01-08 14:00:00,-0.1184089313102258,-0.00044328024968822886
2017-01-08 14:00:00,0.4982389005303654,-0.0001477898698336165
2017-01-08 14:00:00,-0.43815096666947867,0.0031422512296540835
2017-01-08 14:00:00,-1.4491956634888319,0.013641000664086089
2017-01-08 14:00:00,2.1380688866488726,-0.0014309605298188112
2017-01-08 14:00:00,0.3555657839420959,-2.5309513402464636e-05
2017-01-08 14:00:00,1.258254060485258,6.849423023708e-05
2017-01-08 14:00:00,2.5450520619309214,-0.0014271966645930145
2017-01-08 14:00:00,-0.10755019080988999,0.0008531330611901146
2017-01-08 14:00:00,-0.886126968500183,0.0006344910283417115
2017-01-08 14:00:00,1.1329712144324464,-0.001335895463249767
2017-01-08 14:00:00,0.6126972594575788,0.0004150728812153881
2017-01-08 14:00:00,-0.29349066254328876,-0.000455249322279978
2017-01-08 14:00:00,-0.9712964256419971,0.000849422040905556
2017-01-08 14:00:00,-1.4740144857892,0.002653466138106175
2017-01-08 14:00:00,-1.225307539667484,0.0027104723790829024
2017-01-08 14:00:00,-0.35438196060643684,0.00041323227833354
2017-01-08 14:00:00,1.1074058085146312,-0.0007898449665148572
2017-01-08 14:00:00,-0.2981354021435439,-2.2213176710972283e-05
2017-01-08 14:00:00,0.6952946554155438,-0.0008109616740850273
2017-01-08 14:00:00,0.799541647696588,-0.000500817239124642
2017-01-08 14:00:00,-0.9031691008656846,0.000742999965019871
2017-01-08 14:00:00,-0.07285949846086819,-0.007243494199879944
2017-01-08 14:00:00,1.269152437689004,-0.0020362173193880007
2017-01-08 14:00:00,-1.469263452865462,0.003913038815088958
2017-01-08 14:00:00,0.0015812294170204542,0.0027459841920024837
2017-01-08 14:00:00,-0.39877490787192943,0.00821451998158025
2017-01-08 14:00:00,-0.8131736668950178,0.07346048651363737
2017-01-08 14:00:00,0.4431186783780727,0.005223229103457856
2017-01-08 14:00:00,1.5572343757607083,-0.012485379778148505
2017-01-08 14:00:00,-0.2778427506643805,0.003858189123737093
2017-01-08 14:00:00,0.021502493677241892,-0.04468600919720301
2017-01-08 14:00:00,-0.08475337394019104,0.00349713458552196
2017-01-08 14:00:00,1.4546466800346514,-0.0036309465271256985
2017-01-08 14:00:00,-0.044212025612670534,-0.0007976340646222529
2017-01-08 14:00:00,-0.04384917874885229,-0.0012766632570844075
2017-01-08 14:00:00,0.010525631607632186,0.0003017652864729017
2017-01-08 15:00:00,-0.7310168351283739,0.0010993256273683883
2017-01-08 15:00:00,-0.7505475054369365,0.00641603404166021
2017-01-08 15:00:00,0.48600346937988337,-0.008152066589395225
2017-01-08 15:00:00,0.9701188786987494,-0.0013242473265036218
2017-01-08 15:00:00,-1.3122454136271329,0.008357752497319237
2017-01-08 15:00:00,0.6135320814686238,-0.012712441331351106
2017-01-08 15:00:00,0.4071282590110013,0.003208450717794064
2017-01-08 15:00:00,-1.4108175244723362,0.009325404851502014
2017-01-08 15:00:00,-0.4508347401321157,0.0012281208224311677
2017-01-08 15:00:00,-0.9250125818908719,0.0013199214625913454
2017-01-08 15:00:00,-1.0510659168146308,0.001045260786796589
2017-01-08 15:00:00,-1.2572597195000692,0.0018354332109464032
2017-01-08 15:00:00,-0.03580532542913661,0.0001297524235427811
2017-01-08 15:00:00,0.9063531191038204,-0.6725588684164668
2017-01-08 15:00:00,2.1592859697655897,0.725519682286011
2017-01-08 15:00:00,0.8025324078709916,0.00018431952365972692
2017-01-08 15:00:00,1.368745759163831,-0.1130975616712462
2017-01-08 15:00:00,-0.3700958942625616,0.0004430889243641167
2017-01-08 15:00:00,-0.1184089313102258,-0.00044328024968822886
2017-01-08 15:00:00,0.5761441230428396,-0.00015158255736379757
2017-01-08 15:00:00,-0.5004751446794583,0.0031452853796782284
2017-01-08 15:00:00,-1.4647767079913265,0.013641759201592125
2017-01-08 15:00:00,2.2471361981663365,-0.0014362702923610665
2017-01-08 15:00:00,0.44905205095706524,-2.9860738438682152e-05
2017-01-08 15:00:00,1.242673015982763,6.925276774311621e-05
2017-01-08 15:00:00,2.7008625069558705,-0.0014347820396533784
2017-01-08 15:00:00,-0.060807057302405376,0.0008508574486720059
2017-01-08 15:00:00,-1.010775324520141,0.000640559328390003
2017-01-08 15:00:00,1.1641333034374362,-0.0013374125382618395
2017-01-08 15:00:00,0.5659541259500941,0.00041734849373349674
2017-01-08 15:00:00,-0.262328573538299,-0.0004567663972920505
2017-01-08 15:00:00,-0.9557153811395024,0.0008486635033995198
2017-01-08 15:00:00,-1.4740144857892,0.002653466138106175
2017-01-08 15:00:00,-1.225307539667484,0.0027104723790829024
2017-01-08 15:00:00,-0.338800916103942,0.0004124737408275038
2017-01-08 15:00:00,1.1074058085146312,-0.0007898449665148572
2017-01-08 15:00:00,-0.3292974911485337,-2.069610169889985e-05
2017-01-08 15:00:00,0.7420377889230285,-0.0008132372866031359
2017-01-08 15:00:00,0.8774468702090624,-0.0005046099266548231
2017-01-08 15:00:00,-0.8096828338507153,0.000738448739983652
2017-01-08 15:00:00,-0.04169740945587845,-0.007245011274892016
2017-01-08 15:00:00,1.1756661706740346,-0.0020316660943517834
2017-01-08 15:00:00,-1.469263452865462,0.003913038815088958
2017-01-08 15:00:00,-0.04516190409046418,0.002748259804520592
2017-01-08 15:00:00,-0.39877490787192943,0.00821451998158025
2017-01-08 15:00:00,-0.8443357559000075,0.07346200358864945
2017-01-08 15:00:00,0.41195658937308294,0.005224746178469929
2017-01-08 15:00:00,1.5572343757607083,-0.012485379778148505
2017-01-08 15:00:00,-0.30900483966937026,0.0038597061987491656
2017-01-08 15:00:00,-0.040821684332737626,-0.044682975047178865
2017-01-08 15:00:00,-0.08475337394019104,0.00349713458552196
2017-01-08 15:00:00,1.361160413019682,-0.003626395302089481
2017-01-08 15:00:00,-0.09095515912015514,-0.0007953584521041443
2017-01-08 15:00:00,-0.04384917874885229,-0.0012766632570844075
2017-01-08 15:00:00,-0.12970376891482177,0.0003085921240272294
2017-01-08 16:00:00,-0.7621789241333637,0.0011008427023804607
2017-01-08 16:00:00,-0.7661285499394315,0.006416792579166246
2017-01-08 16:00:00,0.5639086918923577,-0.008155859276925406
2017-01-08 16:00:00,1.4063881247686074,-0.0013454863766726394
2017-01-08 16:00:00,-1.3122454136271329,0.008357752497319237
2017-01-08 16:00:00,0.5667889479611391,-0.012710165718832997
2017-01-08 16:00:00,0.37596617000601146,0.0032099677928061365
2017-01-08 16:00:00,-1.3952364799698413,0.009324646313995977
2017-01-08 16:00:00,-0.4664157846346106,0.001228879359937204
2017-01-08 16:00:00,-0.9250125818908719,0.0013199214625913454
2017-01-08 16:00:00,-1.0978090503221154,0.0010475363993146976
2017-01-08 16:00:00,-1.2884218085050592,0.0018369502859584756
2017-01-08 16:00:00,-0.06696741443412635,0.00013126949855485354
2017-01-08 16:00:00,0.9063531191038204,-0.6725588684164668
2017-01-08 16:00:00,2.00347552474064,0.7255272676610715
2017-01-08 16:00:00,0.880437630383466,0.00018052683612954583
2017-01-08 16:00:00,1.2129353141388821,-0.11308997629618583
2017-01-08 16:00:00,-0.448001116775036,0.00044688161189429754
2017-01-08 16:00:00,-0.1184089313102258,-0.00044328024968822886
2017-01-08 16:00:00,0.5761441230428396,-0.00015158255736379757
2017-01-08 16:00:00,-0.6095424561969226,0.0031505951422204836
2017-01-08 16:00:00,-1.4647767079913265,0.013641759201592125
2017-01-08 16:00:00,2.1848120201563574,-0.0014332361423369199
2017-01-08 16:00:00,0.480214139962055,-3.1377813450754585e-05
2017-01-08 16:00:00,1.0868625709578141,7.683814280347838e-05
2017-01-08 16:00:00,2.6229572844433964,-0.0014309893521231973
2017-01-08 16:00:00,-0.07638810180490023,0.0008516159861780421
2017-01-08 16:00:00,-0.9796132355151524,0.0006390422533779305
2017-01-08 16:00:00,1.1485522589349413,-0.0013366540007558032
2017-01-08 16:00:00,0.5503730814475992,0.00041810703123953296
2017-01-08 16:00:00,-0.262328573538299,-0.0004567663972920505
2017-01-08 16:00:00,-1.0180395591494804,0.0008516976534236647
2017-01-08 16:00:00,-1.4428523967842104,0.0026519490630941027
2017-01-08 16:00:00,-1.209726495164989,0.0027097138415768662
2017-01-08 16:00:00,-0.3232198716014471,0.00041171520332146757
2017-01-08 16:00:00,0.9048522299821964,-0.0007799839789363847
2017-01-08 16:00:00,-0.3137164466460388,-2.1454639204936067e-05
2017-01-08 16:00:00,0.6952946554155438,-0.0008109616740850273
2017-01-08 16:00:00,0.8462847812040726,-0.0005030928516427507
2017-01-08 16:00:00,-0.7785207448457254,0.0007369316649715796
2017-01-08 16:00:00,-0.10402158746585795,-0.007241977124867871
2017-01-08 16:00:00,1.1445040816690448,-0.002030149019339711
2017-01-08 16:00:00,-1.469263452865462,0.003913038815088958
2017-01-08 16:00:00,-0.04516190409046418,0.002748259804520592
2017-01-08 16:00:00,-0.4610990858819089,0.008217554131604394
2017-01-08 16:00:00,-0.8443357559000075,0.07346200358864945
2017-01-08 16:00:00,0.34963241136310336,0.0052277803284940735
2017-01-08 16:00:00,1.463748108745739,-0.012480828553112288
2017-01-08 16:00:00,-0.34016692867436005,0.003861223273761238
2017-01-08 16:00:00,-0.07198377333772736,-0.04468145797216679
2017-01-08 16:00:00,-0.05359128493520131,0.0034956175105098877
2017-01-08 16:00:00,1.2520931015022176,-0.0036210855395472277
2017-01-08 16:00:00,-0.13769829262763986,-0.0007930828395860339
2017-01-08 16:00:00,-0.13733544576382162,-0.0012721120320481885
2017-01-08 16:00:00,-0.09854167990983195,0.00030707504901515524
2017-01-08 17:00:00,-0.7465978796308688,0.0011000841648744245
2017-01-08 17:00:00,-0.7817095944419262,0.006417551116672283
2017-01-08 17:00:00,0.7664622704247912,-0.008165720264503878
2017-01-08 17:00:00,2.6684527294706917,-0.0014069279146615781
2017-01-08 17:00:00,-1.327826458129628,0.008358511034825274
2017-01-08 17:00:00,0.44214059194118016,-0.012704097418784708
2017-01-08 17:00:00,0.2513178139860524,0.003216036092854426
2017-01-08 17:00:00,-1.4108175244723362,0.009325404851502014
2017-01-08 17:00:00,-0.4819968291371055,0.0012296378974432402
2017-01-08 17:00:00,-0.9094315373883771,0.0013191629250853092
2017-01-08 17:00:00,-1.0978090503221154,0.0010475363993146976
2017-01-08 17:00:00,-1.2884218085050592,0.0018369502859584756
